ISO-10303-21;
HEADER;
FILE_DESCRIPTION(('KiCad electronic assembly'),'2;1');
FILE_NAME('CapstoneMCU.step','2025-03-10T17:00:20',('Pcbnew'),('Kicad'),
  'Open CASCADE STEP processor 7.8','KiCad to STEP converter','Unknown'
  );
FILE_SCHEMA(('AUTOMOTIVE_DESIGN { 1 0 10303 214 1 1 1 1 }'));
ENDSEC;
DATA;
#1 = APPLICATION_PROTOCOL_DEFINITION('international standard',
  'automotive_design',2000,#2);
#2 = APPLICATION_CONTEXT(
  'core data for automotive mechanical design processes');
#3 = SHAPE_DEFINITION_REPRESENTATION(#4,#10);
#4 = PRODUCT_DEFINITION_SHAPE('','',#5);
#5 = PRODUCT_DEFINITION('design','',#6,#9);
#6 = PRODUCT_DEFINITION_FORMATION('','',#7);
#7 = PRODUCT('CapstoneMCU 1','CapstoneMCU 1','',(#8));
#8 = PRODUCT_CONTEXT('',#2,'mechanical');
#9 = PRODUCT_DEFINITION_CONTEXT('part definition',#2,'design');
#10 = SHAPE_REPRESENTATION('',(#11,#15,#19,#23,#27,#31,#35,#39,#43),#47
  );
#11 = AXIS2_PLACEMENT_3D('',#12,#13,#14);
#12 = CARTESIAN_POINT('',(0.,0.,0.));
#13 = DIRECTION('',(0.,0.,1.));
#14 = DIRECTION('',(1.,0.,-0.));
#15 = AXIS2_PLACEMENT_3D('',#16,#17,#18);
#16 = CARTESIAN_POINT('',(159.131,-66.548,1.65));
#17 = DIRECTION('',(0.,0.,1.));
#18 = DIRECTION('',(1.,0.,0.));
#19 = AXIS2_PLACEMENT_3D('',#20,#21,#22);
#20 = CARTESIAN_POINT('',(159.258,-57.145,1.65));
#21 = DIRECTION('',(0.,0.,1.));
#22 = DIRECTION('',(1.,0.,0.));
#23 = AXIS2_PLACEMENT_3D('',#24,#25,#26);
#24 = CARTESIAN_POINT('',(151.765,-66.548,1.65));
#25 = DIRECTION('',(0.,0.,1.));
#26 = DIRECTION('',(1.,0.,0.));
#27 = AXIS2_PLACEMENT_3D('',#28,#29,#30);
#28 = CARTESIAN_POINT('',(151.638,-57.145,1.65));
#29 = DIRECTION('',(0.,0.,1.));
#30 = DIRECTION('',(1.,0.,0.));
#31 = AXIS2_PLACEMENT_3D('',#32,#33,#34);
#32 = CARTESIAN_POINT('',(199.136,-108.966,1.65));
#33 = DIRECTION('',(0.,0.,1.));
#34 = DIRECTION('',(-1.,1.224646799147E-16,0.));
#35 = AXIS2_PLACEMENT_3D('',#36,#37,#38);
#36 = CARTESIAN_POINT('',(173.482,-107.442,1.65));
#37 = DIRECTION('',(0.,-0.,1.));
#38 = DIRECTION('',(1.110223024625E-16,1.,0.));
#39 = AXIS2_PLACEMENT_3D('',#40,#41,#42);
#40 = CARTESIAN_POINT('',(167.137,-107.188,1.65));
#41 = DIRECTION('',(-0.,0.,1.));
#42 = DIRECTION('',(1.110223024625E-16,-1.,0.));
#43 = AXIS2_PLACEMENT_3D('',#44,#45,#46);
#44 = CARTESIAN_POINT('',(0.,0.,0.));
#45 = DIRECTION('',(0.,0.,1.));
#46 = DIRECTION('',(1.,0.,-0.));
#47 = ( GEOMETRIC_REPRESENTATION_CONTEXT(3) 
GLOBAL_UNCERTAINTY_ASSIGNED_CONTEXT((#51)) GLOBAL_UNIT_ASSIGNED_CONTEXT(
(#48,#49,#50)) REPRESENTATION_CONTEXT('Context #1',
  '3D Context with UNIT and UNCERTAINTY') );
#48 = ( LENGTH_UNIT() NAMED_UNIT(*) SI_UNIT(.MILLI.,.METRE.) );
#49 = ( NAMED_UNIT(*) PLANE_ANGLE_UNIT() SI_UNIT($,.RADIAN.) );
#50 = ( NAMED_UNIT(*) SI_UNIT($,.STERADIAN.) SOLID_ANGLE_UNIT() );
#51 = UNCERTAINTY_MEASURE_WITH_UNIT(LENGTH_MEASURE(1.E-07),#48,
  'distance_accuracy_value','confusion accuracy');
#52 = PRODUCT_RELATED_PRODUCT_CATEGORY('part',$,(#7));
#53 = SHAPE_DEFINITION_REPRESENTATION(#54,#60);
#54 = PRODUCT_DEFINITION_SHAPE('','',#55);
#55 = PRODUCT_DEFINITION('design','',#56,#59);
#56 = PRODUCT_DEFINITION_FORMATION('','',#57);
#57 = PRODUCT('PinHeader_1x02_P2.54mm_Vertical',
  'PinHeader_1x02_P2.54mm_Vertical','',(#58));
#58 = PRODUCT_CONTEXT('',#2,'mechanical');
#59 = PRODUCT_DEFINITION_CONTEXT('part definition',#2,'design');
#60 = SHAPE_REPRESENTATION('',(#11,#61),#65);
#61 = AXIS2_PLACEMENT_3D('',#62,#63,#64);
#62 = CARTESIAN_POINT('',(0.,0.,0.));
#63 = DIRECTION('',(0.,0.,1.));
#64 = DIRECTION('',(1.,0.,-0.));
#65 = ( GEOMETRIC_REPRESENTATION_CONTEXT(3) 
GLOBAL_UNCERTAINTY_ASSIGNED_CONTEXT((#69)) GLOBAL_UNIT_ASSIGNED_CONTEXT(
(#66,#67,#68)) REPRESENTATION_CONTEXT('Context #1',
  '3D Context with UNIT and UNCERTAINTY') );
#66 = ( LENGTH_UNIT() NAMED_UNIT(*) SI_UNIT(.MILLI.,.METRE.) );
#67 = ( NAMED_UNIT(*) PLANE_ANGLE_UNIT() SI_UNIT($,.RADIAN.) );
#68 = ( NAMED_UNIT(*) SI_UNIT($,.STERADIAN.) SOLID_ANGLE_UNIT() );
#69 = UNCERTAINTY_MEASURE_WITH_UNIT(LENGTH_MEASURE(1.E-07),#66,
  'distance_accuracy_value','confusion accuracy');
#70 = CONTEXT_DEPENDENT_SHAPE_REPRESENTATION(#71,#73);
#71 = ( REPRESENTATION_RELATIONSHIP('','',#60,#10) 
REPRESENTATION_RELATIONSHIP_WITH_TRANSFORMATION(#72) 
SHAPE_REPRESENTATION_RELATIONSHIP() );
#72 = ITEM_DEFINED_TRANSFORMATION('','',#11,#15);
#73 = PRODUCT_DEFINITION_SHAPE('Placement','Placement of an item',#74);
#74 = NEXT_ASSEMBLY_USAGE_OCCURRENCE('2','3V3','',#5,#55,$);
#75 = PRODUCT_RELATED_PRODUCT_CATEGORY('part',$,(#57));
#76 = SHAPE_DEFINITION_REPRESENTATION(#77,#83);
#77 = PRODUCT_DEFINITION_SHAPE('','',#78);
#78 = PRODUCT_DEFINITION('design','',#79,#82);
#79 = PRODUCT_DEFINITION_FORMATION('','',#80);
#80 = PRODUCT('PinHeader_1x02_P254mm_Vertical',
  'PinHeader_1x02_P254mm_Vertical','',(#81));
#81 = PRODUCT_CONTEXT('',#2,'mechanical');
#82 = PRODUCT_DEFINITION_CONTEXT('part definition',#2,'design');
#83 = ADVANCED_BREP_SHAPE_REPRESENTATION('',(#11,#84),#1516);
#84 = MANIFOLD_SOLID_BREP('',#85);
#85 = CLOSED_SHELL('',(#86,#126,#157,#188,#353,#518,#535,#552,#569,#586,
    #603,#620,#637,#654,#671,#688,#700,#731,#755,#779,#796,#827,#851,
    #875,#892,#923,#947,#971,#988,#1019,#1043,#1067,#1084,#1115,#1139,
    #1163,#1180,#1211,#1235,#1259,#1276,#1307,#1331,#1355,#1372,#1403,
    #1427,#1451,#1468,#1480,#1492,#1504));
#86 = ADVANCED_FACE('',(#87),#121,.F.);
#87 = FACE_BOUND('',#88,.F.);
#88 = EDGE_LOOP('',(#89,#99,#107,#115));
#89 = ORIENTED_EDGE('',*,*,#90,.T.);
#90 = EDGE_CURVE('',#91,#93,#95,.T.);
#91 = VERTEX_POINT('',#92);
#92 = CARTESIAN_POINT('',(-1.016,1.27,0.));
#93 = VERTEX_POINT('',#94);
#94 = CARTESIAN_POINT('',(-1.016,1.27,2.54));
#95 = LINE('',#96,#97);
#96 = CARTESIAN_POINT('',(-1.016,1.27,0.));
#97 = VECTOR('',#98,1.);
#98 = DIRECTION('',(0.,0.,1.));
#99 = ORIENTED_EDGE('',*,*,#100,.T.);
#100 = EDGE_CURVE('',#93,#101,#103,.T.);
#101 = VERTEX_POINT('',#102);
#102 = CARTESIAN_POINT('',(-1.27,1.016,2.54));
#103 = LINE('',#104,#105);
#104 = CARTESIAN_POINT('',(-1.016,1.27,2.54));
#105 = VECTOR('',#106,1.);
#106 = DIRECTION('',(-0.707106781187,-0.707106781187,0.));
#107 = ORIENTED_EDGE('',*,*,#108,.F.);
#108 = EDGE_CURVE('',#109,#101,#111,.T.);
#109 = VERTEX_POINT('',#110);
#110 = CARTESIAN_POINT('',(-1.27,1.016,0.));
#111 = LINE('',#112,#113);
#112 = CARTESIAN_POINT('',(-1.27,1.016,0.));
#113 = VECTOR('',#114,1.);
#114 = DIRECTION('',(0.,0.,1.));
#115 = ORIENTED_EDGE('',*,*,#116,.F.);
#116 = EDGE_CURVE('',#91,#109,#117,.T.);
#117 = LINE('',#118,#119);
#118 = CARTESIAN_POINT('',(-1.016,1.27,0.));
#119 = VECTOR('',#120,1.);
#120 = DIRECTION('',(-0.707106781187,-0.707106781187,0.));
#121 = PLANE('',#122);
#122 = AXIS2_PLACEMENT_3D('',#123,#124,#125);
#123 = CARTESIAN_POINT('',(-1.016,1.27,0.));
#124 = DIRECTION('',(0.707106781187,-0.707106781187,0.));
#125 = DIRECTION('',(-0.707106781187,-0.707106781187,0.));
#126 = ADVANCED_FACE('',(#127),#152,.F.);
#127 = FACE_BOUND('',#128,.F.);
#128 = EDGE_LOOP('',(#129,#139,#145,#146));
#129 = ORIENTED_EDGE('',*,*,#130,.T.);
#130 = EDGE_CURVE('',#131,#133,#135,.T.);
#131 = VERTEX_POINT('',#132);
#132 = CARTESIAN_POINT('',(1.016,1.27,0.));
#133 = VERTEX_POINT('',#134);
#134 = CARTESIAN_POINT('',(1.016,1.27,2.54));
#135 = LINE('',#136,#137);
#136 = CARTESIAN_POINT('',(1.016,1.27,0.));
#137 = VECTOR('',#138,1.);
#138 = DIRECTION('',(0.,0.,1.));
#139 = ORIENTED_EDGE('',*,*,#140,.T.);
#140 = EDGE_CURVE('',#133,#93,#141,.T.);
#141 = LINE('',#142,#143);
#142 = CARTESIAN_POINT('',(1.016,1.27,2.54));
#143 = VECTOR('',#144,1.);
#144 = DIRECTION('',(-1.,0.,0.));
#145 = ORIENTED_EDGE('',*,*,#90,.F.);
#146 = ORIENTED_EDGE('',*,*,#147,.F.);
#147 = EDGE_CURVE('',#131,#91,#148,.T.);
#148 = LINE('',#149,#150);
#149 = CARTESIAN_POINT('',(1.016,1.27,0.));
#150 = VECTOR('',#151,1.);
#151 = DIRECTION('',(-1.,0.,0.));
#152 = PLANE('',#153);
#153 = AXIS2_PLACEMENT_3D('',#154,#155,#156);
#154 = CARTESIAN_POINT('',(1.016,1.27,0.));
#155 = DIRECTION('',(0.,-1.,0.));
#156 = DIRECTION('',(-1.,0.,0.));
#157 = ADVANCED_FACE('',(#158),#183,.F.);
#158 = FACE_BOUND('',#159,.F.);
#159 = EDGE_LOOP('',(#160,#161,#169,#177));
#160 = ORIENTED_EDGE('',*,*,#108,.T.);
#161 = ORIENTED_EDGE('',*,*,#162,.T.);
#162 = EDGE_CURVE('',#101,#163,#165,.T.);
#163 = VERTEX_POINT('',#164);
#164 = CARTESIAN_POINT('',(-1.27,-1.016,2.54));
#165 = LINE('',#166,#167);
#166 = CARTESIAN_POINT('',(-1.27,1.016,2.54));
#167 = VECTOR('',#168,1.);
#168 = DIRECTION('',(0.,-1.,0.));
#169 = ORIENTED_EDGE('',*,*,#170,.F.);
#170 = EDGE_CURVE('',#171,#163,#173,.T.);
#171 = VERTEX_POINT('',#172);
#172 = CARTESIAN_POINT('',(-1.27,-1.016,0.));
#173 = LINE('',#174,#175);
#174 = CARTESIAN_POINT('',(-1.27,-1.016,0.));
#175 = VECTOR('',#176,1.);
#176 = DIRECTION('',(0.,0.,1.));
#177 = ORIENTED_EDGE('',*,*,#178,.F.);
#178 = EDGE_CURVE('',#109,#171,#179,.T.);
#179 = LINE('',#180,#181);
#180 = CARTESIAN_POINT('',(-1.27,1.016,0.));
#181 = VECTOR('',#182,1.);
#182 = DIRECTION('',(0.,-1.,0.));
#183 = PLANE('',#184);
#184 = AXIS2_PLACEMENT_3D('',#185,#186,#187);
#185 = CARTESIAN_POINT('',(-1.27,1.016,0.));
#186 = DIRECTION('',(1.,0.,0.));
#187 = DIRECTION('',(0.,-1.,0.));
#188 = ADVANCED_FACE('',(#189,#280,#314),#348,.F.);
#189 = FACE_BOUND('',#190,.F.);
#190 = EDGE_LOOP('',(#191,#192,#193,#201,#209,#217,#225,#233,#241,#249,
    #257,#265,#273,#279));
#191 = ORIENTED_EDGE('',*,*,#116,.T.);
#192 = ORIENTED_EDGE('',*,*,#178,.T.);
#193 = ORIENTED_EDGE('',*,*,#194,.T.);
#194 = EDGE_CURVE('',#171,#195,#197,.T.);
#195 = VERTEX_POINT('',#196);
#196 = CARTESIAN_POINT('',(-1.016,-1.27,0.));
#197 = LINE('',#198,#199);
#198 = CARTESIAN_POINT('',(-1.27,-1.016,0.));
#199 = VECTOR('',#200,1.);
#200 = DIRECTION('',(0.707106781187,-0.707106781187,0.));
#201 = ORIENTED_EDGE('',*,*,#202,.T.);
#202 = EDGE_CURVE('',#195,#203,#205,.T.);
#203 = VERTEX_POINT('',#204);
#204 = CARTESIAN_POINT('',(-1.27,-1.524,0.));
#205 = LINE('',#206,#207);
#206 = CARTESIAN_POINT('',(-1.016,-1.27,0.));
#207 = VECTOR('',#208,1.);
#208 = DIRECTION('',(-0.707106781187,-0.707106781187,0.));
#209 = ORIENTED_EDGE('',*,*,#210,.T.);
#210 = EDGE_CURVE('',#203,#211,#213,.T.);
#211 = VERTEX_POINT('',#212);
#212 = CARTESIAN_POINT('',(-1.27,-3.556,0.));
#213 = LINE('',#214,#215);
#214 = CARTESIAN_POINT('',(-1.27,-1.524,0.));
#215 = VECTOR('',#216,1.);
#216 = DIRECTION('',(0.,-1.,0.));
#217 = ORIENTED_EDGE('',*,*,#218,.T.);
#218 = EDGE_CURVE('',#211,#219,#221,.T.);
#219 = VERTEX_POINT('',#220);
#220 = CARTESIAN_POINT('',(-1.016,-3.81,0.));
#221 = LINE('',#222,#223);
#222 = CARTESIAN_POINT('',(-1.27,-3.556,0.));
#223 = VECTOR('',#224,1.);
#224 = DIRECTION('',(0.707106781187,-0.707106781187,0.));
#225 = ORIENTED_EDGE('',*,*,#226,.T.);
#226 = EDGE_CURVE('',#219,#227,#229,.T.);
#227 = VERTEX_POINT('',#228);
#228 = CARTESIAN_POINT('',(1.016,-3.81,0.));
#229 = LINE('',#230,#231);
#230 = CARTESIAN_POINT('',(-1.016,-3.81,0.));
#231 = VECTOR('',#232,1.);
#232 = DIRECTION('',(1.,0.,0.));
#233 = ORIENTED_EDGE('',*,*,#234,.T.);
#234 = EDGE_CURVE('',#227,#235,#237,.T.);
#235 = VERTEX_POINT('',#236);
#236 = CARTESIAN_POINT('',(1.27,-3.556,0.));
#237 = LINE('',#238,#239);
#238 = CARTESIAN_POINT('',(1.016,-3.81,0.));
#239 = VECTOR('',#240,1.);
#240 = DIRECTION('',(0.707106781187,0.707106781187,0.));
#241 = ORIENTED_EDGE('',*,*,#242,.T.);
#242 = EDGE_CURVE('',#235,#243,#245,.T.);
#243 = VERTEX_POINT('',#244);
#244 = CARTESIAN_POINT('',(1.27,-1.524,0.));
#245 = LINE('',#246,#247);
#246 = CARTESIAN_POINT('',(1.27,-3.556,0.));
#247 = VECTOR('',#248,1.);
#248 = DIRECTION('',(0.,1.,0.));
#249 = ORIENTED_EDGE('',*,*,#250,.T.);
#250 = EDGE_CURVE('',#243,#251,#253,.T.);
#251 = VERTEX_POINT('',#252);
#252 = CARTESIAN_POINT('',(1.016,-1.27,0.));
#253 = LINE('',#254,#255);
#254 = CARTESIAN_POINT('',(1.27,-1.524,0.));
#255 = VECTOR('',#256,1.);
#256 = DIRECTION('',(-0.707106781187,0.707106781187,0.));
#257 = ORIENTED_EDGE('',*,*,#258,.T.);
#258 = EDGE_CURVE('',#251,#259,#261,.T.);
#259 = VERTEX_POINT('',#260);
#260 = CARTESIAN_POINT('',(1.27,-1.016,0.));
#261 = LINE('',#262,#263);
#262 = CARTESIAN_POINT('',(1.016,-1.27,0.));
#263 = VECTOR('',#264,1.);
#264 = DIRECTION('',(0.707106781187,0.707106781187,0.));
#265 = ORIENTED_EDGE('',*,*,#266,.T.);
#266 = EDGE_CURVE('',#259,#267,#269,.T.);
#267 = VERTEX_POINT('',#268);
#268 = CARTESIAN_POINT('',(1.27,1.016,0.));
#269 = LINE('',#270,#271);
#270 = CARTESIAN_POINT('',(1.27,-1.016,0.));
#271 = VECTOR('',#272,1.);
#272 = DIRECTION('',(0.,1.,0.));
#273 = ORIENTED_EDGE('',*,*,#274,.T.);
#274 = EDGE_CURVE('',#267,#131,#275,.T.);
#275 = LINE('',#276,#277);
#276 = CARTESIAN_POINT('',(1.27,1.016,0.));
#277 = VECTOR('',#278,1.);
#278 = DIRECTION('',(-0.707106781187,0.707106781187,0.));
#279 = ORIENTED_EDGE('',*,*,#147,.T.);
#280 = FACE_BOUND('',#281,.F.);
#281 = EDGE_LOOP('',(#282,#292,#300,#308));
#282 = ORIENTED_EDGE('',*,*,#283,.T.);
#283 = EDGE_CURVE('',#284,#286,#288,.T.);
#284 = VERTEX_POINT('',#285);
#285 = CARTESIAN_POINT('',(0.32,-0.32,0.));
#286 = VERTEX_POINT('',#287);
#287 = CARTESIAN_POINT('',(-0.32,-0.32,0.));
#288 = LINE('',#289,#290);
#289 = CARTESIAN_POINT('',(-0.16,-0.32,0.));
#290 = VECTOR('',#291,1.);
#291 = DIRECTION('',(-1.,0.,0.));
#292 = ORIENTED_EDGE('',*,*,#293,.T.);
#293 = EDGE_CURVE('',#286,#294,#296,.T.);
#294 = VERTEX_POINT('',#295);
#295 = CARTESIAN_POINT('',(-0.32,0.32,0.));
#296 = LINE('',#297,#298);
#297 = CARTESIAN_POINT('',(-0.32,-0.795,0.));
#298 = VECTOR('',#299,1.);
#299 = DIRECTION('',(0.,1.,0.));
#300 = ORIENTED_EDGE('',*,*,#301,.F.);
#301 = EDGE_CURVE('',#302,#294,#304,.T.);
#302 = VERTEX_POINT('',#303);
#303 = CARTESIAN_POINT('',(0.32,0.32,0.));
#304 = LINE('',#305,#306);
#305 = CARTESIAN_POINT('',(-0.16,0.32,0.));
#306 = VECTOR('',#307,1.);
#307 = DIRECTION('',(-1.,0.,0.));
#308 = ORIENTED_EDGE('',*,*,#309,.F.);
#309 = EDGE_CURVE('',#284,#302,#310,.T.);
#310 = LINE('',#311,#312);
#311 = CARTESIAN_POINT('',(0.32,-0.795,0.));
#312 = VECTOR('',#313,1.);
#313 = DIRECTION('',(0.,1.,0.));
#314 = FACE_BOUND('',#315,.F.);
#315 = EDGE_LOOP('',(#316,#326,#334,#342));
#316 = ORIENTED_EDGE('',*,*,#317,.T.);
#317 = EDGE_CURVE('',#318,#320,#322,.T.);
#318 = VERTEX_POINT('',#319);
#319 = CARTESIAN_POINT('',(0.32,-2.86,0.));
#320 = VERTEX_POINT('',#321);
#321 = CARTESIAN_POINT('',(-0.32,-2.86,0.));
#322 = LINE('',#323,#324);
#323 = CARTESIAN_POINT('',(-0.16,-2.86,0.));
#324 = VECTOR('',#325,1.);
#325 = DIRECTION('',(-1.,0.,0.));
#326 = ORIENTED_EDGE('',*,*,#327,.T.);
#327 = EDGE_CURVE('',#320,#328,#330,.T.);
#328 = VERTEX_POINT('',#329);
#329 = CARTESIAN_POINT('',(-0.32,-2.22,0.));
#330 = LINE('',#331,#332);
#331 = CARTESIAN_POINT('',(-0.32,-2.065,0.));
#332 = VECTOR('',#333,1.);
#333 = DIRECTION('',(0.,1.,0.));
#334 = ORIENTED_EDGE('',*,*,#335,.F.);
#335 = EDGE_CURVE('',#336,#328,#338,.T.);
#336 = VERTEX_POINT('',#337);
#337 = CARTESIAN_POINT('',(0.32,-2.22,0.));
#338 = LINE('',#339,#340);
#339 = CARTESIAN_POINT('',(-0.16,-2.22,0.));
#340 = VECTOR('',#341,1.);
#341 = DIRECTION('',(-1.,0.,0.));
#342 = ORIENTED_EDGE('',*,*,#343,.F.);
#343 = EDGE_CURVE('',#318,#336,#344,.T.);
#344 = LINE('',#345,#346);
#345 = CARTESIAN_POINT('',(0.32,-2.065,0.));
#346 = VECTOR('',#347,1.);
#347 = DIRECTION('',(0.,1.,0.));
#348 = PLANE('',#349);
#349 = AXIS2_PLACEMENT_3D('',#350,#351,#352);
#350 = CARTESIAN_POINT('',(1.473843703412E-17,-1.27,0.));
#351 = DIRECTION('',(0.,0.,1.));
#352 = DIRECTION('',(1.,0.,-0.));
#353 = ADVANCED_FACE('',(#354,#445,#479),#513,.T.);
#354 = FACE_BOUND('',#355,.T.);
#355 = EDGE_LOOP('',(#356,#357,#358,#366,#374,#382,#390,#398,#406,#414,
    #422,#430,#438,#444));
#356 = ORIENTED_EDGE('',*,*,#100,.T.);
#357 = ORIENTED_EDGE('',*,*,#162,.T.);
#358 = ORIENTED_EDGE('',*,*,#359,.T.);
#359 = EDGE_CURVE('',#163,#360,#362,.T.);
#360 = VERTEX_POINT('',#361);
#361 = CARTESIAN_POINT('',(-1.016,-1.27,2.54));
#362 = LINE('',#363,#364);
#363 = CARTESIAN_POINT('',(-1.27,-1.016,2.54));
#364 = VECTOR('',#365,1.);
#365 = DIRECTION('',(0.707106781187,-0.707106781187,0.));
#366 = ORIENTED_EDGE('',*,*,#367,.T.);
#367 = EDGE_CURVE('',#360,#368,#370,.T.);
#368 = VERTEX_POINT('',#369);
#369 = CARTESIAN_POINT('',(-1.27,-1.524,2.54));
#370 = LINE('',#371,#372);
#371 = CARTESIAN_POINT('',(-1.016,-1.27,2.54));
#372 = VECTOR('',#373,1.);
#373 = DIRECTION('',(-0.707106781187,-0.707106781187,0.));
#374 = ORIENTED_EDGE('',*,*,#375,.T.);
#375 = EDGE_CURVE('',#368,#376,#378,.T.);
#376 = VERTEX_POINT('',#377);
#377 = CARTESIAN_POINT('',(-1.27,-3.556,2.54));
#378 = LINE('',#379,#380);
#379 = CARTESIAN_POINT('',(-1.27,-1.524,2.54));
#380 = VECTOR('',#381,1.);
#381 = DIRECTION('',(0.,-1.,0.));
#382 = ORIENTED_EDGE('',*,*,#383,.T.);
#383 = EDGE_CURVE('',#376,#384,#386,.T.);
#384 = VERTEX_POINT('',#385);
#385 = CARTESIAN_POINT('',(-1.016,-3.81,2.54));
#386 = LINE('',#387,#388);
#387 = CARTESIAN_POINT('',(-1.27,-3.556,2.54));
#388 = VECTOR('',#389,1.);
#389 = DIRECTION('',(0.707106781187,-0.707106781187,0.));
#390 = ORIENTED_EDGE('',*,*,#391,.T.);
#391 = EDGE_CURVE('',#384,#392,#394,.T.);
#392 = VERTEX_POINT('',#393);
#393 = CARTESIAN_POINT('',(1.016,-3.81,2.54));
#394 = LINE('',#395,#396);
#395 = CARTESIAN_POINT('',(-1.016,-3.81,2.54));
#396 = VECTOR('',#397,1.);
#397 = DIRECTION('',(1.,0.,0.));
#398 = ORIENTED_EDGE('',*,*,#399,.T.);
#399 = EDGE_CURVE('',#392,#400,#402,.T.);
#400 = VERTEX_POINT('',#401);
#401 = CARTESIAN_POINT('',(1.27,-3.556,2.54));
#402 = LINE('',#403,#404);
#403 = CARTESIAN_POINT('',(1.016,-3.81,2.54));
#404 = VECTOR('',#405,1.);
#405 = DIRECTION('',(0.707106781187,0.707106781187,0.));
#406 = ORIENTED_EDGE('',*,*,#407,.T.);
#407 = EDGE_CURVE('',#400,#408,#410,.T.);
#408 = VERTEX_POINT('',#409);
#409 = CARTESIAN_POINT('',(1.27,-1.524,2.54));
#410 = LINE('',#411,#412);
#411 = CARTESIAN_POINT('',(1.27,-3.556,2.54));
#412 = VECTOR('',#413,1.);
#413 = DIRECTION('',(0.,1.,0.));
#414 = ORIENTED_EDGE('',*,*,#415,.T.);
#415 = EDGE_CURVE('',#408,#416,#418,.T.);
#416 = VERTEX_POINT('',#417);
#417 = CARTESIAN_POINT('',(1.016,-1.27,2.54));
#418 = LINE('',#419,#420);
#419 = CARTESIAN_POINT('',(1.27,-1.524,2.54));
#420 = VECTOR('',#421,1.);
#421 = DIRECTION('',(-0.707106781187,0.707106781187,0.));
#422 = ORIENTED_EDGE('',*,*,#423,.T.);
#423 = EDGE_CURVE('',#416,#424,#426,.T.);
#424 = VERTEX_POINT('',#425);
#425 = CARTESIAN_POINT('',(1.27,-1.016,2.54));
#426 = LINE('',#427,#428);
#427 = CARTESIAN_POINT('',(1.016,-1.27,2.54));
#428 = VECTOR('',#429,1.);
#429 = DIRECTION('',(0.707106781187,0.707106781187,0.));
#430 = ORIENTED_EDGE('',*,*,#431,.T.);
#431 = EDGE_CURVE('',#424,#432,#434,.T.);
#432 = VERTEX_POINT('',#433);
#433 = CARTESIAN_POINT('',(1.27,1.016,2.54));
#434 = LINE('',#435,#436);
#435 = CARTESIAN_POINT('',(1.27,-1.016,2.54));
#436 = VECTOR('',#437,1.);
#437 = DIRECTION('',(0.,1.,0.));
#438 = ORIENTED_EDGE('',*,*,#439,.T.);
#439 = EDGE_CURVE('',#432,#133,#440,.T.);
#440 = LINE('',#441,#442);
#441 = CARTESIAN_POINT('',(1.27,1.016,2.54));
#442 = VECTOR('',#443,1.);
#443 = DIRECTION('',(-0.707106781187,0.707106781187,0.));
#444 = ORIENTED_EDGE('',*,*,#140,.T.);
#445 = FACE_BOUND('',#446,.T.);
#446 = EDGE_LOOP('',(#447,#457,#465,#473));
#447 = ORIENTED_EDGE('',*,*,#448,.T.);
#448 = EDGE_CURVE('',#449,#451,#453,.T.);
#449 = VERTEX_POINT('',#450);
#450 = CARTESIAN_POINT('',(0.32,-0.32,2.54));
#451 = VERTEX_POINT('',#452);
#452 = CARTESIAN_POINT('',(-0.32,-0.32,2.54));
#453 = LINE('',#454,#455);
#454 = CARTESIAN_POINT('',(-0.16,-0.32,2.54));
#455 = VECTOR('',#456,1.);
#456 = DIRECTION('',(-1.,0.,0.));
#457 = ORIENTED_EDGE('',*,*,#458,.T.);
#458 = EDGE_CURVE('',#451,#459,#461,.T.);
#459 = VERTEX_POINT('',#460);
#460 = CARTESIAN_POINT('',(-0.32,0.32,2.54));
#461 = LINE('',#462,#463);
#462 = CARTESIAN_POINT('',(-0.32,-0.795,2.54));
#463 = VECTOR('',#464,1.);
#464 = DIRECTION('',(0.,1.,0.));
#465 = ORIENTED_EDGE('',*,*,#466,.F.);
#466 = EDGE_CURVE('',#467,#459,#469,.T.);
#467 = VERTEX_POINT('',#468);
#468 = CARTESIAN_POINT('',(0.32,0.32,2.54));
#469 = LINE('',#470,#471);
#470 = CARTESIAN_POINT('',(-0.16,0.32,2.54));
#471 = VECTOR('',#472,1.);
#472 = DIRECTION('',(-1.,0.,0.));
#473 = ORIENTED_EDGE('',*,*,#474,.F.);
#474 = EDGE_CURVE('',#449,#467,#475,.T.);
#475 = LINE('',#476,#477);
#476 = CARTESIAN_POINT('',(0.32,-0.795,2.54));
#477 = VECTOR('',#478,1.);
#478 = DIRECTION('',(0.,1.,0.));
#479 = FACE_BOUND('',#480,.T.);
#480 = EDGE_LOOP('',(#481,#491,#499,#507));
#481 = ORIENTED_EDGE('',*,*,#482,.T.);
#482 = EDGE_CURVE('',#483,#485,#487,.T.);
#483 = VERTEX_POINT('',#484);
#484 = CARTESIAN_POINT('',(0.32,-2.86,2.54));
#485 = VERTEX_POINT('',#486);
#486 = CARTESIAN_POINT('',(-0.32,-2.86,2.54));
#487 = LINE('',#488,#489);
#488 = CARTESIAN_POINT('',(-0.16,-2.86,2.54));
#489 = VECTOR('',#490,1.);
#490 = DIRECTION('',(-1.,0.,0.));
#491 = ORIENTED_EDGE('',*,*,#492,.T.);
#492 = EDGE_CURVE('',#485,#493,#495,.T.);
#493 = VERTEX_POINT('',#494);
#494 = CARTESIAN_POINT('',(-0.32,-2.22,2.54));
#495 = LINE('',#496,#497);
#496 = CARTESIAN_POINT('',(-0.32,-2.065,2.54));
#497 = VECTOR('',#498,1.);
#498 = DIRECTION('',(0.,1.,0.));
#499 = ORIENTED_EDGE('',*,*,#500,.F.);
#500 = EDGE_CURVE('',#501,#493,#503,.T.);
#501 = VERTEX_POINT('',#502);
#502 = CARTESIAN_POINT('',(0.32,-2.22,2.54));
#503 = LINE('',#504,#505);
#504 = CARTESIAN_POINT('',(-0.16,-2.22,2.54));
#505 = VECTOR('',#506,1.);
#506 = DIRECTION('',(-1.,0.,0.));
#507 = ORIENTED_EDGE('',*,*,#508,.F.);
#508 = EDGE_CURVE('',#483,#501,#509,.T.);
#509 = LINE('',#510,#511);
#510 = CARTESIAN_POINT('',(0.32,-2.065,2.54));
#511 = VECTOR('',#512,1.);
#512 = DIRECTION('',(0.,1.,0.));
#513 = PLANE('',#514);
#514 = AXIS2_PLACEMENT_3D('',#515,#516,#517);
#515 = CARTESIAN_POINT('',(1.473843703412E-17,-1.27,2.54));
#516 = DIRECTION('',(0.,0.,1.));
#517 = DIRECTION('',(1.,0.,-0.));
#518 = ADVANCED_FACE('',(#519),#530,.F.);
#519 = FACE_BOUND('',#520,.F.);
#520 = EDGE_LOOP('',(#521,#527,#528,#529));
#521 = ORIENTED_EDGE('',*,*,#522,.T.);
#522 = EDGE_CURVE('',#267,#432,#523,.T.);
#523 = LINE('',#524,#525);
#524 = CARTESIAN_POINT('',(1.27,1.016,0.));
#525 = VECTOR('',#526,1.);
#526 = DIRECTION('',(0.,0.,1.));
#527 = ORIENTED_EDGE('',*,*,#439,.T.);
#528 = ORIENTED_EDGE('',*,*,#130,.F.);
#529 = ORIENTED_EDGE('',*,*,#274,.F.);
#530 = PLANE('',#531);
#531 = AXIS2_PLACEMENT_3D('',#532,#533,#534);
#532 = CARTESIAN_POINT('',(1.27,1.016,0.));
#533 = DIRECTION('',(-0.707106781187,-0.707106781187,0.));
#534 = DIRECTION('',(-0.707106781187,0.707106781187,0.));
#535 = ADVANCED_FACE('',(#536),#547,.F.);
#536 = FACE_BOUND('',#537,.F.);
#537 = EDGE_LOOP('',(#538,#539,#540,#546));
#538 = ORIENTED_EDGE('',*,*,#170,.T.);
#539 = ORIENTED_EDGE('',*,*,#359,.T.);
#540 = ORIENTED_EDGE('',*,*,#541,.F.);
#541 = EDGE_CURVE('',#195,#360,#542,.T.);
#542 = LINE('',#543,#544);
#543 = CARTESIAN_POINT('',(-1.016,-1.27,0.));
#544 = VECTOR('',#545,1.);
#545 = DIRECTION('',(0.,0.,1.));
#546 = ORIENTED_EDGE('',*,*,#194,.F.);
#547 = PLANE('',#548);
#548 = AXIS2_PLACEMENT_3D('',#549,#550,#551);
#549 = CARTESIAN_POINT('',(-1.27,-1.016,0.));
#550 = DIRECTION('',(0.707106781187,0.707106781187,0.));
#551 = DIRECTION('',(0.707106781187,-0.707106781187,0.));
#552 = ADVANCED_FACE('',(#553),#564,.F.);
#553 = FACE_BOUND('',#554,.F.);
#554 = EDGE_LOOP('',(#555,#561,#562,#563));
#555 = ORIENTED_EDGE('',*,*,#556,.T.);
#556 = EDGE_CURVE('',#259,#424,#557,.T.);
#557 = LINE('',#558,#559);
#558 = CARTESIAN_POINT('',(1.27,-1.016,0.));
#559 = VECTOR('',#560,1.);
#560 = DIRECTION('',(0.,0.,1.));
#561 = ORIENTED_EDGE('',*,*,#431,.T.);
#562 = ORIENTED_EDGE('',*,*,#522,.F.);
#563 = ORIENTED_EDGE('',*,*,#266,.F.);
#564 = PLANE('',#565);
#565 = AXIS2_PLACEMENT_3D('',#566,#567,#568);
#566 = CARTESIAN_POINT('',(1.27,-1.016,0.));
#567 = DIRECTION('',(-1.,0.,0.));
#568 = DIRECTION('',(0.,1.,0.));
#569 = ADVANCED_FACE('',(#570),#581,.F.);
#570 = FACE_BOUND('',#571,.F.);
#571 = EDGE_LOOP('',(#572,#573,#574,#580));
#572 = ORIENTED_EDGE('',*,*,#541,.T.);
#573 = ORIENTED_EDGE('',*,*,#367,.T.);
#574 = ORIENTED_EDGE('',*,*,#575,.F.);
#575 = EDGE_CURVE('',#203,#368,#576,.T.);
#576 = LINE('',#577,#578);
#577 = CARTESIAN_POINT('',(-1.27,-1.524,0.));
#578 = VECTOR('',#579,1.);
#579 = DIRECTION('',(0.,0.,1.));
#580 = ORIENTED_EDGE('',*,*,#202,.F.);
#581 = PLANE('',#582);
#582 = AXIS2_PLACEMENT_3D('',#583,#584,#585);
#583 = CARTESIAN_POINT('',(-1.016,-1.27,0.));
#584 = DIRECTION('',(0.707106781187,-0.707106781187,0.));
#585 = DIRECTION('',(-0.707106781187,-0.707106781187,0.));
#586 = ADVANCED_FACE('',(#587),#598,.F.);
#587 = FACE_BOUND('',#588,.F.);
#588 = EDGE_LOOP('',(#589,#595,#596,#597));
#589 = ORIENTED_EDGE('',*,*,#590,.T.);
#590 = EDGE_CURVE('',#251,#416,#591,.T.);
#591 = LINE('',#592,#593);
#592 = CARTESIAN_POINT('',(1.016,-1.27,0.));
#593 = VECTOR('',#594,1.);
#594 = DIRECTION('',(0.,0.,1.));
#595 = ORIENTED_EDGE('',*,*,#423,.T.);
#596 = ORIENTED_EDGE('',*,*,#556,.F.);
#597 = ORIENTED_EDGE('',*,*,#258,.F.);
#598 = PLANE('',#599);
#599 = AXIS2_PLACEMENT_3D('',#600,#601,#602);
#600 = CARTESIAN_POINT('',(1.016,-1.27,0.));
#601 = DIRECTION('',(-0.707106781187,0.707106781187,0.));
#602 = DIRECTION('',(0.707106781187,0.707106781187,0.));
#603 = ADVANCED_FACE('',(#604),#615,.F.);
#604 = FACE_BOUND('',#605,.F.);
#605 = EDGE_LOOP('',(#606,#607,#608,#614));
#606 = ORIENTED_EDGE('',*,*,#575,.T.);
#607 = ORIENTED_EDGE('',*,*,#375,.T.);
#608 = ORIENTED_EDGE('',*,*,#609,.F.);
#609 = EDGE_CURVE('',#211,#376,#610,.T.);
#610 = LINE('',#611,#612);
#611 = CARTESIAN_POINT('',(-1.27,-3.556,0.));
#612 = VECTOR('',#613,1.);
#613 = DIRECTION('',(0.,0.,1.));
#614 = ORIENTED_EDGE('',*,*,#210,.F.);
#615 = PLANE('',#616);
#616 = AXIS2_PLACEMENT_3D('',#617,#618,#619);
#617 = CARTESIAN_POINT('',(-1.27,-1.524,0.));
#618 = DIRECTION('',(1.,0.,0.));
#619 = DIRECTION('',(0.,-1.,0.));
#620 = ADVANCED_FACE('',(#621),#632,.F.);
#621 = FACE_BOUND('',#622,.F.);
#622 = EDGE_LOOP('',(#623,#629,#630,#631));
#623 = ORIENTED_EDGE('',*,*,#624,.T.);
#624 = EDGE_CURVE('',#243,#408,#625,.T.);
#625 = LINE('',#626,#627);
#626 = CARTESIAN_POINT('',(1.27,-1.524,0.));
#627 = VECTOR('',#628,1.);
#628 = DIRECTION('',(0.,0.,1.));
#629 = ORIENTED_EDGE('',*,*,#415,.T.);
#630 = ORIENTED_EDGE('',*,*,#590,.F.);
#631 = ORIENTED_EDGE('',*,*,#250,.F.);
#632 = PLANE('',#633);
#633 = AXIS2_PLACEMENT_3D('',#634,#635,#636);
#634 = CARTESIAN_POINT('',(1.27,-1.524,0.));
#635 = DIRECTION('',(-0.707106781187,-0.707106781187,0.));
#636 = DIRECTION('',(-0.707106781187,0.707106781187,0.));
#637 = ADVANCED_FACE('',(#638),#649,.F.);
#638 = FACE_BOUND('',#639,.F.);
#639 = EDGE_LOOP('',(#640,#641,#642,#648));
#640 = ORIENTED_EDGE('',*,*,#609,.T.);
#641 = ORIENTED_EDGE('',*,*,#383,.T.);
#642 = ORIENTED_EDGE('',*,*,#643,.F.);
#643 = EDGE_CURVE('',#219,#384,#644,.T.);
#644 = LINE('',#645,#646);
#645 = CARTESIAN_POINT('',(-1.016,-3.81,0.));
#646 = VECTOR('',#647,1.);
#647 = DIRECTION('',(0.,0.,1.));
#648 = ORIENTED_EDGE('',*,*,#218,.F.);
#649 = PLANE('',#650);
#650 = AXIS2_PLACEMENT_3D('',#651,#652,#653);
#651 = CARTESIAN_POINT('',(-1.27,-3.556,0.));
#652 = DIRECTION('',(0.707106781187,0.707106781187,0.));
#653 = DIRECTION('',(0.707106781187,-0.707106781187,0.));
#654 = ADVANCED_FACE('',(#655),#666,.F.);
#655 = FACE_BOUND('',#656,.F.);
#656 = EDGE_LOOP('',(#657,#663,#664,#665));
#657 = ORIENTED_EDGE('',*,*,#658,.T.);
#658 = EDGE_CURVE('',#235,#400,#659,.T.);
#659 = LINE('',#660,#661);
#660 = CARTESIAN_POINT('',(1.27,-3.556,0.));
#661 = VECTOR('',#662,1.);
#662 = DIRECTION('',(0.,0.,1.));
#663 = ORIENTED_EDGE('',*,*,#407,.T.);
#664 = ORIENTED_EDGE('',*,*,#624,.F.);
#665 = ORIENTED_EDGE('',*,*,#242,.F.);
#666 = PLANE('',#667);
#667 = AXIS2_PLACEMENT_3D('',#668,#669,#670);
#668 = CARTESIAN_POINT('',(1.27,-3.556,0.));
#669 = DIRECTION('',(-1.,0.,0.));
#670 = DIRECTION('',(0.,1.,0.));
#671 = ADVANCED_FACE('',(#672),#683,.F.);
#672 = FACE_BOUND('',#673,.F.);
#673 = EDGE_LOOP('',(#674,#675,#676,#682));
#674 = ORIENTED_EDGE('',*,*,#643,.T.);
#675 = ORIENTED_EDGE('',*,*,#391,.T.);
#676 = ORIENTED_EDGE('',*,*,#677,.F.);
#677 = EDGE_CURVE('',#227,#392,#678,.T.);
#678 = LINE('',#679,#680);
#679 = CARTESIAN_POINT('',(1.016,-3.81,0.));
#680 = VECTOR('',#681,1.);
#681 = DIRECTION('',(0.,0.,1.));
#682 = ORIENTED_EDGE('',*,*,#226,.F.);
#683 = PLANE('',#684);
#684 = AXIS2_PLACEMENT_3D('',#685,#686,#687);
#685 = CARTESIAN_POINT('',(-1.016,-3.81,0.));
#686 = DIRECTION('',(0.,1.,0.));
#687 = DIRECTION('',(1.,0.,0.));
#688 = ADVANCED_FACE('',(#689),#695,.F.);
#689 = FACE_BOUND('',#690,.F.);
#690 = EDGE_LOOP('',(#691,#692,#693,#694));
#691 = ORIENTED_EDGE('',*,*,#677,.T.);
#692 = ORIENTED_EDGE('',*,*,#399,.T.);
#693 = ORIENTED_EDGE('',*,*,#658,.F.);
#694 = ORIENTED_EDGE('',*,*,#234,.F.);
#695 = PLANE('',#696);
#696 = AXIS2_PLACEMENT_3D('',#697,#698,#699);
#697 = CARTESIAN_POINT('',(1.016,-3.81,0.));
#698 = DIRECTION('',(-0.707106781187,0.707106781187,0.));
#699 = DIRECTION('',(0.707106781187,0.707106781187,0.));
#700 = ADVANCED_FACE('',(#701),#726,.F.);
#701 = FACE_BOUND('',#702,.F.);
#702 = EDGE_LOOP('',(#703,#711,#719,#725));
#703 = ORIENTED_EDGE('',*,*,#704,.F.);
#704 = EDGE_CURVE('',#705,#284,#707,.T.);
#705 = VERTEX_POINT('',#706);
#706 = CARTESIAN_POINT('',(0.32,-0.32,-2.84));
#707 = LINE('',#708,#709);
#708 = CARTESIAN_POINT('',(0.32,-0.32,-3.));
#709 = VECTOR('',#710,1.);
#710 = DIRECTION('',(0.,0.,1.));
#711 = ORIENTED_EDGE('',*,*,#712,.F.);
#712 = EDGE_CURVE('',#713,#705,#715,.T.);
#713 = VERTEX_POINT('',#714);
#714 = CARTESIAN_POINT('',(-0.32,-0.32,-2.84));
#715 = LINE('',#716,#717);
#716 = CARTESIAN_POINT('',(-0.32,-0.32,-2.84));
#717 = VECTOR('',#718,1.);
#718 = DIRECTION('',(1.,0.,0.));
#719 = ORIENTED_EDGE('',*,*,#720,.T.);
#720 = EDGE_CURVE('',#713,#286,#721,.T.);
#721 = LINE('',#722,#723);
#722 = CARTESIAN_POINT('',(-0.32,-0.32,-3.));
#723 = VECTOR('',#724,1.);
#724 = DIRECTION('',(0.,0.,1.));
#725 = ORIENTED_EDGE('',*,*,#283,.F.);
#726 = PLANE('',#727);
#727 = AXIS2_PLACEMENT_3D('',#728,#729,#730);
#728 = CARTESIAN_POINT('',(-0.32,-0.32,-3.));
#729 = DIRECTION('',(0.,1.,0.));
#730 = DIRECTION('',(0.,-0.,1.));
#731 = ADVANCED_FACE('',(#732),#750,.T.);
#732 = FACE_BOUND('',#733,.T.);
#733 = EDGE_LOOP('',(#734,#735,#743,#749));
#734 = ORIENTED_EDGE('',*,*,#704,.F.);
#735 = ORIENTED_EDGE('',*,*,#736,.T.);
#736 = EDGE_CURVE('',#705,#737,#739,.T.);
#737 = VERTEX_POINT('',#738);
#738 = CARTESIAN_POINT('',(0.32,0.32,-2.84));
#739 = LINE('',#740,#741);
#740 = CARTESIAN_POINT('',(0.32,-0.32,-2.84));
#741 = VECTOR('',#742,1.);
#742 = DIRECTION('',(0.,1.,0.));
#743 = ORIENTED_EDGE('',*,*,#744,.T.);
#744 = EDGE_CURVE('',#737,#302,#745,.T.);
#745 = LINE('',#746,#747);
#746 = CARTESIAN_POINT('',(0.32,0.32,-3.));
#747 = VECTOR('',#748,1.);
#748 = DIRECTION('',(0.,0.,1.));
#749 = ORIENTED_EDGE('',*,*,#309,.F.);
#750 = PLANE('',#751);
#751 = AXIS2_PLACEMENT_3D('',#752,#753,#754);
#752 = CARTESIAN_POINT('',(0.32,-0.32,-3.));
#753 = DIRECTION('',(1.,0.,0.));
#754 = DIRECTION('',(0.,0.,1.));
#755 = ADVANCED_FACE('',(#756),#774,.T.);
#756 = FACE_BOUND('',#757,.T.);
#757 = EDGE_LOOP('',(#758,#759,#767,#773));
#758 = ORIENTED_EDGE('',*,*,#744,.F.);
#759 = ORIENTED_EDGE('',*,*,#760,.F.);
#760 = EDGE_CURVE('',#761,#737,#763,.T.);
#761 = VERTEX_POINT('',#762);
#762 = CARTESIAN_POINT('',(-0.32,0.32,-2.84));
#763 = LINE('',#764,#765);
#764 = CARTESIAN_POINT('',(-0.32,0.32,-2.84));
#765 = VECTOR('',#766,1.);
#766 = DIRECTION('',(1.,0.,0.));
#767 = ORIENTED_EDGE('',*,*,#768,.T.);
#768 = EDGE_CURVE('',#761,#294,#769,.T.);
#769 = LINE('',#770,#771);
#770 = CARTESIAN_POINT('',(-0.32,0.32,-3.));
#771 = VECTOR('',#772,1.);
#772 = DIRECTION('',(0.,0.,1.));
#773 = ORIENTED_EDGE('',*,*,#301,.F.);
#774 = PLANE('',#775);
#775 = AXIS2_PLACEMENT_3D('',#776,#777,#778);
#776 = CARTESIAN_POINT('',(-0.32,0.32,-3.));
#777 = DIRECTION('',(0.,1.,0.));
#778 = DIRECTION('',(0.,-0.,1.));
#779 = ADVANCED_FACE('',(#780),#791,.F.);
#780 = FACE_BOUND('',#781,.F.);
#781 = EDGE_LOOP('',(#782,#783,#789,#790));
#782 = ORIENTED_EDGE('',*,*,#720,.F.);
#783 = ORIENTED_EDGE('',*,*,#784,.T.);
#784 = EDGE_CURVE('',#713,#761,#785,.T.);
#785 = LINE('',#786,#787);
#786 = CARTESIAN_POINT('',(-0.32,-0.32,-2.84));
#787 = VECTOR('',#788,1.);
#788 = DIRECTION('',(0.,1.,0.));
#789 = ORIENTED_EDGE('',*,*,#768,.T.);
#790 = ORIENTED_EDGE('',*,*,#293,.F.);
#791 = PLANE('',#792);
#792 = AXIS2_PLACEMENT_3D('',#793,#794,#795);
#793 = CARTESIAN_POINT('',(-0.32,-0.32,-3.));
#794 = DIRECTION('',(1.,0.,0.));
#795 = DIRECTION('',(0.,0.,1.));
#796 = ADVANCED_FACE('',(#797),#822,.F.);
#797 = FACE_BOUND('',#798,.F.);
#798 = EDGE_LOOP('',(#799,#807,#815,#821));
#799 = ORIENTED_EDGE('',*,*,#800,.F.);
#800 = EDGE_CURVE('',#801,#318,#803,.T.);
#801 = VERTEX_POINT('',#802);
#802 = CARTESIAN_POINT('',(0.32,-2.86,-2.84));
#803 = LINE('',#804,#805);
#804 = CARTESIAN_POINT('',(0.32,-2.86,-3.));
#805 = VECTOR('',#806,1.);
#806 = DIRECTION('',(0.,0.,1.));
#807 = ORIENTED_EDGE('',*,*,#808,.F.);
#808 = EDGE_CURVE('',#809,#801,#811,.T.);
#809 = VERTEX_POINT('',#810);
#810 = CARTESIAN_POINT('',(-0.32,-2.86,-2.84));
#811 = LINE('',#812,#813);
#812 = CARTESIAN_POINT('',(-0.32,-2.86,-2.84));
#813 = VECTOR('',#814,1.);
#814 = DIRECTION('',(1.,0.,0.));
#815 = ORIENTED_EDGE('',*,*,#816,.T.);
#816 = EDGE_CURVE('',#809,#320,#817,.T.);
#817 = LINE('',#818,#819);
#818 = CARTESIAN_POINT('',(-0.32,-2.86,-3.));
#819 = VECTOR('',#820,1.);
#820 = DIRECTION('',(0.,0.,1.));
#821 = ORIENTED_EDGE('',*,*,#317,.F.);
#822 = PLANE('',#823);
#823 = AXIS2_PLACEMENT_3D('',#824,#825,#826);
#824 = CARTESIAN_POINT('',(-0.32,-2.86,-3.));
#825 = DIRECTION('',(0.,1.,0.));
#826 = DIRECTION('',(0.,-0.,1.));
#827 = ADVANCED_FACE('',(#828),#846,.T.);
#828 = FACE_BOUND('',#829,.T.);
#829 = EDGE_LOOP('',(#830,#831,#839,#845));
#830 = ORIENTED_EDGE('',*,*,#800,.F.);
#831 = ORIENTED_EDGE('',*,*,#832,.T.);
#832 = EDGE_CURVE('',#801,#833,#835,.T.);
#833 = VERTEX_POINT('',#834);
#834 = CARTESIAN_POINT('',(0.32,-2.22,-2.84));
#835 = LINE('',#836,#837);
#836 = CARTESIAN_POINT('',(0.32,-2.86,-2.84));
#837 = VECTOR('',#838,1.);
#838 = DIRECTION('',(0.,1.,0.));
#839 = ORIENTED_EDGE('',*,*,#840,.T.);
#840 = EDGE_CURVE('',#833,#336,#841,.T.);
#841 = LINE('',#842,#843);
#842 = CARTESIAN_POINT('',(0.32,-2.22,-3.));
#843 = VECTOR('',#844,1.);
#844 = DIRECTION('',(0.,0.,1.));
#845 = ORIENTED_EDGE('',*,*,#343,.F.);
#846 = PLANE('',#847);
#847 = AXIS2_PLACEMENT_3D('',#848,#849,#850);
#848 = CARTESIAN_POINT('',(0.32,-2.86,-3.));
#849 = DIRECTION('',(1.,0.,0.));
#850 = DIRECTION('',(0.,0.,1.));
#851 = ADVANCED_FACE('',(#852),#870,.T.);
#852 = FACE_BOUND('',#853,.T.);
#853 = EDGE_LOOP('',(#854,#855,#863,#869));
#854 = ORIENTED_EDGE('',*,*,#840,.F.);
#855 = ORIENTED_EDGE('',*,*,#856,.F.);
#856 = EDGE_CURVE('',#857,#833,#859,.T.);
#857 = VERTEX_POINT('',#858);
#858 = CARTESIAN_POINT('',(-0.32,-2.22,-2.84));
#859 = LINE('',#860,#861);
#860 = CARTESIAN_POINT('',(-0.32,-2.22,-2.84));
#861 = VECTOR('',#862,1.);
#862 = DIRECTION('',(1.,0.,0.));
#863 = ORIENTED_EDGE('',*,*,#864,.T.);
#864 = EDGE_CURVE('',#857,#328,#865,.T.);
#865 = LINE('',#866,#867);
#866 = CARTESIAN_POINT('',(-0.32,-2.22,-3.));
#867 = VECTOR('',#868,1.);
#868 = DIRECTION('',(0.,0.,1.));
#869 = ORIENTED_EDGE('',*,*,#335,.F.);
#870 = PLANE('',#871);
#871 = AXIS2_PLACEMENT_3D('',#872,#873,#874);
#872 = CARTESIAN_POINT('',(-0.32,-2.22,-3.));
#873 = DIRECTION('',(0.,1.,0.));
#874 = DIRECTION('',(0.,-0.,1.));
#875 = ADVANCED_FACE('',(#876),#887,.F.);
#876 = FACE_BOUND('',#877,.F.);
#877 = EDGE_LOOP('',(#878,#879,#885,#886));
#878 = ORIENTED_EDGE('',*,*,#816,.F.);
#879 = ORIENTED_EDGE('',*,*,#880,.T.);
#880 = EDGE_CURVE('',#809,#857,#881,.T.);
#881 = LINE('',#882,#883);
#882 = CARTESIAN_POINT('',(-0.32,-2.86,-2.84));
#883 = VECTOR('',#884,1.);
#884 = DIRECTION('',(0.,1.,0.));
#885 = ORIENTED_EDGE('',*,*,#864,.T.);
#886 = ORIENTED_EDGE('',*,*,#327,.F.);
#887 = PLANE('',#888);
#888 = AXIS2_PLACEMENT_3D('',#889,#890,#891);
#889 = CARTESIAN_POINT('',(-0.32,-2.86,-3.));
#890 = DIRECTION('',(1.,0.,0.));
#891 = DIRECTION('',(0.,0.,1.));
#892 = ADVANCED_FACE('',(#893),#918,.F.);
#893 = FACE_BOUND('',#894,.F.);
#894 = EDGE_LOOP('',(#895,#903,#904,#912));
#895 = ORIENTED_EDGE('',*,*,#896,.F.);
#896 = EDGE_CURVE('',#449,#897,#899,.T.);
#897 = VERTEX_POINT('',#898);
#898 = CARTESIAN_POINT('',(0.32,-0.32,8.38));
#899 = LINE('',#900,#901);
#900 = CARTESIAN_POINT('',(0.32,-0.32,-3.));
#901 = VECTOR('',#902,1.);
#902 = DIRECTION('',(0.,0.,1.));
#903 = ORIENTED_EDGE('',*,*,#448,.T.);
#904 = ORIENTED_EDGE('',*,*,#905,.T.);
#905 = EDGE_CURVE('',#451,#906,#908,.T.);
#906 = VERTEX_POINT('',#907);
#907 = CARTESIAN_POINT('',(-0.32,-0.32,8.38));
#908 = LINE('',#909,#910);
#909 = CARTESIAN_POINT('',(-0.32,-0.32,-3.));
#910 = VECTOR('',#911,1.);
#911 = DIRECTION('',(0.,0.,1.));
#912 = ORIENTED_EDGE('',*,*,#913,.T.);
#913 = EDGE_CURVE('',#906,#897,#914,.T.);
#914 = LINE('',#915,#916);
#915 = CARTESIAN_POINT('',(-0.32,-0.32,8.38));
#916 = VECTOR('',#917,1.);
#917 = DIRECTION('',(1.,0.,0.));
#918 = PLANE('',#919);
#919 = AXIS2_PLACEMENT_3D('',#920,#921,#922);
#920 = CARTESIAN_POINT('',(-0.32,-0.32,-3.));
#921 = DIRECTION('',(0.,1.,0.));
#922 = DIRECTION('',(0.,-0.,1.));
#923 = ADVANCED_FACE('',(#924),#942,.T.);
#924 = FACE_BOUND('',#925,.T.);
#925 = EDGE_LOOP('',(#926,#927,#928,#936));
#926 = ORIENTED_EDGE('',*,*,#896,.F.);
#927 = ORIENTED_EDGE('',*,*,#474,.T.);
#928 = ORIENTED_EDGE('',*,*,#929,.T.);
#929 = EDGE_CURVE('',#467,#930,#932,.T.);
#930 = VERTEX_POINT('',#931);
#931 = CARTESIAN_POINT('',(0.32,0.32,8.38));
#932 = LINE('',#933,#934);
#933 = CARTESIAN_POINT('',(0.32,0.32,-3.));
#934 = VECTOR('',#935,1.);
#935 = DIRECTION('',(0.,0.,1.));
#936 = ORIENTED_EDGE('',*,*,#937,.F.);
#937 = EDGE_CURVE('',#897,#930,#938,.T.);
#938 = LINE('',#939,#940);
#939 = CARTESIAN_POINT('',(0.32,-0.32,8.38));
#940 = VECTOR('',#941,1.);
#941 = DIRECTION('',(0.,1.,0.));
#942 = PLANE('',#943);
#943 = AXIS2_PLACEMENT_3D('',#944,#945,#946);
#944 = CARTESIAN_POINT('',(0.32,-0.32,-3.));
#945 = DIRECTION('',(1.,0.,0.));
#946 = DIRECTION('',(0.,0.,1.));
#947 = ADVANCED_FACE('',(#948),#966,.T.);
#948 = FACE_BOUND('',#949,.T.);
#949 = EDGE_LOOP('',(#950,#951,#952,#960));
#950 = ORIENTED_EDGE('',*,*,#929,.F.);
#951 = ORIENTED_EDGE('',*,*,#466,.T.);
#952 = ORIENTED_EDGE('',*,*,#953,.T.);
#953 = EDGE_CURVE('',#459,#954,#956,.T.);
#954 = VERTEX_POINT('',#955);
#955 = CARTESIAN_POINT('',(-0.32,0.32,8.38));
#956 = LINE('',#957,#958);
#957 = CARTESIAN_POINT('',(-0.32,0.32,-3.));
#958 = VECTOR('',#959,1.);
#959 = DIRECTION('',(0.,0.,1.));
#960 = ORIENTED_EDGE('',*,*,#961,.T.);
#961 = EDGE_CURVE('',#954,#930,#962,.T.);
#962 = LINE('',#963,#964);
#963 = CARTESIAN_POINT('',(-0.32,0.32,8.38));
#964 = VECTOR('',#965,1.);
#965 = DIRECTION('',(1.,0.,0.));
#966 = PLANE('',#967);
#967 = AXIS2_PLACEMENT_3D('',#968,#969,#970);
#968 = CARTESIAN_POINT('',(-0.32,0.32,-3.));
#969 = DIRECTION('',(0.,1.,0.));
#970 = DIRECTION('',(0.,-0.,1.));
#971 = ADVANCED_FACE('',(#972),#983,.F.);
#972 = FACE_BOUND('',#973,.F.);
#973 = EDGE_LOOP('',(#974,#975,#976,#977));
#974 = ORIENTED_EDGE('',*,*,#905,.F.);
#975 = ORIENTED_EDGE('',*,*,#458,.T.);
#976 = ORIENTED_EDGE('',*,*,#953,.T.);
#977 = ORIENTED_EDGE('',*,*,#978,.F.);
#978 = EDGE_CURVE('',#906,#954,#979,.T.);
#979 = LINE('',#980,#981);
#980 = CARTESIAN_POINT('',(-0.32,-0.32,8.38));
#981 = VECTOR('',#982,1.);
#982 = DIRECTION('',(0.,1.,0.));
#983 = PLANE('',#984);
#984 = AXIS2_PLACEMENT_3D('',#985,#986,#987);
#985 = CARTESIAN_POINT('',(-0.32,-0.32,-3.));
#986 = DIRECTION('',(1.,0.,0.));
#987 = DIRECTION('',(0.,0.,1.));
#988 = ADVANCED_FACE('',(#989),#1014,.F.);
#989 = FACE_BOUND('',#990,.F.);
#990 = EDGE_LOOP('',(#991,#999,#1000,#1008));
#991 = ORIENTED_EDGE('',*,*,#992,.F.);
#992 = EDGE_CURVE('',#483,#993,#995,.T.);
#993 = VERTEX_POINT('',#994);
#994 = CARTESIAN_POINT('',(0.32,-2.86,8.38));
#995 = LINE('',#996,#997);
#996 = CARTESIAN_POINT('',(0.32,-2.86,-3.));
#997 = VECTOR('',#998,1.);
#998 = DIRECTION('',(0.,0.,1.));
#999 = ORIENTED_EDGE('',*,*,#482,.T.);
#1000 = ORIENTED_EDGE('',*,*,#1001,.T.);
#1001 = EDGE_CURVE('',#485,#1002,#1004,.T.);
#1002 = VERTEX_POINT('',#1003);
#1003 = CARTESIAN_POINT('',(-0.32,-2.86,8.38));
#1004 = LINE('',#1005,#1006);
#1005 = CARTESIAN_POINT('',(-0.32,-2.86,-3.));
#1006 = VECTOR('',#1007,1.);
#1007 = DIRECTION('',(0.,0.,1.));
#1008 = ORIENTED_EDGE('',*,*,#1009,.T.);
#1009 = EDGE_CURVE('',#1002,#993,#1010,.T.);
#1010 = LINE('',#1011,#1012);
#1011 = CARTESIAN_POINT('',(-0.32,-2.86,8.38));
#1012 = VECTOR('',#1013,1.);
#1013 = DIRECTION('',(1.,0.,0.));
#1014 = PLANE('',#1015);
#1015 = AXIS2_PLACEMENT_3D('',#1016,#1017,#1018);
#1016 = CARTESIAN_POINT('',(-0.32,-2.86,-3.));
#1017 = DIRECTION('',(0.,1.,0.));
#1018 = DIRECTION('',(0.,-0.,1.));
#1019 = ADVANCED_FACE('',(#1020),#1038,.T.);
#1020 = FACE_BOUND('',#1021,.T.);
#1021 = EDGE_LOOP('',(#1022,#1023,#1024,#1032));
#1022 = ORIENTED_EDGE('',*,*,#992,.F.);
#1023 = ORIENTED_EDGE('',*,*,#508,.T.);
#1024 = ORIENTED_EDGE('',*,*,#1025,.T.);
#1025 = EDGE_CURVE('',#501,#1026,#1028,.T.);
#1026 = VERTEX_POINT('',#1027);
#1027 = CARTESIAN_POINT('',(0.32,-2.22,8.38));
#1028 = LINE('',#1029,#1030);
#1029 = CARTESIAN_POINT('',(0.32,-2.22,-3.));
#1030 = VECTOR('',#1031,1.);
#1031 = DIRECTION('',(0.,0.,1.));
#1032 = ORIENTED_EDGE('',*,*,#1033,.F.);
#1033 = EDGE_CURVE('',#993,#1026,#1034,.T.);
#1034 = LINE('',#1035,#1036);
#1035 = CARTESIAN_POINT('',(0.32,-2.86,8.38));
#1036 = VECTOR('',#1037,1.);
#1037 = DIRECTION('',(0.,1.,0.));
#1038 = PLANE('',#1039);
#1039 = AXIS2_PLACEMENT_3D('',#1040,#1041,#1042);
#1040 = CARTESIAN_POINT('',(0.32,-2.86,-3.));
#1041 = DIRECTION('',(1.,0.,0.));
#1042 = DIRECTION('',(0.,0.,1.));
#1043 = ADVANCED_FACE('',(#1044),#1062,.T.);
#1044 = FACE_BOUND('',#1045,.T.);
#1045 = EDGE_LOOP('',(#1046,#1047,#1048,#1056));
#1046 = ORIENTED_EDGE('',*,*,#1025,.F.);
#1047 = ORIENTED_EDGE('',*,*,#500,.T.);
#1048 = ORIENTED_EDGE('',*,*,#1049,.T.);
#1049 = EDGE_CURVE('',#493,#1050,#1052,.T.);
#1050 = VERTEX_POINT('',#1051);
#1051 = CARTESIAN_POINT('',(-0.32,-2.22,8.38));
#1052 = LINE('',#1053,#1054);
#1053 = CARTESIAN_POINT('',(-0.32,-2.22,-3.));
#1054 = VECTOR('',#1055,1.);
#1055 = DIRECTION('',(0.,0.,1.));
#1056 = ORIENTED_EDGE('',*,*,#1057,.T.);
#1057 = EDGE_CURVE('',#1050,#1026,#1058,.T.);
#1058 = LINE('',#1059,#1060);
#1059 = CARTESIAN_POINT('',(-0.32,-2.22,8.38));
#1060 = VECTOR('',#1061,1.);
#1061 = DIRECTION('',(1.,0.,0.));
#1062 = PLANE('',#1063);
#1063 = AXIS2_PLACEMENT_3D('',#1064,#1065,#1066);
#1064 = CARTESIAN_POINT('',(-0.32,-2.22,-3.));
#1065 = DIRECTION('',(0.,1.,0.));
#1066 = DIRECTION('',(0.,-0.,1.));
#1067 = ADVANCED_FACE('',(#1068),#1079,.F.);
#1068 = FACE_BOUND('',#1069,.F.);
#1069 = EDGE_LOOP('',(#1070,#1071,#1072,#1073));
#1070 = ORIENTED_EDGE('',*,*,#1001,.F.);
#1071 = ORIENTED_EDGE('',*,*,#492,.T.);
#1072 = ORIENTED_EDGE('',*,*,#1049,.T.);
#1073 = ORIENTED_EDGE('',*,*,#1074,.F.);
#1074 = EDGE_CURVE('',#1002,#1050,#1075,.T.);
#1075 = LINE('',#1076,#1077);
#1076 = CARTESIAN_POINT('',(-0.32,-2.86,8.38));
#1077 = VECTOR('',#1078,1.);
#1078 = DIRECTION('',(0.,1.,0.));
#1079 = PLANE('',#1080);
#1080 = AXIS2_PLACEMENT_3D('',#1081,#1082,#1083);
#1081 = CARTESIAN_POINT('',(-0.32,-2.86,-3.));
#1082 = DIRECTION('',(1.,0.,0.));
#1083 = DIRECTION('',(0.,0.,1.));
#1084 = ADVANCED_FACE('',(#1085),#1110,.T.);
#1085 = FACE_BOUND('',#1086,.F.);
#1086 = EDGE_LOOP('',(#1087,#1095,#1096,#1104));
#1087 = ORIENTED_EDGE('',*,*,#1088,.F.);
#1088 = EDGE_CURVE('',#713,#1089,#1091,.T.);
#1089 = VERTEX_POINT('',#1090);
#1090 = CARTESIAN_POINT('',(-0.16,-0.16,-3.));
#1091 = LINE('',#1092,#1093);
#1092 = CARTESIAN_POINT('',(-0.266666666667,-0.266666666667,
    -2.893333333333));
#1093 = VECTOR('',#1094,1.);
#1094 = DIRECTION('',(0.57735026919,0.57735026919,-0.57735026919));
#1095 = ORIENTED_EDGE('',*,*,#712,.T.);
#1096 = ORIENTED_EDGE('',*,*,#1097,.T.);
#1097 = EDGE_CURVE('',#705,#1098,#1100,.T.);
#1098 = VERTEX_POINT('',#1099);
#1099 = CARTESIAN_POINT('',(0.16,-0.16,-3.));
#1100 = LINE('',#1101,#1102);
#1101 = CARTESIAN_POINT('',(0.16,-0.16,-3.));
#1102 = VECTOR('',#1103,1.);
#1103 = DIRECTION('',(-0.57735026919,0.57735026919,-0.57735026919));
#1104 = ORIENTED_EDGE('',*,*,#1105,.F.);
#1105 = EDGE_CURVE('',#1089,#1098,#1106,.T.);
#1106 = LINE('',#1107,#1108);
#1107 = CARTESIAN_POINT('',(-0.32,-0.16,-3.));
#1108 = VECTOR('',#1109,1.);
#1109 = DIRECTION('',(1.,0.,0.));
#1110 = PLANE('',#1111);
#1111 = AXIS2_PLACEMENT_3D('',#1112,#1113,#1114);
#1112 = CARTESIAN_POINT('',(-0.32,-0.24,-2.92));
#1113 = DIRECTION('',(1.735167508357E-18,-0.707106781187,-0.707106781187
    ));
#1114 = DIRECTION('',(-1.,-1.226948711654E-18,-1.226948711654E-18));
#1115 = ADVANCED_FACE('',(#1116),#1134,.F.);
#1116 = FACE_BOUND('',#1117,.F.);
#1117 = EDGE_LOOP('',(#1118,#1119,#1120,#1128));
#1118 = ORIENTED_EDGE('',*,*,#1097,.F.);
#1119 = ORIENTED_EDGE('',*,*,#736,.T.);
#1120 = ORIENTED_EDGE('',*,*,#1121,.T.);
#1121 = EDGE_CURVE('',#737,#1122,#1124,.T.);
#1122 = VERTEX_POINT('',#1123);
#1123 = CARTESIAN_POINT('',(0.16,0.16,-3.));
#1124 = LINE('',#1125,#1126);
#1125 = CARTESIAN_POINT('',(5.333333333333E-02,5.333333333333E-02,
    -3.106666666667));
#1126 = VECTOR('',#1127,1.);
#1127 = DIRECTION('',(-0.57735026919,-0.57735026919,-0.57735026919));
#1128 = ORIENTED_EDGE('',*,*,#1129,.F.);
#1129 = EDGE_CURVE('',#1098,#1122,#1130,.T.);
#1130 = LINE('',#1131,#1132);
#1131 = CARTESIAN_POINT('',(0.16,-0.32,-3.));
#1132 = VECTOR('',#1133,1.);
#1133 = DIRECTION('',(0.,1.,0.));
#1134 = PLANE('',#1135);
#1135 = AXIS2_PLACEMENT_3D('',#1136,#1137,#1138);
#1136 = CARTESIAN_POINT('',(0.24,-0.32,-2.92));
#1137 = DIRECTION('',(-0.707106781187,1.735167508357E-18,0.707106781187)
  );
#1138 = DIRECTION('',(1.226948711654E-18,1.,-1.226948711654E-18));
#1139 = ADVANCED_FACE('',(#1140),#1158,.F.);
#1140 = FACE_BOUND('',#1141,.T.);
#1141 = EDGE_LOOP('',(#1142,#1150,#1151,#1152));
#1142 = ORIENTED_EDGE('',*,*,#1143,.F.);
#1143 = EDGE_CURVE('',#761,#1144,#1146,.T.);
#1144 = VERTEX_POINT('',#1145);
#1145 = CARTESIAN_POINT('',(-0.16,0.16,-3.));
#1146 = LINE('',#1147,#1148);
#1147 = CARTESIAN_POINT('',(-0.16,0.16,-3.));
#1148 = VECTOR('',#1149,1.);
#1149 = DIRECTION('',(0.57735026919,-0.57735026919,-0.57735026919));
#1150 = ORIENTED_EDGE('',*,*,#760,.T.);
#1151 = ORIENTED_EDGE('',*,*,#1121,.T.);
#1152 = ORIENTED_EDGE('',*,*,#1153,.F.);
#1153 = EDGE_CURVE('',#1144,#1122,#1154,.T.);
#1154 = LINE('',#1155,#1156);
#1155 = CARTESIAN_POINT('',(-0.32,0.16,-3.));
#1156 = VECTOR('',#1157,1.);
#1157 = DIRECTION('',(1.,0.,0.));
#1158 = PLANE('',#1159);
#1159 = AXIS2_PLACEMENT_3D('',#1160,#1161,#1162);
#1160 = CARTESIAN_POINT('',(-0.32,0.24,-2.92));
#1161 = DIRECTION('',(-1.735167508357E-18,-0.707106781187,0.707106781187
    ));
#1162 = DIRECTION('',(-1.,1.226948711654E-18,-1.226948711654E-18));
#1163 = ADVANCED_FACE('',(#1164),#1175,.T.);
#1164 = FACE_BOUND('',#1165,.T.);
#1165 = EDGE_LOOP('',(#1166,#1167,#1168,#1169));
#1166 = ORIENTED_EDGE('',*,*,#1088,.F.);
#1167 = ORIENTED_EDGE('',*,*,#784,.T.);
#1168 = ORIENTED_EDGE('',*,*,#1143,.T.);
#1169 = ORIENTED_EDGE('',*,*,#1170,.F.);
#1170 = EDGE_CURVE('',#1089,#1144,#1171,.T.);
#1171 = LINE('',#1172,#1173);
#1172 = CARTESIAN_POINT('',(-0.16,-0.32,-3.));
#1173 = VECTOR('',#1174,1.);
#1174 = DIRECTION('',(0.,1.,0.));
#1175 = PLANE('',#1176);
#1176 = AXIS2_PLACEMENT_3D('',#1177,#1178,#1179);
#1177 = CARTESIAN_POINT('',(-0.24,-0.32,-2.92));
#1178 = DIRECTION('',(-0.707106781187,-1.735167508357E-18,
    -0.707106781187));
#1179 = DIRECTION('',(-1.226948711654E-18,1.,-1.226948711654E-18));
#1180 = ADVANCED_FACE('',(#1181),#1206,.T.);
#1181 = FACE_BOUND('',#1182,.F.);
#1182 = EDGE_LOOP('',(#1183,#1191,#1192,#1200));
#1183 = ORIENTED_EDGE('',*,*,#1184,.F.);
#1184 = EDGE_CURVE('',#809,#1185,#1187,.T.);
#1185 = VERTEX_POINT('',#1186);
#1186 = CARTESIAN_POINT('',(-0.16,-2.7,-3.));
#1187 = LINE('',#1188,#1189);
#1188 = CARTESIAN_POINT('',(-0.266666666667,-2.806666666667,
    -2.893333333333));
#1189 = VECTOR('',#1190,1.);
#1190 = DIRECTION('',(0.57735026919,0.57735026919,-0.57735026919));
#1191 = ORIENTED_EDGE('',*,*,#808,.T.);
#1192 = ORIENTED_EDGE('',*,*,#1193,.T.);
#1193 = EDGE_CURVE('',#801,#1194,#1196,.T.);
#1194 = VERTEX_POINT('',#1195);
#1195 = CARTESIAN_POINT('',(0.16,-2.7,-3.));
#1196 = LINE('',#1197,#1198);
#1197 = CARTESIAN_POINT('',(0.16,-2.7,-3.));
#1198 = VECTOR('',#1199,1.);
#1199 = DIRECTION('',(-0.57735026919,0.57735026919,-0.57735026919));
#1200 = ORIENTED_EDGE('',*,*,#1201,.F.);
#1201 = EDGE_CURVE('',#1185,#1194,#1202,.T.);
#1202 = LINE('',#1203,#1204);
#1203 = CARTESIAN_POINT('',(-0.32,-2.7,-3.));
#1204 = VECTOR('',#1205,1.);
#1205 = DIRECTION('',(1.,0.,0.));
#1206 = PLANE('',#1207);
#1207 = AXIS2_PLACEMENT_3D('',#1208,#1209,#1210);
#1208 = CARTESIAN_POINT('',(-0.32,-2.78,-2.92));
#1209 = DIRECTION('',(1.735167508357E-18,-0.707106781187,-0.707106781187
    ));
#1210 = DIRECTION('',(-1.,-1.226948711654E-18,-1.226948711654E-18));
#1211 = ADVANCED_FACE('',(#1212),#1230,.F.);
#1212 = FACE_BOUND('',#1213,.F.);
#1213 = EDGE_LOOP('',(#1214,#1215,#1216,#1224));
#1214 = ORIENTED_EDGE('',*,*,#1193,.F.);
#1215 = ORIENTED_EDGE('',*,*,#832,.T.);
#1216 = ORIENTED_EDGE('',*,*,#1217,.T.);
#1217 = EDGE_CURVE('',#833,#1218,#1220,.T.);
#1218 = VERTEX_POINT('',#1219);
#1219 = CARTESIAN_POINT('',(0.16,-2.38,-3.));
#1220 = LINE('',#1221,#1222);
#1221 = CARTESIAN_POINT('',(5.333333333333E-02,-2.486666666667,
    -3.106666666667));
#1222 = VECTOR('',#1223,1.);
#1223 = DIRECTION('',(-0.57735026919,-0.57735026919,-0.57735026919));
#1224 = ORIENTED_EDGE('',*,*,#1225,.F.);
#1225 = EDGE_CURVE('',#1194,#1218,#1226,.T.);
#1226 = LINE('',#1227,#1228);
#1227 = CARTESIAN_POINT('',(0.16,-2.86,-3.));
#1228 = VECTOR('',#1229,1.);
#1229 = DIRECTION('',(0.,1.,0.));
#1230 = PLANE('',#1231);
#1231 = AXIS2_PLACEMENT_3D('',#1232,#1233,#1234);
#1232 = CARTESIAN_POINT('',(0.24,-2.86,-2.92));
#1233 = DIRECTION('',(-0.707106781187,1.735167508357E-18,0.707106781187)
  );
#1234 = DIRECTION('',(1.226948711654E-18,1.,-1.226948711654E-18));
#1235 = ADVANCED_FACE('',(#1236),#1254,.F.);
#1236 = FACE_BOUND('',#1237,.T.);
#1237 = EDGE_LOOP('',(#1238,#1246,#1247,#1248));
#1238 = ORIENTED_EDGE('',*,*,#1239,.F.);
#1239 = EDGE_CURVE('',#857,#1240,#1242,.T.);
#1240 = VERTEX_POINT('',#1241);
#1241 = CARTESIAN_POINT('',(-0.16,-2.38,-3.));
#1242 = LINE('',#1243,#1244);
#1243 = CARTESIAN_POINT('',(-0.16,-2.38,-3.));
#1244 = VECTOR('',#1245,1.);
#1245 = DIRECTION('',(0.57735026919,-0.57735026919,-0.57735026919));
#1246 = ORIENTED_EDGE('',*,*,#856,.T.);
#1247 = ORIENTED_EDGE('',*,*,#1217,.T.);
#1248 = ORIENTED_EDGE('',*,*,#1249,.F.);
#1249 = EDGE_CURVE('',#1240,#1218,#1250,.T.);
#1250 = LINE('',#1251,#1252);
#1251 = CARTESIAN_POINT('',(-0.32,-2.38,-3.));
#1252 = VECTOR('',#1253,1.);
#1253 = DIRECTION('',(1.,0.,0.));
#1254 = PLANE('',#1255);
#1255 = AXIS2_PLACEMENT_3D('',#1256,#1257,#1258);
#1256 = CARTESIAN_POINT('',(-0.32,-2.3,-2.92));
#1257 = DIRECTION('',(-1.735167508357E-18,-0.707106781187,0.707106781187
    ));
#1258 = DIRECTION('',(-1.,1.226948711654E-18,-1.226948711654E-18));
#1259 = ADVANCED_FACE('',(#1260),#1271,.T.);
#1260 = FACE_BOUND('',#1261,.T.);
#1261 = EDGE_LOOP('',(#1262,#1263,#1264,#1265));
#1262 = ORIENTED_EDGE('',*,*,#1184,.F.);
#1263 = ORIENTED_EDGE('',*,*,#880,.T.);
#1264 = ORIENTED_EDGE('',*,*,#1239,.T.);
#1265 = ORIENTED_EDGE('',*,*,#1266,.F.);
#1266 = EDGE_CURVE('',#1185,#1240,#1267,.T.);
#1267 = LINE('',#1268,#1269);
#1268 = CARTESIAN_POINT('',(-0.16,-2.86,-3.));
#1269 = VECTOR('',#1270,1.);
#1270 = DIRECTION('',(0.,1.,0.));
#1271 = PLANE('',#1272);
#1272 = AXIS2_PLACEMENT_3D('',#1273,#1274,#1275);
#1273 = CARTESIAN_POINT('',(-0.24,-2.86,-2.92));
#1274 = DIRECTION('',(-0.707106781187,-1.735167508357E-18,
    -0.707106781187));
#1275 = DIRECTION('',(-1.226948711654E-18,1.,-1.226948711654E-18));
#1276 = ADVANCED_FACE('',(#1277),#1302,.F.);
#1277 = FACE_BOUND('',#1278,.T.);
#1278 = EDGE_LOOP('',(#1279,#1287,#1288,#1296));
#1279 = ORIENTED_EDGE('',*,*,#1280,.F.);
#1280 = EDGE_CURVE('',#906,#1281,#1283,.T.);
#1281 = VERTEX_POINT('',#1282);
#1282 = CARTESIAN_POINT('',(-0.16,-0.16,8.54));
#1283 = LINE('',#1284,#1285);
#1284 = CARTESIAN_POINT('',(-0.266666666667,-0.266666666667,
    8.433333333333));
#1285 = VECTOR('',#1286,1.);
#1286 = DIRECTION('',(0.57735026919,0.57735026919,0.57735026919));
#1287 = ORIENTED_EDGE('',*,*,#913,.T.);
#1288 = ORIENTED_EDGE('',*,*,#1289,.T.);
#1289 = EDGE_CURVE('',#897,#1290,#1292,.T.);
#1290 = VERTEX_POINT('',#1291);
#1291 = CARTESIAN_POINT('',(0.16,-0.16,8.54));
#1292 = LINE('',#1293,#1294);
#1293 = CARTESIAN_POINT('',(0.16,-0.16,8.54));
#1294 = VECTOR('',#1295,1.);
#1295 = DIRECTION('',(-0.57735026919,0.57735026919,0.57735026919));
#1296 = ORIENTED_EDGE('',*,*,#1297,.F.);
#1297 = EDGE_CURVE('',#1281,#1290,#1298,.T.);
#1298 = LINE('',#1299,#1300);
#1299 = CARTESIAN_POINT('',(-0.32,-0.16,8.54));
#1300 = VECTOR('',#1301,1.);
#1301 = DIRECTION('',(1.,0.,0.));
#1302 = PLANE('',#1303);
#1303 = AXIS2_PLACEMENT_3D('',#1304,#1305,#1306);
#1304 = CARTESIAN_POINT('',(-0.32,-0.24,8.46));
#1305 = DIRECTION('',(-1.735167508357E-18,0.707106781187,-0.707106781187
    ));
#1306 = DIRECTION('',(-1.,-1.226948711654E-18,1.226948711654E-18));
#1307 = ADVANCED_FACE('',(#1308),#1326,.T.);
#1308 = FACE_BOUND('',#1309,.T.);
#1309 = EDGE_LOOP('',(#1310,#1311,#1312,#1320));
#1310 = ORIENTED_EDGE('',*,*,#1289,.F.);
#1311 = ORIENTED_EDGE('',*,*,#937,.T.);
#1312 = ORIENTED_EDGE('',*,*,#1313,.T.);
#1313 = EDGE_CURVE('',#930,#1314,#1316,.T.);
#1314 = VERTEX_POINT('',#1315);
#1315 = CARTESIAN_POINT('',(0.16,0.16,8.54));
#1316 = LINE('',#1317,#1318);
#1317 = CARTESIAN_POINT('',(5.333333333333E-02,5.333333333333E-02,
    8.646666666667));
#1318 = VECTOR('',#1319,1.);
#1319 = DIRECTION('',(-0.57735026919,-0.57735026919,0.57735026919));
#1320 = ORIENTED_EDGE('',*,*,#1321,.F.);
#1321 = EDGE_CURVE('',#1290,#1314,#1322,.T.);
#1322 = LINE('',#1323,#1324);
#1323 = CARTESIAN_POINT('',(0.16,-0.32,8.54));
#1324 = VECTOR('',#1325,1.);
#1325 = DIRECTION('',(0.,1.,0.));
#1326 = PLANE('',#1327);
#1327 = AXIS2_PLACEMENT_3D('',#1328,#1329,#1330);
#1328 = CARTESIAN_POINT('',(0.24,-0.32,8.46));
#1329 = DIRECTION('',(0.707106781187,-1.735167508357E-18,0.707106781187)
  );
#1330 = DIRECTION('',(1.226948711654E-18,1.,1.226948711654E-18));
#1331 = ADVANCED_FACE('',(#1332),#1350,.T.);
#1332 = FACE_BOUND('',#1333,.F.);
#1333 = EDGE_LOOP('',(#1334,#1342,#1343,#1344));
#1334 = ORIENTED_EDGE('',*,*,#1335,.F.);
#1335 = EDGE_CURVE('',#954,#1336,#1338,.T.);
#1336 = VERTEX_POINT('',#1337);
#1337 = CARTESIAN_POINT('',(-0.16,0.16,8.54));
#1338 = LINE('',#1339,#1340);
#1339 = CARTESIAN_POINT('',(-0.16,0.16,8.54));
#1340 = VECTOR('',#1341,1.);
#1341 = DIRECTION('',(0.57735026919,-0.57735026919,0.57735026919));
#1342 = ORIENTED_EDGE('',*,*,#961,.T.);
#1343 = ORIENTED_EDGE('',*,*,#1313,.T.);
#1344 = ORIENTED_EDGE('',*,*,#1345,.F.);
#1345 = EDGE_CURVE('',#1336,#1314,#1346,.T.);
#1346 = LINE('',#1347,#1348);
#1347 = CARTESIAN_POINT('',(-0.32,0.16,8.54));
#1348 = VECTOR('',#1349,1.);
#1349 = DIRECTION('',(1.,0.,0.));
#1350 = PLANE('',#1351);
#1351 = AXIS2_PLACEMENT_3D('',#1352,#1353,#1354);
#1352 = CARTESIAN_POINT('',(-0.32,0.24,8.46));
#1353 = DIRECTION('',(1.735167508357E-18,0.707106781187,0.707106781187)
  );
#1354 = DIRECTION('',(-1.,1.226948711654E-18,1.226948711654E-18));
#1355 = ADVANCED_FACE('',(#1356),#1367,.F.);
#1356 = FACE_BOUND('',#1357,.F.);
#1357 = EDGE_LOOP('',(#1358,#1359,#1360,#1361));
#1358 = ORIENTED_EDGE('',*,*,#1280,.F.);
#1359 = ORIENTED_EDGE('',*,*,#978,.T.);
#1360 = ORIENTED_EDGE('',*,*,#1335,.T.);
#1361 = ORIENTED_EDGE('',*,*,#1362,.F.);
#1362 = EDGE_CURVE('',#1281,#1336,#1363,.T.);
#1363 = LINE('',#1364,#1365);
#1364 = CARTESIAN_POINT('',(-0.16,-0.32,8.54));
#1365 = VECTOR('',#1366,1.);
#1366 = DIRECTION('',(0.,1.,0.));
#1367 = PLANE('',#1368);
#1368 = AXIS2_PLACEMENT_3D('',#1369,#1370,#1371);
#1369 = CARTESIAN_POINT('',(-0.24,-0.32,8.46));
#1370 = DIRECTION('',(0.707106781187,1.735167508357E-18,-0.707106781187)
  );
#1371 = DIRECTION('',(-1.226948711654E-18,1.,1.226948711654E-18));
#1372 = ADVANCED_FACE('',(#1373),#1398,.F.);
#1373 = FACE_BOUND('',#1374,.T.);
#1374 = EDGE_LOOP('',(#1375,#1383,#1384,#1392));
#1375 = ORIENTED_EDGE('',*,*,#1376,.F.);
#1376 = EDGE_CURVE('',#1002,#1377,#1379,.T.);
#1377 = VERTEX_POINT('',#1378);
#1378 = CARTESIAN_POINT('',(-0.16,-2.7,8.54));
#1379 = LINE('',#1380,#1381);
#1380 = CARTESIAN_POINT('',(-0.266666666667,-2.806666666667,
    8.433333333333));
#1381 = VECTOR('',#1382,1.);
#1382 = DIRECTION('',(0.57735026919,0.57735026919,0.57735026919));
#1383 = ORIENTED_EDGE('',*,*,#1009,.T.);
#1384 = ORIENTED_EDGE('',*,*,#1385,.T.);
#1385 = EDGE_CURVE('',#993,#1386,#1388,.T.);
#1386 = VERTEX_POINT('',#1387);
#1387 = CARTESIAN_POINT('',(0.16,-2.7,8.54));
#1388 = LINE('',#1389,#1390);
#1389 = CARTESIAN_POINT('',(0.16,-2.7,8.54));
#1390 = VECTOR('',#1391,1.);
#1391 = DIRECTION('',(-0.57735026919,0.57735026919,0.57735026919));
#1392 = ORIENTED_EDGE('',*,*,#1393,.F.);
#1393 = EDGE_CURVE('',#1377,#1386,#1394,.T.);
#1394 = LINE('',#1395,#1396);
#1395 = CARTESIAN_POINT('',(-0.32,-2.7,8.54));
#1396 = VECTOR('',#1397,1.);
#1397 = DIRECTION('',(1.,0.,0.));
#1398 = PLANE('',#1399);
#1399 = AXIS2_PLACEMENT_3D('',#1400,#1401,#1402);
#1400 = CARTESIAN_POINT('',(-0.32,-2.78,8.46));
#1401 = DIRECTION('',(-1.735167508357E-18,0.707106781187,-0.707106781187
    ));
#1402 = DIRECTION('',(-1.,-1.226948711654E-18,1.226948711654E-18));
#1403 = ADVANCED_FACE('',(#1404),#1422,.T.);
#1404 = FACE_BOUND('',#1405,.T.);
#1405 = EDGE_LOOP('',(#1406,#1407,#1408,#1416));
#1406 = ORIENTED_EDGE('',*,*,#1385,.F.);
#1407 = ORIENTED_EDGE('',*,*,#1033,.T.);
#1408 = ORIENTED_EDGE('',*,*,#1409,.T.);
#1409 = EDGE_CURVE('',#1026,#1410,#1412,.T.);
#1410 = VERTEX_POINT('',#1411);
#1411 = CARTESIAN_POINT('',(0.16,-2.38,8.54));
#1412 = LINE('',#1413,#1414);
#1413 = CARTESIAN_POINT('',(5.333333333333E-02,-2.486666666667,
    8.646666666667));
#1414 = VECTOR('',#1415,1.);
#1415 = DIRECTION('',(-0.57735026919,-0.57735026919,0.57735026919));
#1416 = ORIENTED_EDGE('',*,*,#1417,.F.);
#1417 = EDGE_CURVE('',#1386,#1410,#1418,.T.);
#1418 = LINE('',#1419,#1420);
#1419 = CARTESIAN_POINT('',(0.16,-2.86,8.54));
#1420 = VECTOR('',#1421,1.);
#1421 = DIRECTION('',(0.,1.,0.));
#1422 = PLANE('',#1423);
#1423 = AXIS2_PLACEMENT_3D('',#1424,#1425,#1426);
#1424 = CARTESIAN_POINT('',(0.24,-2.86,8.46));
#1425 = DIRECTION('',(0.707106781187,-1.735167508357E-18,0.707106781187)
  );
#1426 = DIRECTION('',(1.226948711654E-18,1.,1.226948711654E-18));
#1427 = ADVANCED_FACE('',(#1428),#1446,.T.);
#1428 = FACE_BOUND('',#1429,.F.);
#1429 = EDGE_LOOP('',(#1430,#1438,#1439,#1440));
#1430 = ORIENTED_EDGE('',*,*,#1431,.F.);
#1431 = EDGE_CURVE('',#1050,#1432,#1434,.T.);
#1432 = VERTEX_POINT('',#1433);
#1433 = CARTESIAN_POINT('',(-0.16,-2.38,8.54));
#1434 = LINE('',#1435,#1436);
#1435 = CARTESIAN_POINT('',(-0.16,-2.38,8.54));
#1436 = VECTOR('',#1437,1.);
#1437 = DIRECTION('',(0.57735026919,-0.57735026919,0.57735026919));
#1438 = ORIENTED_EDGE('',*,*,#1057,.T.);
#1439 = ORIENTED_EDGE('',*,*,#1409,.T.);
#1440 = ORIENTED_EDGE('',*,*,#1441,.F.);
#1441 = EDGE_CURVE('',#1432,#1410,#1442,.T.);
#1442 = LINE('',#1443,#1444);
#1443 = CARTESIAN_POINT('',(-0.32,-2.38,8.54));
#1444 = VECTOR('',#1445,1.);
#1445 = DIRECTION('',(1.,0.,0.));
#1446 = PLANE('',#1447);
#1447 = AXIS2_PLACEMENT_3D('',#1448,#1449,#1450);
#1448 = CARTESIAN_POINT('',(-0.32,-2.3,8.46));
#1449 = DIRECTION('',(1.735167508357E-18,0.707106781187,0.707106781187)
  );
#1450 = DIRECTION('',(-1.,1.226948711654E-18,1.226948711654E-18));
#1451 = ADVANCED_FACE('',(#1452),#1463,.F.);
#1452 = FACE_BOUND('',#1453,.F.);
#1453 = EDGE_LOOP('',(#1454,#1455,#1456,#1457));
#1454 = ORIENTED_EDGE('',*,*,#1376,.F.);
#1455 = ORIENTED_EDGE('',*,*,#1074,.T.);
#1456 = ORIENTED_EDGE('',*,*,#1431,.T.);
#1457 = ORIENTED_EDGE('',*,*,#1458,.F.);
#1458 = EDGE_CURVE('',#1377,#1432,#1459,.T.);
#1459 = LINE('',#1460,#1461);
#1460 = CARTESIAN_POINT('',(-0.16,-2.86,8.54));
#1461 = VECTOR('',#1462,1.);
#1462 = DIRECTION('',(0.,1.,0.));
#1463 = PLANE('',#1464);
#1464 = AXIS2_PLACEMENT_3D('',#1465,#1466,#1467);
#1465 = CARTESIAN_POINT('',(-0.24,-2.86,8.46));
#1466 = DIRECTION('',(0.707106781187,1.735167508357E-18,-0.707106781187)
  );
#1467 = DIRECTION('',(-1.226948711654E-18,1.,1.226948711654E-18));
#1468 = ADVANCED_FACE('',(#1469),#1475,.F.);
#1469 = FACE_BOUND('',#1470,.F.);
#1470 = EDGE_LOOP('',(#1471,#1472,#1473,#1474));
#1471 = ORIENTED_EDGE('',*,*,#1170,.F.);
#1472 = ORIENTED_EDGE('',*,*,#1105,.T.);
#1473 = ORIENTED_EDGE('',*,*,#1129,.T.);
#1474 = ORIENTED_EDGE('',*,*,#1153,.F.);
#1475 = PLANE('',#1476);
#1476 = AXIS2_PLACEMENT_3D('',#1477,#1478,#1479);
#1477 = CARTESIAN_POINT('',(-0.32,-0.32,-3.));
#1478 = DIRECTION('',(0.,0.,1.));
#1479 = DIRECTION('',(1.,0.,-0.));
#1480 = ADVANCED_FACE('',(#1481),#1487,.F.);
#1481 = FACE_BOUND('',#1482,.F.);
#1482 = EDGE_LOOP('',(#1483,#1484,#1485,#1486));
#1483 = ORIENTED_EDGE('',*,*,#1266,.F.);
#1484 = ORIENTED_EDGE('',*,*,#1201,.T.);
#1485 = ORIENTED_EDGE('',*,*,#1225,.T.);
#1486 = ORIENTED_EDGE('',*,*,#1249,.F.);
#1487 = PLANE('',#1488);
#1488 = AXIS2_PLACEMENT_3D('',#1489,#1490,#1491);
#1489 = CARTESIAN_POINT('',(-0.32,-2.86,-3.));
#1490 = DIRECTION('',(0.,0.,1.));
#1491 = DIRECTION('',(1.,0.,-0.));
#1492 = ADVANCED_FACE('',(#1493),#1499,.T.);
#1493 = FACE_BOUND('',#1494,.T.);
#1494 = EDGE_LOOP('',(#1495,#1496,#1497,#1498));
#1495 = ORIENTED_EDGE('',*,*,#1345,.F.);
#1496 = ORIENTED_EDGE('',*,*,#1362,.F.);
#1497 = ORIENTED_EDGE('',*,*,#1297,.T.);
#1498 = ORIENTED_EDGE('',*,*,#1321,.T.);
#1499 = PLANE('',#1500);
#1500 = AXIS2_PLACEMENT_3D('',#1501,#1502,#1503);
#1501 = CARTESIAN_POINT('',(-0.32,-0.32,8.54));
#1502 = DIRECTION('',(0.,0.,1.));
#1503 = DIRECTION('',(1.,0.,-0.));
#1504 = ADVANCED_FACE('',(#1505),#1511,.T.);
#1505 = FACE_BOUND('',#1506,.T.);
#1506 = EDGE_LOOP('',(#1507,#1508,#1509,#1510));
#1507 = ORIENTED_EDGE('',*,*,#1441,.F.);
#1508 = ORIENTED_EDGE('',*,*,#1458,.F.);
#1509 = ORIENTED_EDGE('',*,*,#1393,.T.);
#1510 = ORIENTED_EDGE('',*,*,#1417,.T.);
#1511 = PLANE('',#1512);
#1512 = AXIS2_PLACEMENT_3D('',#1513,#1514,#1515);
#1513 = CARTESIAN_POINT('',(-0.32,-2.86,8.54));
#1514 = DIRECTION('',(0.,0.,1.));
#1515 = DIRECTION('',(1.,0.,-0.));
#1516 = ( GEOMETRIC_REPRESENTATION_CONTEXT(3) 
GLOBAL_UNCERTAINTY_ASSIGNED_CONTEXT((#1520)) 
GLOBAL_UNIT_ASSIGNED_CONTEXT((#1517,#1518,#1519)) REPRESENTATION_CONTEXT
('Context #1','3D Context with UNIT and UNCERTAINTY') );
#1517 = ( LENGTH_UNIT() NAMED_UNIT(*) SI_UNIT(.MILLI.,.METRE.) );
#1518 = ( NAMED_UNIT(*) PLANE_ANGLE_UNIT() SI_UNIT($,.RADIAN.) );
#1519 = ( NAMED_UNIT(*) SI_UNIT($,.STERADIAN.) SOLID_ANGLE_UNIT() );
#1520 = UNCERTAINTY_MEASURE_WITH_UNIT(LENGTH_MEASURE(1.E-07),#1517,
  'distance_accuracy_value','confusion accuracy');
#1521 = CONTEXT_DEPENDENT_SHAPE_REPRESENTATION(#1522,#1524);
#1522 = ( REPRESENTATION_RELATIONSHIP('','',#83,#60) 
REPRESENTATION_RELATIONSHIP_WITH_TRANSFORMATION(#1523) 
SHAPE_REPRESENTATION_RELATIONSHIP() );
#1523 = ITEM_DEFINED_TRANSFORMATION('','',#11,#61);
#1524 = PRODUCT_DEFINITION_SHAPE('Placement','Placement of an item',
  #1525);
#1525 = NEXT_ASSEMBLY_USAGE_OCCURRENCE('1','=>[0:1:1:3]','',#55,#78,$);
#1526 = PRODUCT_RELATED_PRODUCT_CATEGORY('part',$,(#80));
#1527 = CONTEXT_DEPENDENT_SHAPE_REPRESENTATION(#1528,#1530);
#1528 = ( REPRESENTATION_RELATIONSHIP('','',#60,#10) 
REPRESENTATION_RELATIONSHIP_WITH_TRANSFORMATION(#1529) 
SHAPE_REPRESENTATION_RELATIONSHIP() );
#1529 = ITEM_DEFINED_TRANSFORMATION('','',#11,#19);
#1530 = PRODUCT_DEFINITION_SHAPE('Placement','Placement of an item',
  #1531);
#1531 = NEXT_ASSEMBLY_USAGE_OCCURRENCE('3','5V','',#5,#55,$);
#1532 = CONTEXT_DEPENDENT_SHAPE_REPRESENTATION(#1533,#1535);
#1533 = ( REPRESENTATION_RELATIONSHIP('','',#60,#10) 
REPRESENTATION_RELATIONSHIP_WITH_TRANSFORMATION(#1534) 
SHAPE_REPRESENTATION_RELATIONSHIP() );
#1534 = ITEM_DEFINED_TRANSFORMATION('','',#11,#23);
#1535 = PRODUCT_DEFINITION_SHAPE('Placement','Placement of an item',
  #1536);
#1536 = NEXT_ASSEMBLY_USAGE_OCCURRENCE('4','3V3','',#5,#55,$);
#1537 = CONTEXT_DEPENDENT_SHAPE_REPRESENTATION(#1538,#1540);
#1538 = ( REPRESENTATION_RELATIONSHIP('','',#60,#10) 
REPRESENTATION_RELATIONSHIP_WITH_TRANSFORMATION(#1539) 
SHAPE_REPRESENTATION_RELATIONSHIP() );
#1539 = ITEM_DEFINED_TRANSFORMATION('','',#11,#27);
#1540 = PRODUCT_DEFINITION_SHAPE('Placement','Placement of an item',
  #1541);
#1541 = NEXT_ASSEMBLY_USAGE_OCCURRENCE('5','5V','',#5,#55,$);
#1542 = CONTEXT_DEPENDENT_SHAPE_REPRESENTATION(#1543,#1545);
#1543 = ( REPRESENTATION_RELATIONSHIP('','',#60,#10) 
REPRESENTATION_RELATIONSHIP_WITH_TRANSFORMATION(#1544) 
SHAPE_REPRESENTATION_RELATIONSHIP() );
#1544 = ITEM_DEFINED_TRANSFORMATION('','',#11,#31);
#1545 = PRODUCT_DEFINITION_SHAPE('Placement','Placement of an item',
  #1546);
#1546 = NEXT_ASSEMBLY_USAGE_OCCURRENCE('6','USART','',#5,#55,$);
#1547 = SHAPE_DEFINITION_REPRESENTATION(#1548,#1554);
#1548 = PRODUCT_DEFINITION_SHAPE('','',#1549);
#1549 = PRODUCT_DEFINITION('design','',#1550,#1553);
#1550 = PRODUCT_DEFINITION_FORMATION('','',#1551);
#1551 = PRODUCT('PinHeader_1x08_P2.54mm_Vertical',
  'PinHeader_1x08_P2.54mm_Vertical','',(#1552));
#1552 = PRODUCT_CONTEXT('',#2,'mechanical');
#1553 = PRODUCT_DEFINITION_CONTEXT('part definition',#2,'design');
#1554 = SHAPE_REPRESENTATION('',(#11,#1555),#1559);
#1555 = AXIS2_PLACEMENT_3D('',#1556,#1557,#1558);
#1556 = CARTESIAN_POINT('',(0.,0.,0.));
#1557 = DIRECTION('',(0.,0.,1.));
#1558 = DIRECTION('',(1.,0.,-0.));
#1559 = ( GEOMETRIC_REPRESENTATION_CONTEXT(3) 
GLOBAL_UNCERTAINTY_ASSIGNED_CONTEXT((#1563)) 
GLOBAL_UNIT_ASSIGNED_CONTEXT((#1560,#1561,#1562)) REPRESENTATION_CONTEXT
('Context #1','3D Context with UNIT and UNCERTAINTY') );
#1560 = ( LENGTH_UNIT() NAMED_UNIT(*) SI_UNIT(.MILLI.,.METRE.) );
#1561 = ( NAMED_UNIT(*) PLANE_ANGLE_UNIT() SI_UNIT($,.RADIAN.) );
#1562 = ( NAMED_UNIT(*) SI_UNIT($,.STERADIAN.) SOLID_ANGLE_UNIT() );
#1563 = UNCERTAINTY_MEASURE_WITH_UNIT(LENGTH_MEASURE(1.E-07),#1560,
  'distance_accuracy_value','confusion accuracy');
#1564 = CONTEXT_DEPENDENT_SHAPE_REPRESENTATION(#1565,#1567);
#1565 = ( REPRESENTATION_RELATIONSHIP('','',#1554,#10) 
REPRESENTATION_RELATIONSHIP_WITH_TRANSFORMATION(#1566) 
SHAPE_REPRESENTATION_RELATIONSHIP() );
#1566 = ITEM_DEFINED_TRANSFORMATION('','',#11,#35);
#1567 = PRODUCT_DEFINITION_SHAPE('Placement','Placement of an item',
  #1568);
#1568 = NEXT_ASSEMBLY_USAGE_OCCURRENCE('8','GPIO','',#5,#1549,$);
#1569 = PRODUCT_RELATED_PRODUCT_CATEGORY('part',$,(#1551));
#1570 = SHAPE_DEFINITION_REPRESENTATION(#1571,#1577);
#1571 = PRODUCT_DEFINITION_SHAPE('','',#1572);
#1572 = PRODUCT_DEFINITION('design','',#1573,#1576);
#1573 = PRODUCT_DEFINITION_FORMATION('','',#1574);
#1574 = PRODUCT('PinHeader_1x08_P254mm_Vertical',
  'PinHeader_1x08_P254mm_Vertical','',(#1575));
#1575 = PRODUCT_CONTEXT('',#2,'mechanical');
#1576 = PRODUCT_DEFINITION_CONTEXT('part definition',#2,'design');
#1577 = ADVANCED_BREP_SHAPE_REPRESENTATION('',(#11,#1578),#7054);
#1578 = MANIFOLD_SOLID_BREP('',#1579);
#1579 = CLOSED_SHELL('',(#1580,#1620,#1651,#1682,#2339,#2996,#3013,#3030
    ,#3047,#3064,#3081,#3098,#3115,#3132,#3149,#3166,#3183,#3200,#3217,
    #3234,#3251,#3268,#3285,#3302,#3319,#3336,#3353,#3370,#3387,#3404,
    #3421,#3438,#3455,#3472,#3489,#3506,#3523,#3540,#3557,#3574,#3591,
    #3608,#3625,#3642,#3659,#3676,#3693,#3710,#3727,#3744,#3761,#3778,
    #3790,#3821,#3845,#3869,#3886,#3917,#3941,#3965,#3982,#4013,#4037,
    #4061,#4078,#4109,#4133,#4157,#4174,#4205,#4229,#4253,#4270,#4301,
    #4325,#4349,#4366,#4397,#4421,#4445,#4462,#4493,#4517,#4541,#4558,
    #4589,#4613,#4637,#4654,#4685,#4709,#4733,#4750,#4781,#4805,#4829,
    #4846,#4877,#4901,#4925,#4942,#4973,#4997,#5021,#5038,#5069,#5093,
    #5117,#5134,#5165,#5189,#5213,#5230,#5261,#5285,#5309,#5326,#5357,
    #5381,#5405,#5422,#5453,#5477,#5501,#5518,#5549,#5573,#5597,#5614,
    #5645,#5669,#5693,#5710,#5741,#5765,#5789,#5806,#5837,#5861,#5885,
    #5902,#5933,#5957,#5981,#5998,#6029,#6053,#6077,#6094,#6125,#6149,
    #6173,#6190,#6221,#6245,#6269,#6286,#6317,#6341,#6365,#6382,#6413,
    #6437,#6461,#6478,#6509,#6533,#6557,#6574,#6605,#6629,#6653,#6670,
    #6701,#6725,#6749,#6766,#6797,#6821,#6845,#6862,#6874,#6886,#6898,
    #6910,#6922,#6934,#6946,#6958,#6970,#6982,#6994,#7006,#7018,#7030,
    #7042));
#1580 = ADVANCED_FACE('',(#1581),#1615,.F.);
#1581 = FACE_BOUND('',#1582,.F.);
#1582 = EDGE_LOOP('',(#1583,#1593,#1601,#1609));
#1583 = ORIENTED_EDGE('',*,*,#1584,.T.);
#1584 = EDGE_CURVE('',#1585,#1587,#1589,.T.);
#1585 = VERTEX_POINT('',#1586);
#1586 = CARTESIAN_POINT('',(-1.016,1.27,0.));
#1587 = VERTEX_POINT('',#1588);
#1588 = CARTESIAN_POINT('',(-1.016,1.27,2.54));
#1589 = LINE('',#1590,#1591);
#1590 = CARTESIAN_POINT('',(-1.016,1.27,0.));
#1591 = VECTOR('',#1592,1.);
#1592 = DIRECTION('',(0.,0.,1.));
#1593 = ORIENTED_EDGE('',*,*,#1594,.T.);
#1594 = EDGE_CURVE('',#1587,#1595,#1597,.T.);
#1595 = VERTEX_POINT('',#1596);
#1596 = CARTESIAN_POINT('',(-1.27,1.016,2.54));
#1597 = LINE('',#1598,#1599);
#1598 = CARTESIAN_POINT('',(-1.016,1.27,2.54));
#1599 = VECTOR('',#1600,1.);
#1600 = DIRECTION('',(-0.707106781187,-0.707106781187,0.));
#1601 = ORIENTED_EDGE('',*,*,#1602,.F.);
#1602 = EDGE_CURVE('',#1603,#1595,#1605,.T.);
#1603 = VERTEX_POINT('',#1604);
#1604 = CARTESIAN_POINT('',(-1.27,1.016,0.));
#1605 = LINE('',#1606,#1607);
#1606 = CARTESIAN_POINT('',(-1.27,1.016,0.));
#1607 = VECTOR('',#1608,1.);
#1608 = DIRECTION('',(0.,0.,1.));
#1609 = ORIENTED_EDGE('',*,*,#1610,.F.);
#1610 = EDGE_CURVE('',#1585,#1603,#1611,.T.);
#1611 = LINE('',#1612,#1613);
#1612 = CARTESIAN_POINT('',(-1.016,1.27,0.));
#1613 = VECTOR('',#1614,1.);
#1614 = DIRECTION('',(-0.707106781187,-0.707106781187,0.));
#1615 = PLANE('',#1616);
#1616 = AXIS2_PLACEMENT_3D('',#1617,#1618,#1619);
#1617 = CARTESIAN_POINT('',(-1.016,1.27,0.));
#1618 = DIRECTION('',(0.707106781187,-0.707106781187,0.));
#1619 = DIRECTION('',(-0.707106781187,-0.707106781187,0.));
#1620 = ADVANCED_FACE('',(#1621),#1646,.F.);
#1621 = FACE_BOUND('',#1622,.F.);
#1622 = EDGE_LOOP('',(#1623,#1633,#1639,#1640));
#1623 = ORIENTED_EDGE('',*,*,#1624,.T.);
#1624 = EDGE_CURVE('',#1625,#1627,#1629,.T.);
#1625 = VERTEX_POINT('',#1626);
#1626 = CARTESIAN_POINT('',(1.016,1.27,0.));
#1627 = VERTEX_POINT('',#1628);
#1628 = CARTESIAN_POINT('',(1.016,1.27,2.54));
#1629 = LINE('',#1630,#1631);
#1630 = CARTESIAN_POINT('',(1.016,1.27,0.));
#1631 = VECTOR('',#1632,1.);
#1632 = DIRECTION('',(0.,0.,1.));
#1633 = ORIENTED_EDGE('',*,*,#1634,.T.);
#1634 = EDGE_CURVE('',#1627,#1587,#1635,.T.);
#1635 = LINE('',#1636,#1637);
#1636 = CARTESIAN_POINT('',(1.016,1.27,2.54));
#1637 = VECTOR('',#1638,1.);
#1638 = DIRECTION('',(-1.,0.,0.));
#1639 = ORIENTED_EDGE('',*,*,#1584,.F.);
#1640 = ORIENTED_EDGE('',*,*,#1641,.F.);
#1641 = EDGE_CURVE('',#1625,#1585,#1642,.T.);
#1642 = LINE('',#1643,#1644);
#1643 = CARTESIAN_POINT('',(1.016,1.27,0.));
#1644 = VECTOR('',#1645,1.);
#1645 = DIRECTION('',(-1.,0.,0.));
#1646 = PLANE('',#1647);
#1647 = AXIS2_PLACEMENT_3D('',#1648,#1649,#1650);
#1648 = CARTESIAN_POINT('',(1.016,1.27,0.));
#1649 = DIRECTION('',(0.,-1.,0.));
#1650 = DIRECTION('',(-1.,0.,0.));
#1651 = ADVANCED_FACE('',(#1652),#1677,.F.);
#1652 = FACE_BOUND('',#1653,.F.);
#1653 = EDGE_LOOP('',(#1654,#1655,#1663,#1671));
#1654 = ORIENTED_EDGE('',*,*,#1602,.T.);
#1655 = ORIENTED_EDGE('',*,*,#1656,.T.);
#1656 = EDGE_CURVE('',#1595,#1657,#1659,.T.);
#1657 = VERTEX_POINT('',#1658);
#1658 = CARTESIAN_POINT('',(-1.27,-1.016,2.54));
#1659 = LINE('',#1660,#1661);
#1660 = CARTESIAN_POINT('',(-1.27,1.016,2.54));
#1661 = VECTOR('',#1662,1.);
#1662 = DIRECTION('',(0.,-1.,0.));
#1663 = ORIENTED_EDGE('',*,*,#1664,.F.);
#1664 = EDGE_CURVE('',#1665,#1657,#1667,.T.);
#1665 = VERTEX_POINT('',#1666);
#1666 = CARTESIAN_POINT('',(-1.27,-1.016,0.));
#1667 = LINE('',#1668,#1669);
#1668 = CARTESIAN_POINT('',(-1.27,-1.016,0.));
#1669 = VECTOR('',#1670,1.);
#1670 = DIRECTION('',(0.,0.,1.));
#1671 = ORIENTED_EDGE('',*,*,#1672,.F.);
#1672 = EDGE_CURVE('',#1603,#1665,#1673,.T.);
#1673 = LINE('',#1674,#1675);
#1674 = CARTESIAN_POINT('',(-1.27,1.016,0.));
#1675 = VECTOR('',#1676,1.);
#1676 = DIRECTION('',(0.,-1.,0.));
#1677 = PLANE('',#1678);
#1678 = AXIS2_PLACEMENT_3D('',#1679,#1680,#1681);
#1679 = CARTESIAN_POINT('',(-1.27,1.016,0.));
#1680 = DIRECTION('',(1.,0.,0.));
#1681 = DIRECTION('',(0.,-1.,0.));
#1682 = ADVANCED_FACE('',(#1683,#2062,#2096,#2130,#2164,#2198,#2232,
    #2266,#2300),#2334,.F.);
#1683 = FACE_BOUND('',#1684,.F.);
#1684 = EDGE_LOOP('',(#1685,#1686,#1687,#1695,#1703,#1711,#1719,#1727,
    #1735,#1743,#1751,#1759,#1767,#1775,#1783,#1791,#1799,#1807,#1815,
    #1823,#1831,#1839,#1847,#1855,#1863,#1871,#1879,#1887,#1895,#1903,
    #1911,#1919,#1927,#1935,#1943,#1951,#1959,#1967,#1975,#1983,#1991,
    #1999,#2007,#2015,#2023,#2031,#2039,#2047,#2055,#2061));
#1685 = ORIENTED_EDGE('',*,*,#1610,.T.);
#1686 = ORIENTED_EDGE('',*,*,#1672,.T.);
#1687 = ORIENTED_EDGE('',*,*,#1688,.T.);
#1688 = EDGE_CURVE('',#1665,#1689,#1691,.T.);
#1689 = VERTEX_POINT('',#1690);
#1690 = CARTESIAN_POINT('',(-1.016,-1.27,0.));
#1691 = LINE('',#1692,#1693);
#1692 = CARTESIAN_POINT('',(-1.27,-1.016,0.));
#1693 = VECTOR('',#1694,1.);
#1694 = DIRECTION('',(0.707106781187,-0.707106781187,0.));
#1695 = ORIENTED_EDGE('',*,*,#1696,.T.);
#1696 = EDGE_CURVE('',#1689,#1697,#1699,.T.);
#1697 = VERTEX_POINT('',#1698);
#1698 = CARTESIAN_POINT('',(-1.27,-1.524,0.));
#1699 = LINE('',#1700,#1701);
#1700 = CARTESIAN_POINT('',(-1.016,-1.27,0.));
#1701 = VECTOR('',#1702,1.);
#1702 = DIRECTION('',(-0.707106781187,-0.707106781187,0.));
#1703 = ORIENTED_EDGE('',*,*,#1704,.T.);
#1704 = EDGE_CURVE('',#1697,#1705,#1707,.T.);
#1705 = VERTEX_POINT('',#1706);
#1706 = CARTESIAN_POINT('',(-1.27,-3.556,0.));
#1707 = LINE('',#1708,#1709);
#1708 = CARTESIAN_POINT('',(-1.27,-1.524,0.));
#1709 = VECTOR('',#1710,1.);
#1710 = DIRECTION('',(0.,-1.,0.));
#1711 = ORIENTED_EDGE('',*,*,#1712,.T.);
#1712 = EDGE_CURVE('',#1705,#1713,#1715,.T.);
#1713 = VERTEX_POINT('',#1714);
#1714 = CARTESIAN_POINT('',(-1.016,-3.81,0.));
#1715 = LINE('',#1716,#1717);
#1716 = CARTESIAN_POINT('',(-1.27,-3.556,0.));
#1717 = VECTOR('',#1718,1.);
#1718 = DIRECTION('',(0.707106781187,-0.707106781187,0.));
#1719 = ORIENTED_EDGE('',*,*,#1720,.T.);
#1720 = EDGE_CURVE('',#1713,#1721,#1723,.T.);
#1721 = VERTEX_POINT('',#1722);
#1722 = CARTESIAN_POINT('',(-1.27,-4.064,0.));
#1723 = LINE('',#1724,#1725);
#1724 = CARTESIAN_POINT('',(-1.016,-3.81,0.));
#1725 = VECTOR('',#1726,1.);
#1726 = DIRECTION('',(-0.707106781187,-0.707106781187,0.));
#1727 = ORIENTED_EDGE('',*,*,#1728,.T.);
#1728 = EDGE_CURVE('',#1721,#1729,#1731,.T.);
#1729 = VERTEX_POINT('',#1730);
#1730 = CARTESIAN_POINT('',(-1.27,-6.096,0.));
#1731 = LINE('',#1732,#1733);
#1732 = CARTESIAN_POINT('',(-1.27,-4.064,0.));
#1733 = VECTOR('',#1734,1.);
#1734 = DIRECTION('',(0.,-1.,0.));
#1735 = ORIENTED_EDGE('',*,*,#1736,.T.);
#1736 = EDGE_CURVE('',#1729,#1737,#1739,.T.);
#1737 = VERTEX_POINT('',#1738);
#1738 = CARTESIAN_POINT('',(-1.016,-6.35,0.));
#1739 = LINE('',#1740,#1741);
#1740 = CARTESIAN_POINT('',(-1.27,-6.096,0.));
#1741 = VECTOR('',#1742,1.);
#1742 = DIRECTION('',(0.707106781187,-0.707106781187,0.));
#1743 = ORIENTED_EDGE('',*,*,#1744,.T.);
#1744 = EDGE_CURVE('',#1737,#1745,#1747,.T.);
#1745 = VERTEX_POINT('',#1746);
#1746 = CARTESIAN_POINT('',(-1.27,-6.604,0.));
#1747 = LINE('',#1748,#1749);
#1748 = CARTESIAN_POINT('',(-1.016,-6.35,0.));
#1749 = VECTOR('',#1750,1.);
#1750 = DIRECTION('',(-0.707106781187,-0.707106781187,0.));
#1751 = ORIENTED_EDGE('',*,*,#1752,.T.);
#1752 = EDGE_CURVE('',#1745,#1753,#1755,.T.);
#1753 = VERTEX_POINT('',#1754);
#1754 = CARTESIAN_POINT('',(-1.27,-8.636,0.));
#1755 = LINE('',#1756,#1757);
#1756 = CARTESIAN_POINT('',(-1.27,-6.604,0.));
#1757 = VECTOR('',#1758,1.);
#1758 = DIRECTION('',(0.,-1.,0.));
#1759 = ORIENTED_EDGE('',*,*,#1760,.T.);
#1760 = EDGE_CURVE('',#1753,#1761,#1763,.T.);
#1761 = VERTEX_POINT('',#1762);
#1762 = CARTESIAN_POINT('',(-1.016,-8.89,0.));
#1763 = LINE('',#1764,#1765);
#1764 = CARTESIAN_POINT('',(-1.27,-8.636,0.));
#1765 = VECTOR('',#1766,1.);
#1766 = DIRECTION('',(0.707106781187,-0.707106781187,0.));
#1767 = ORIENTED_EDGE('',*,*,#1768,.T.);
#1768 = EDGE_CURVE('',#1761,#1769,#1771,.T.);
#1769 = VERTEX_POINT('',#1770);
#1770 = CARTESIAN_POINT('',(-1.27,-9.144,0.));
#1771 = LINE('',#1772,#1773);
#1772 = CARTESIAN_POINT('',(-1.016,-8.89,0.));
#1773 = VECTOR('',#1774,1.);
#1774 = DIRECTION('',(-0.707106781187,-0.707106781187,0.));
#1775 = ORIENTED_EDGE('',*,*,#1776,.T.);
#1776 = EDGE_CURVE('',#1769,#1777,#1779,.T.);
#1777 = VERTEX_POINT('',#1778);
#1778 = CARTESIAN_POINT('',(-1.27,-11.176,0.));
#1779 = LINE('',#1780,#1781);
#1780 = CARTESIAN_POINT('',(-1.27,-9.144,0.));
#1781 = VECTOR('',#1782,1.);
#1782 = DIRECTION('',(0.,-1.,0.));
#1783 = ORIENTED_EDGE('',*,*,#1784,.T.);
#1784 = EDGE_CURVE('',#1777,#1785,#1787,.T.);
#1785 = VERTEX_POINT('',#1786);
#1786 = CARTESIAN_POINT('',(-1.016,-11.43,0.));
#1787 = LINE('',#1788,#1789);
#1788 = CARTESIAN_POINT('',(-1.27,-11.176,0.));
#1789 = VECTOR('',#1790,1.);
#1790 = DIRECTION('',(0.707106781187,-0.707106781187,0.));
#1791 = ORIENTED_EDGE('',*,*,#1792,.T.);
#1792 = EDGE_CURVE('',#1785,#1793,#1795,.T.);
#1793 = VERTEX_POINT('',#1794);
#1794 = CARTESIAN_POINT('',(-1.27,-11.684,0.));
#1795 = LINE('',#1796,#1797);
#1796 = CARTESIAN_POINT('',(-1.016,-11.43,0.));
#1797 = VECTOR('',#1798,1.);
#1798 = DIRECTION('',(-0.707106781187,-0.707106781187,0.));
#1799 = ORIENTED_EDGE('',*,*,#1800,.T.);
#1800 = EDGE_CURVE('',#1793,#1801,#1803,.T.);
#1801 = VERTEX_POINT('',#1802);
#1802 = CARTESIAN_POINT('',(-1.27,-13.716,0.));
#1803 = LINE('',#1804,#1805);
#1804 = CARTESIAN_POINT('',(-1.27,-11.684,0.));
#1805 = VECTOR('',#1806,1.);
#1806 = DIRECTION('',(0.,-1.,0.));
#1807 = ORIENTED_EDGE('',*,*,#1808,.T.);
#1808 = EDGE_CURVE('',#1801,#1809,#1811,.T.);
#1809 = VERTEX_POINT('',#1810);
#1810 = CARTESIAN_POINT('',(-1.016,-13.97,0.));
#1811 = LINE('',#1812,#1813);
#1812 = CARTESIAN_POINT('',(-1.27,-13.716,0.));
#1813 = VECTOR('',#1814,1.);
#1814 = DIRECTION('',(0.707106781187,-0.707106781187,0.));
#1815 = ORIENTED_EDGE('',*,*,#1816,.T.);
#1816 = EDGE_CURVE('',#1809,#1817,#1819,.T.);
#1817 = VERTEX_POINT('',#1818);
#1818 = CARTESIAN_POINT('',(-1.27,-14.224,0.));
#1819 = LINE('',#1820,#1821);
#1820 = CARTESIAN_POINT('',(-1.016,-13.97,0.));
#1821 = VECTOR('',#1822,1.);
#1822 = DIRECTION('',(-0.707106781187,-0.707106781187,0.));
#1823 = ORIENTED_EDGE('',*,*,#1824,.T.);
#1824 = EDGE_CURVE('',#1817,#1825,#1827,.T.);
#1825 = VERTEX_POINT('',#1826);
#1826 = CARTESIAN_POINT('',(-1.27,-16.256,0.));
#1827 = LINE('',#1828,#1829);
#1828 = CARTESIAN_POINT('',(-1.27,-14.224,0.));
#1829 = VECTOR('',#1830,1.);
#1830 = DIRECTION('',(0.,-1.,0.));
#1831 = ORIENTED_EDGE('',*,*,#1832,.T.);
#1832 = EDGE_CURVE('',#1825,#1833,#1835,.T.);
#1833 = VERTEX_POINT('',#1834);
#1834 = CARTESIAN_POINT('',(-1.016,-16.51,0.));
#1835 = LINE('',#1836,#1837);
#1836 = CARTESIAN_POINT('',(-1.27,-16.256,0.));
#1837 = VECTOR('',#1838,1.);
#1838 = DIRECTION('',(0.707106781187,-0.707106781187,0.));
#1839 = ORIENTED_EDGE('',*,*,#1840,.T.);
#1840 = EDGE_CURVE('',#1833,#1841,#1843,.T.);
#1841 = VERTEX_POINT('',#1842);
#1842 = CARTESIAN_POINT('',(-1.27,-16.764,0.));
#1843 = LINE('',#1844,#1845);
#1844 = CARTESIAN_POINT('',(-1.016,-16.51,0.));
#1845 = VECTOR('',#1846,1.);
#1846 = DIRECTION('',(-0.707106781187,-0.707106781187,0.));
#1847 = ORIENTED_EDGE('',*,*,#1848,.T.);
#1848 = EDGE_CURVE('',#1841,#1849,#1851,.T.);
#1849 = VERTEX_POINT('',#1850);
#1850 = CARTESIAN_POINT('',(-1.27,-18.796,0.));
#1851 = LINE('',#1852,#1853);
#1852 = CARTESIAN_POINT('',(-1.27,-16.764,0.));
#1853 = VECTOR('',#1854,1.);
#1854 = DIRECTION('',(0.,-1.,0.));
#1855 = ORIENTED_EDGE('',*,*,#1856,.T.);
#1856 = EDGE_CURVE('',#1849,#1857,#1859,.T.);
#1857 = VERTEX_POINT('',#1858);
#1858 = CARTESIAN_POINT('',(-1.016,-19.05,0.));
#1859 = LINE('',#1860,#1861);
#1860 = CARTESIAN_POINT('',(-1.27,-18.796,0.));
#1861 = VECTOR('',#1862,1.);
#1862 = DIRECTION('',(0.707106781187,-0.707106781187,0.));
#1863 = ORIENTED_EDGE('',*,*,#1864,.T.);
#1864 = EDGE_CURVE('',#1857,#1865,#1867,.T.);
#1865 = VERTEX_POINT('',#1866);
#1866 = CARTESIAN_POINT('',(1.016,-19.05,0.));
#1867 = LINE('',#1868,#1869);
#1868 = CARTESIAN_POINT('',(-1.016,-19.05,0.));
#1869 = VECTOR('',#1870,1.);
#1870 = DIRECTION('',(1.,0.,0.));
#1871 = ORIENTED_EDGE('',*,*,#1872,.T.);
#1872 = EDGE_CURVE('',#1865,#1873,#1875,.T.);
#1873 = VERTEX_POINT('',#1874);
#1874 = CARTESIAN_POINT('',(1.27,-18.796,0.));
#1875 = LINE('',#1876,#1877);
#1876 = CARTESIAN_POINT('',(1.016,-19.05,0.));
#1877 = VECTOR('',#1878,1.);
#1878 = DIRECTION('',(0.707106781187,0.707106781187,0.));
#1879 = ORIENTED_EDGE('',*,*,#1880,.T.);
#1880 = EDGE_CURVE('',#1873,#1881,#1883,.T.);
#1881 = VERTEX_POINT('',#1882);
#1882 = CARTESIAN_POINT('',(1.27,-16.764,0.));
#1883 = LINE('',#1884,#1885);
#1884 = CARTESIAN_POINT('',(1.27,-18.796,0.));
#1885 = VECTOR('',#1886,1.);
#1886 = DIRECTION('',(0.,1.,0.));
#1887 = ORIENTED_EDGE('',*,*,#1888,.T.);
#1888 = EDGE_CURVE('',#1881,#1889,#1891,.T.);
#1889 = VERTEX_POINT('',#1890);
#1890 = CARTESIAN_POINT('',(1.016,-16.51,0.));
#1891 = LINE('',#1892,#1893);
#1892 = CARTESIAN_POINT('',(1.27,-16.764,0.));
#1893 = VECTOR('',#1894,1.);
#1894 = DIRECTION('',(-0.707106781187,0.707106781187,0.));
#1895 = ORIENTED_EDGE('',*,*,#1896,.T.);
#1896 = EDGE_CURVE('',#1889,#1897,#1899,.T.);
#1897 = VERTEX_POINT('',#1898);
#1898 = CARTESIAN_POINT('',(1.27,-16.256,0.));
#1899 = LINE('',#1900,#1901);
#1900 = CARTESIAN_POINT('',(1.016,-16.51,0.));
#1901 = VECTOR('',#1902,1.);
#1902 = DIRECTION('',(0.707106781187,0.707106781187,0.));
#1903 = ORIENTED_EDGE('',*,*,#1904,.T.);
#1904 = EDGE_CURVE('',#1897,#1905,#1907,.T.);
#1905 = VERTEX_POINT('',#1906);
#1906 = CARTESIAN_POINT('',(1.27,-14.224,0.));
#1907 = LINE('',#1908,#1909);
#1908 = CARTESIAN_POINT('',(1.27,-16.256,0.));
#1909 = VECTOR('',#1910,1.);
#1910 = DIRECTION('',(0.,1.,0.));
#1911 = ORIENTED_EDGE('',*,*,#1912,.T.);
#1912 = EDGE_CURVE('',#1905,#1913,#1915,.T.);
#1913 = VERTEX_POINT('',#1914);
#1914 = CARTESIAN_POINT('',(1.016,-13.97,0.));
#1915 = LINE('',#1916,#1917);
#1916 = CARTESIAN_POINT('',(1.27,-14.224,0.));
#1917 = VECTOR('',#1918,1.);
#1918 = DIRECTION('',(-0.707106781187,0.707106781187,0.));
#1919 = ORIENTED_EDGE('',*,*,#1920,.T.);
#1920 = EDGE_CURVE('',#1913,#1921,#1923,.T.);
#1921 = VERTEX_POINT('',#1922);
#1922 = CARTESIAN_POINT('',(1.27,-13.716,0.));
#1923 = LINE('',#1924,#1925);
#1924 = CARTESIAN_POINT('',(1.016,-13.97,0.));
#1925 = VECTOR('',#1926,1.);
#1926 = DIRECTION('',(0.707106781187,0.707106781187,0.));
#1927 = ORIENTED_EDGE('',*,*,#1928,.T.);
#1928 = EDGE_CURVE('',#1921,#1929,#1931,.T.);
#1929 = VERTEX_POINT('',#1930);
#1930 = CARTESIAN_POINT('',(1.27,-11.684,0.));
#1931 = LINE('',#1932,#1933);
#1932 = CARTESIAN_POINT('',(1.27,-13.716,0.));
#1933 = VECTOR('',#1934,1.);
#1934 = DIRECTION('',(0.,1.,0.));
#1935 = ORIENTED_EDGE('',*,*,#1936,.T.);
#1936 = EDGE_CURVE('',#1929,#1937,#1939,.T.);
#1937 = VERTEX_POINT('',#1938);
#1938 = CARTESIAN_POINT('',(1.016,-11.43,0.));
#1939 = LINE('',#1940,#1941);
#1940 = CARTESIAN_POINT('',(1.27,-11.684,0.));
#1941 = VECTOR('',#1942,1.);
#1942 = DIRECTION('',(-0.707106781187,0.707106781187,0.));
#1943 = ORIENTED_EDGE('',*,*,#1944,.T.);
#1944 = EDGE_CURVE('',#1937,#1945,#1947,.T.);
#1945 = VERTEX_POINT('',#1946);
#1946 = CARTESIAN_POINT('',(1.27,-11.176,0.));
#1947 = LINE('',#1948,#1949);
#1948 = CARTESIAN_POINT('',(1.016,-11.43,0.));
#1949 = VECTOR('',#1950,1.);
#1950 = DIRECTION('',(0.707106781187,0.707106781187,0.));
#1951 = ORIENTED_EDGE('',*,*,#1952,.T.);
#1952 = EDGE_CURVE('',#1945,#1953,#1955,.T.);
#1953 = VERTEX_POINT('',#1954);
#1954 = CARTESIAN_POINT('',(1.27,-9.144,0.));
#1955 = LINE('',#1956,#1957);
#1956 = CARTESIAN_POINT('',(1.27,-11.176,0.));
#1957 = VECTOR('',#1958,1.);
#1958 = DIRECTION('',(0.,1.,0.));
#1959 = ORIENTED_EDGE('',*,*,#1960,.T.);
#1960 = EDGE_CURVE('',#1953,#1961,#1963,.T.);
#1961 = VERTEX_POINT('',#1962);
#1962 = CARTESIAN_POINT('',(1.016,-8.89,0.));
#1963 = LINE('',#1964,#1965);
#1964 = CARTESIAN_POINT('',(1.27,-9.144,0.));
#1965 = VECTOR('',#1966,1.);
#1966 = DIRECTION('',(-0.707106781187,0.707106781187,0.));
#1967 = ORIENTED_EDGE('',*,*,#1968,.T.);
#1968 = EDGE_CURVE('',#1961,#1969,#1971,.T.);
#1969 = VERTEX_POINT('',#1970);
#1970 = CARTESIAN_POINT('',(1.27,-8.636,0.));
#1971 = LINE('',#1972,#1973);
#1972 = CARTESIAN_POINT('',(1.016,-8.89,0.));
#1973 = VECTOR('',#1974,1.);
#1974 = DIRECTION('',(0.707106781187,0.707106781187,0.));
#1975 = ORIENTED_EDGE('',*,*,#1976,.T.);
#1976 = EDGE_CURVE('',#1969,#1977,#1979,.T.);
#1977 = VERTEX_POINT('',#1978);
#1978 = CARTESIAN_POINT('',(1.27,-6.604,0.));
#1979 = LINE('',#1980,#1981);
#1980 = CARTESIAN_POINT('',(1.27,-8.636,0.));
#1981 = VECTOR('',#1982,1.);
#1982 = DIRECTION('',(0.,1.,0.));
#1983 = ORIENTED_EDGE('',*,*,#1984,.T.);
#1984 = EDGE_CURVE('',#1977,#1985,#1987,.T.);
#1985 = VERTEX_POINT('',#1986);
#1986 = CARTESIAN_POINT('',(1.016,-6.35,0.));
#1987 = LINE('',#1988,#1989);
#1988 = CARTESIAN_POINT('',(1.27,-6.604,0.));
#1989 = VECTOR('',#1990,1.);
#1990 = DIRECTION('',(-0.707106781187,0.707106781187,0.));
#1991 = ORIENTED_EDGE('',*,*,#1992,.T.);
#1992 = EDGE_CURVE('',#1985,#1993,#1995,.T.);
#1993 = VERTEX_POINT('',#1994);
#1994 = CARTESIAN_POINT('',(1.27,-6.096,0.));
#1995 = LINE('',#1996,#1997);
#1996 = CARTESIAN_POINT('',(1.016,-6.35,0.));
#1997 = VECTOR('',#1998,1.);
#1998 = DIRECTION('',(0.707106781187,0.707106781187,0.));
#1999 = ORIENTED_EDGE('',*,*,#2000,.T.);
#2000 = EDGE_CURVE('',#1993,#2001,#2003,.T.);
#2001 = VERTEX_POINT('',#2002);
#2002 = CARTESIAN_POINT('',(1.27,-4.064,0.));
#2003 = LINE('',#2004,#2005);
#2004 = CARTESIAN_POINT('',(1.27,-6.096,0.));
#2005 = VECTOR('',#2006,1.);
#2006 = DIRECTION('',(0.,1.,0.));
#2007 = ORIENTED_EDGE('',*,*,#2008,.T.);
#2008 = EDGE_CURVE('',#2001,#2009,#2011,.T.);
#2009 = VERTEX_POINT('',#2010);
#2010 = CARTESIAN_POINT('',(1.016,-3.81,0.));
#2011 = LINE('',#2012,#2013);
#2012 = CARTESIAN_POINT('',(1.27,-4.064,0.));
#2013 = VECTOR('',#2014,1.);
#2014 = DIRECTION('',(-0.707106781187,0.707106781187,0.));
#2015 = ORIENTED_EDGE('',*,*,#2016,.T.);
#2016 = EDGE_CURVE('',#2009,#2017,#2019,.T.);
#2017 = VERTEX_POINT('',#2018);
#2018 = CARTESIAN_POINT('',(1.27,-3.556,0.));
#2019 = LINE('',#2020,#2021);
#2020 = CARTESIAN_POINT('',(1.016,-3.81,0.));
#2021 = VECTOR('',#2022,1.);
#2022 = DIRECTION('',(0.707106781187,0.707106781187,0.));
#2023 = ORIENTED_EDGE('',*,*,#2024,.T.);
#2024 = EDGE_CURVE('',#2017,#2025,#2027,.T.);
#2025 = VERTEX_POINT('',#2026);
#2026 = CARTESIAN_POINT('',(1.27,-1.524,0.));
#2027 = LINE('',#2028,#2029);
#2028 = CARTESIAN_POINT('',(1.27,-3.556,0.));
#2029 = VECTOR('',#2030,1.);
#2030 = DIRECTION('',(0.,1.,0.));
#2031 = ORIENTED_EDGE('',*,*,#2032,.T.);
#2032 = EDGE_CURVE('',#2025,#2033,#2035,.T.);
#2033 = VERTEX_POINT('',#2034);
#2034 = CARTESIAN_POINT('',(1.016,-1.27,0.));
#2035 = LINE('',#2036,#2037);
#2036 = CARTESIAN_POINT('',(1.27,-1.524,0.));
#2037 = VECTOR('',#2038,1.);
#2038 = DIRECTION('',(-0.707106781187,0.707106781187,0.));
#2039 = ORIENTED_EDGE('',*,*,#2040,.T.);
#2040 = EDGE_CURVE('',#2033,#2041,#2043,.T.);
#2041 = VERTEX_POINT('',#2042);
#2042 = CARTESIAN_POINT('',(1.27,-1.016,0.));
#2043 = LINE('',#2044,#2045);
#2044 = CARTESIAN_POINT('',(1.016,-1.27,0.));
#2045 = VECTOR('',#2046,1.);
#2046 = DIRECTION('',(0.707106781187,0.707106781187,0.));
#2047 = ORIENTED_EDGE('',*,*,#2048,.T.);
#2048 = EDGE_CURVE('',#2041,#2049,#2051,.T.);
#2049 = VERTEX_POINT('',#2050);
#2050 = CARTESIAN_POINT('',(1.27,1.016,0.));
#2051 = LINE('',#2052,#2053);
#2052 = CARTESIAN_POINT('',(1.27,-1.016,0.));
#2053 = VECTOR('',#2054,1.);
#2054 = DIRECTION('',(0.,1.,0.));
#2055 = ORIENTED_EDGE('',*,*,#2056,.T.);
#2056 = EDGE_CURVE('',#2049,#1625,#2057,.T.);
#2057 = LINE('',#2058,#2059);
#2058 = CARTESIAN_POINT('',(1.27,1.016,0.));
#2059 = VECTOR('',#2060,1.);
#2060 = DIRECTION('',(-0.707106781187,0.707106781187,0.));
#2061 = ORIENTED_EDGE('',*,*,#1641,.T.);
#2062 = FACE_BOUND('',#2063,.F.);
#2063 = EDGE_LOOP('',(#2064,#2074,#2082,#2090));
#2064 = ORIENTED_EDGE('',*,*,#2065,.T.);
#2065 = EDGE_CURVE('',#2066,#2068,#2070,.T.);
#2066 = VERTEX_POINT('',#2067);
#2067 = CARTESIAN_POINT('',(0.32,-18.1,0.));
#2068 = VERTEX_POINT('',#2069);
#2069 = CARTESIAN_POINT('',(-0.32,-18.1,0.));
#2070 = LINE('',#2071,#2072);
#2071 = CARTESIAN_POINT('',(-0.16,-18.1,0.));
#2072 = VECTOR('',#2073,1.);
#2073 = DIRECTION('',(-1.,0.,0.));
#2074 = ORIENTED_EDGE('',*,*,#2075,.T.);
#2075 = EDGE_CURVE('',#2068,#2076,#2078,.T.);
#2076 = VERTEX_POINT('',#2077);
#2077 = CARTESIAN_POINT('',(-0.32,-17.46,0.));
#2078 = LINE('',#2079,#2080);
#2079 = CARTESIAN_POINT('',(-0.32,-13.495,0.));
#2080 = VECTOR('',#2081,1.);
#2081 = DIRECTION('',(0.,1.,0.));
#2082 = ORIENTED_EDGE('',*,*,#2083,.F.);
#2083 = EDGE_CURVE('',#2084,#2076,#2086,.T.);
#2084 = VERTEX_POINT('',#2085);
#2085 = CARTESIAN_POINT('',(0.32,-17.46,0.));
#2086 = LINE('',#2087,#2088);
#2087 = CARTESIAN_POINT('',(-0.16,-17.46,0.));
#2088 = VECTOR('',#2089,1.);
#2089 = DIRECTION('',(-1.,0.,0.));
#2090 = ORIENTED_EDGE('',*,*,#2091,.F.);
#2091 = EDGE_CURVE('',#2066,#2084,#2092,.T.);
#2092 = LINE('',#2093,#2094);
#2093 = CARTESIAN_POINT('',(0.32,-13.495,0.));
#2094 = VECTOR('',#2095,1.);
#2095 = DIRECTION('',(0.,1.,0.));
#2096 = FACE_BOUND('',#2097,.F.);
#2097 = EDGE_LOOP('',(#2098,#2108,#2116,#2124));
#2098 = ORIENTED_EDGE('',*,*,#2099,.F.);
#2099 = EDGE_CURVE('',#2100,#2102,#2104,.T.);
#2100 = VERTEX_POINT('',#2101);
#2101 = CARTESIAN_POINT('',(0.32,-14.92,0.));
#2102 = VERTEX_POINT('',#2103);
#2103 = CARTESIAN_POINT('',(-0.32,-14.92,0.));
#2104 = LINE('',#2105,#2106);
#2105 = CARTESIAN_POINT('',(-0.16,-14.92,0.));
#2106 = VECTOR('',#2107,1.);
#2107 = DIRECTION('',(-1.,0.,0.));
#2108 = ORIENTED_EDGE('',*,*,#2109,.F.);
#2109 = EDGE_CURVE('',#2110,#2100,#2112,.T.);
#2110 = VERTEX_POINT('',#2111);
#2111 = CARTESIAN_POINT('',(0.32,-15.56,0.));
#2112 = LINE('',#2113,#2114);
#2113 = CARTESIAN_POINT('',(0.32,-12.225,0.));
#2114 = VECTOR('',#2115,1.);
#2115 = DIRECTION('',(0.,1.,0.));
#2116 = ORIENTED_EDGE('',*,*,#2117,.T.);
#2117 = EDGE_CURVE('',#2110,#2118,#2120,.T.);
#2118 = VERTEX_POINT('',#2119);
#2119 = CARTESIAN_POINT('',(-0.32,-15.56,0.));
#2120 = LINE('',#2121,#2122);
#2121 = CARTESIAN_POINT('',(-0.16,-15.56,0.));
#2122 = VECTOR('',#2123,1.);
#2123 = DIRECTION('',(-1.,0.,0.));
#2124 = ORIENTED_EDGE('',*,*,#2125,.T.);
#2125 = EDGE_CURVE('',#2118,#2102,#2126,.T.);
#2126 = LINE('',#2127,#2128);
#2127 = CARTESIAN_POINT('',(-0.32,-12.225,0.));
#2128 = VECTOR('',#2129,1.);
#2129 = DIRECTION('',(0.,1.,0.));
#2130 = FACE_BOUND('',#2131,.F.);
#2131 = EDGE_LOOP('',(#2132,#2142,#2150,#2158));
#2132 = ORIENTED_EDGE('',*,*,#2133,.F.);
#2133 = EDGE_CURVE('',#2134,#2136,#2138,.T.);
#2134 = VERTEX_POINT('',#2135);
#2135 = CARTESIAN_POINT('',(0.32,-7.94,0.));
#2136 = VERTEX_POINT('',#2137);
#2137 = CARTESIAN_POINT('',(0.32,-7.3,0.));
#2138 = LINE('',#2139,#2140);
#2139 = CARTESIAN_POINT('',(0.32,-8.415,0.));
#2140 = VECTOR('',#2141,1.);
#2141 = DIRECTION('',(0.,1.,0.));
#2142 = ORIENTED_EDGE('',*,*,#2143,.T.);
#2143 = EDGE_CURVE('',#2134,#2144,#2146,.T.);
#2144 = VERTEX_POINT('',#2145);
#2145 = CARTESIAN_POINT('',(-0.32,-7.94,0.));
#2146 = LINE('',#2147,#2148);
#2147 = CARTESIAN_POINT('',(-0.16,-7.94,0.));
#2148 = VECTOR('',#2149,1.);
#2149 = DIRECTION('',(-1.,0.,0.));
#2150 = ORIENTED_EDGE('',*,*,#2151,.T.);
#2151 = EDGE_CURVE('',#2144,#2152,#2154,.T.);
#2152 = VERTEX_POINT('',#2153);
#2153 = CARTESIAN_POINT('',(-0.32,-7.3,0.));
#2154 = LINE('',#2155,#2156);
#2155 = CARTESIAN_POINT('',(-0.32,-8.415,0.));
#2156 = VECTOR('',#2157,1.);
#2157 = DIRECTION('',(0.,1.,0.));
#2158 = ORIENTED_EDGE('',*,*,#2159,.F.);
#2159 = EDGE_CURVE('',#2136,#2152,#2160,.T.);
#2160 = LINE('',#2161,#2162);
#2161 = CARTESIAN_POINT('',(-0.16,-7.3,0.));
#2162 = VECTOR('',#2163,1.);
#2163 = DIRECTION('',(-1.,0.,0.));
#2164 = FACE_BOUND('',#2165,.F.);
#2165 = EDGE_LOOP('',(#2166,#2176,#2184,#2192));
#2166 = ORIENTED_EDGE('',*,*,#2167,.F.);
#2167 = EDGE_CURVE('',#2168,#2170,#2172,.T.);
#2168 = VERTEX_POINT('',#2169);
#2169 = CARTESIAN_POINT('',(0.32,-12.38,0.));
#2170 = VERTEX_POINT('',#2171);
#2171 = CARTESIAN_POINT('',(-0.32,-12.38,0.));
#2172 = LINE('',#2173,#2174);
#2173 = CARTESIAN_POINT('',(-0.16,-12.38,0.));
#2174 = VECTOR('',#2175,1.);
#2175 = DIRECTION('',(-1.,0.,0.));
#2176 = ORIENTED_EDGE('',*,*,#2177,.F.);
#2177 = EDGE_CURVE('',#2178,#2168,#2180,.T.);
#2178 = VERTEX_POINT('',#2179);
#2179 = CARTESIAN_POINT('',(0.32,-13.02,0.));
#2180 = LINE('',#2181,#2182);
#2181 = CARTESIAN_POINT('',(0.32,-10.955,0.));
#2182 = VECTOR('',#2183,1.);
#2183 = DIRECTION('',(0.,1.,0.));
#2184 = ORIENTED_EDGE('',*,*,#2185,.T.);
#2185 = EDGE_CURVE('',#2178,#2186,#2188,.T.);
#2186 = VERTEX_POINT('',#2187);
#2187 = CARTESIAN_POINT('',(-0.32,-13.02,0.));
#2188 = LINE('',#2189,#2190);
#2189 = CARTESIAN_POINT('',(-0.16,-13.02,0.));
#2190 = VECTOR('',#2191,1.);
#2191 = DIRECTION('',(-1.,0.,0.));
#2192 = ORIENTED_EDGE('',*,*,#2193,.T.);
#2193 = EDGE_CURVE('',#2186,#2170,#2194,.T.);
#2194 = LINE('',#2195,#2196);
#2195 = CARTESIAN_POINT('',(-0.32,-10.955,0.));
#2196 = VECTOR('',#2197,1.);
#2197 = DIRECTION('',(0.,1.,0.));
#2198 = FACE_BOUND('',#2199,.F.);
#2199 = EDGE_LOOP('',(#2200,#2210,#2218,#2226));
#2200 = ORIENTED_EDGE('',*,*,#2201,.F.);
#2201 = EDGE_CURVE('',#2202,#2204,#2206,.T.);
#2202 = VERTEX_POINT('',#2203);
#2203 = CARTESIAN_POINT('',(0.32,-10.48,0.));
#2204 = VERTEX_POINT('',#2205);
#2205 = CARTESIAN_POINT('',(0.32,-9.84,0.));
#2206 = LINE('',#2207,#2208);
#2207 = CARTESIAN_POINT('',(0.32,-9.685,0.));
#2208 = VECTOR('',#2209,1.);
#2209 = DIRECTION('',(0.,1.,0.));
#2210 = ORIENTED_EDGE('',*,*,#2211,.T.);
#2211 = EDGE_CURVE('',#2202,#2212,#2214,.T.);
#2212 = VERTEX_POINT('',#2213);
#2213 = CARTESIAN_POINT('',(-0.32,-10.48,0.));
#2214 = LINE('',#2215,#2216);
#2215 = CARTESIAN_POINT('',(-0.16,-10.48,0.));
#2216 = VECTOR('',#2217,1.);
#2217 = DIRECTION('',(-1.,0.,0.));
#2218 = ORIENTED_EDGE('',*,*,#2219,.T.);
#2219 = EDGE_CURVE('',#2212,#2220,#2222,.T.);
#2220 = VERTEX_POINT('',#2221);
#2221 = CARTESIAN_POINT('',(-0.32,-9.84,0.));
#2222 = LINE('',#2223,#2224);
#2223 = CARTESIAN_POINT('',(-0.32,-9.685,0.));
#2224 = VECTOR('',#2225,1.);
#2225 = DIRECTION('',(0.,1.,0.));
#2226 = ORIENTED_EDGE('',*,*,#2227,.F.);
#2227 = EDGE_CURVE('',#2204,#2220,#2228,.T.);
#2228 = LINE('',#2229,#2230);
#2229 = CARTESIAN_POINT('',(-0.16,-9.84,0.));
#2230 = VECTOR('',#2231,1.);
#2231 = DIRECTION('',(-1.,0.,0.));
#2232 = FACE_BOUND('',#2233,.F.);
#2233 = EDGE_LOOP('',(#2234,#2244,#2252,#2260));
#2234 = ORIENTED_EDGE('',*,*,#2235,.F.);
#2235 = EDGE_CURVE('',#2236,#2238,#2240,.T.);
#2236 = VERTEX_POINT('',#2237);
#2237 = CARTESIAN_POINT('',(0.32,-2.22,0.));
#2238 = VERTEX_POINT('',#2239);
#2239 = CARTESIAN_POINT('',(-0.32,-2.22,0.));
#2240 = LINE('',#2241,#2242);
#2241 = CARTESIAN_POINT('',(-0.16,-2.22,0.));
#2242 = VECTOR('',#2243,1.);
#2243 = DIRECTION('',(-1.,0.,0.));
#2244 = ORIENTED_EDGE('',*,*,#2245,.F.);
#2245 = EDGE_CURVE('',#2246,#2236,#2248,.T.);
#2246 = VERTEX_POINT('',#2247);
#2247 = CARTESIAN_POINT('',(0.32,-2.86,0.));
#2248 = LINE('',#2249,#2250);
#2249 = CARTESIAN_POINT('',(0.32,-5.875,0.));
#2250 = VECTOR('',#2251,1.);
#2251 = DIRECTION('',(0.,1.,0.));
#2252 = ORIENTED_EDGE('',*,*,#2253,.T.);
#2253 = EDGE_CURVE('',#2246,#2254,#2256,.T.);
#2254 = VERTEX_POINT('',#2255);
#2255 = CARTESIAN_POINT('',(-0.32,-2.86,0.));
#2256 = LINE('',#2257,#2258);
#2257 = CARTESIAN_POINT('',(-0.16,-2.86,0.));
#2258 = VECTOR('',#2259,1.);
#2259 = DIRECTION('',(-1.,0.,0.));
#2260 = ORIENTED_EDGE('',*,*,#2261,.T.);
#2261 = EDGE_CURVE('',#2254,#2238,#2262,.T.);
#2262 = LINE('',#2263,#2264);
#2263 = CARTESIAN_POINT('',(-0.32,-5.875,0.));
#2264 = VECTOR('',#2265,1.);
#2265 = DIRECTION('',(0.,1.,0.));
#2266 = FACE_BOUND('',#2267,.F.);
#2267 = EDGE_LOOP('',(#2268,#2278,#2286,#2294));
#2268 = ORIENTED_EDGE('',*,*,#2269,.T.);
#2269 = EDGE_CURVE('',#2270,#2272,#2274,.T.);
#2270 = VERTEX_POINT('',#2271);
#2271 = CARTESIAN_POINT('',(0.32,-5.4,0.));
#2272 = VERTEX_POINT('',#2273);
#2273 = CARTESIAN_POINT('',(-0.32,-5.4,0.));
#2274 = LINE('',#2275,#2276);
#2275 = CARTESIAN_POINT('',(-0.16,-5.4,0.));
#2276 = VECTOR('',#2277,1.);
#2277 = DIRECTION('',(-1.,0.,0.));
#2278 = ORIENTED_EDGE('',*,*,#2279,.T.);
#2279 = EDGE_CURVE('',#2272,#2280,#2282,.T.);
#2280 = VERTEX_POINT('',#2281);
#2281 = CARTESIAN_POINT('',(-0.32,-4.76,0.));
#2282 = LINE('',#2283,#2284);
#2283 = CARTESIAN_POINT('',(-0.32,-7.145,0.));
#2284 = VECTOR('',#2285,1.);
#2285 = DIRECTION('',(0.,1.,0.));
#2286 = ORIENTED_EDGE('',*,*,#2287,.F.);
#2287 = EDGE_CURVE('',#2288,#2280,#2290,.T.);
#2288 = VERTEX_POINT('',#2289);
#2289 = CARTESIAN_POINT('',(0.32,-4.76,0.));
#2290 = LINE('',#2291,#2292);
#2291 = CARTESIAN_POINT('',(-0.16,-4.76,0.));
#2292 = VECTOR('',#2293,1.);
#2293 = DIRECTION('',(-1.,0.,0.));
#2294 = ORIENTED_EDGE('',*,*,#2295,.F.);
#2295 = EDGE_CURVE('',#2270,#2288,#2296,.T.);
#2296 = LINE('',#2297,#2298);
#2297 = CARTESIAN_POINT('',(0.32,-7.145,0.));
#2298 = VECTOR('',#2299,1.);
#2299 = DIRECTION('',(0.,1.,0.));
#2300 = FACE_BOUND('',#2301,.F.);
#2301 = EDGE_LOOP('',(#2302,#2312,#2320,#2328));
#2302 = ORIENTED_EDGE('',*,*,#2303,.F.);
#2303 = EDGE_CURVE('',#2304,#2306,#2308,.T.);
#2304 = VERTEX_POINT('',#2305);
#2305 = CARTESIAN_POINT('',(0.32,-0.32,0.));
#2306 = VERTEX_POINT('',#2307);
#2307 = CARTESIAN_POINT('',(0.32,0.32,0.));
#2308 = LINE('',#2309,#2310);
#2309 = CARTESIAN_POINT('',(0.32,-4.605,0.));
#2310 = VECTOR('',#2311,1.);
#2311 = DIRECTION('',(0.,1.,0.));
#2312 = ORIENTED_EDGE('',*,*,#2313,.T.);
#2313 = EDGE_CURVE('',#2304,#2314,#2316,.T.);
#2314 = VERTEX_POINT('',#2315);
#2315 = CARTESIAN_POINT('',(-0.32,-0.32,0.));
#2316 = LINE('',#2317,#2318);
#2317 = CARTESIAN_POINT('',(-0.16,-0.32,0.));
#2318 = VECTOR('',#2319,1.);
#2319 = DIRECTION('',(-1.,0.,0.));
#2320 = ORIENTED_EDGE('',*,*,#2321,.T.);
#2321 = EDGE_CURVE('',#2314,#2322,#2324,.T.);
#2322 = VERTEX_POINT('',#2323);
#2323 = CARTESIAN_POINT('',(-0.32,0.32,0.));
#2324 = LINE('',#2325,#2326);
#2325 = CARTESIAN_POINT('',(-0.32,-4.605,0.));
#2326 = VECTOR('',#2327,1.);
#2327 = DIRECTION('',(0.,1.,0.));
#2328 = ORIENTED_EDGE('',*,*,#2329,.F.);
#2329 = EDGE_CURVE('',#2306,#2322,#2330,.T.);
#2330 = LINE('',#2331,#2332);
#2331 = CARTESIAN_POINT('',(-0.16,0.32,0.));
#2332 = VECTOR('',#2333,1.);
#2333 = DIRECTION('',(-1.,0.,0.));
#2334 = PLANE('',#2335);
#2335 = AXIS2_PLACEMENT_3D('',#2336,#2337,#2338);
#2336 = CARTESIAN_POINT('',(-1.38573690222E-17,-8.89,0.));
#2337 = DIRECTION('',(0.,0.,1.));
#2338 = DIRECTION('',(1.,0.,-0.));
#2339 = ADVANCED_FACE('',(#2340,#2719,#2753,#2787,#2821,#2855,#2889,
    #2923,#2957),#2991,.T.);
#2340 = FACE_BOUND('',#2341,.T.);
#2341 = EDGE_LOOP('',(#2342,#2343,#2344,#2352,#2360,#2368,#2376,#2384,
    #2392,#2400,#2408,#2416,#2424,#2432,#2440,#2448,#2456,#2464,#2472,
    #2480,#2488,#2496,#2504,#2512,#2520,#2528,#2536,#2544,#2552,#2560,
    #2568,#2576,#2584,#2592,#2600,#2608,#2616,#2624,#2632,#2640,#2648,
    #2656,#2664,#2672,#2680,#2688,#2696,#2704,#2712,#2718));
#2342 = ORIENTED_EDGE('',*,*,#1594,.T.);
#2343 = ORIENTED_EDGE('',*,*,#1656,.T.);
#2344 = ORIENTED_EDGE('',*,*,#2345,.T.);
#2345 = EDGE_CURVE('',#1657,#2346,#2348,.T.);
#2346 = VERTEX_POINT('',#2347);
#2347 = CARTESIAN_POINT('',(-1.016,-1.27,2.54));
#2348 = LINE('',#2349,#2350);
#2349 = CARTESIAN_POINT('',(-1.27,-1.016,2.54));
#2350 = VECTOR('',#2351,1.);
#2351 = DIRECTION('',(0.707106781187,-0.707106781187,0.));
#2352 = ORIENTED_EDGE('',*,*,#2353,.T.);
#2353 = EDGE_CURVE('',#2346,#2354,#2356,.T.);
#2354 = VERTEX_POINT('',#2355);
#2355 = CARTESIAN_POINT('',(-1.27,-1.524,2.54));
#2356 = LINE('',#2357,#2358);
#2357 = CARTESIAN_POINT('',(-1.016,-1.27,2.54));
#2358 = VECTOR('',#2359,1.);
#2359 = DIRECTION('',(-0.707106781187,-0.707106781187,0.));
#2360 = ORIENTED_EDGE('',*,*,#2361,.T.);
#2361 = EDGE_CURVE('',#2354,#2362,#2364,.T.);
#2362 = VERTEX_POINT('',#2363);
#2363 = CARTESIAN_POINT('',(-1.27,-3.556,2.54));
#2364 = LINE('',#2365,#2366);
#2365 = CARTESIAN_POINT('',(-1.27,-1.524,2.54));
#2366 = VECTOR('',#2367,1.);
#2367 = DIRECTION('',(0.,-1.,0.));
#2368 = ORIENTED_EDGE('',*,*,#2369,.T.);
#2369 = EDGE_CURVE('',#2362,#2370,#2372,.T.);
#2370 = VERTEX_POINT('',#2371);
#2371 = CARTESIAN_POINT('',(-1.016,-3.81,2.54));
#2372 = LINE('',#2373,#2374);
#2373 = CARTESIAN_POINT('',(-1.27,-3.556,2.54));
#2374 = VECTOR('',#2375,1.);
#2375 = DIRECTION('',(0.707106781187,-0.707106781187,0.));
#2376 = ORIENTED_EDGE('',*,*,#2377,.T.);
#2377 = EDGE_CURVE('',#2370,#2378,#2380,.T.);
#2378 = VERTEX_POINT('',#2379);
#2379 = CARTESIAN_POINT('',(-1.27,-4.064,2.54));
#2380 = LINE('',#2381,#2382);
#2381 = CARTESIAN_POINT('',(-1.016,-3.81,2.54));
#2382 = VECTOR('',#2383,1.);
#2383 = DIRECTION('',(-0.707106781187,-0.707106781187,0.));
#2384 = ORIENTED_EDGE('',*,*,#2385,.T.);
#2385 = EDGE_CURVE('',#2378,#2386,#2388,.T.);
#2386 = VERTEX_POINT('',#2387);
#2387 = CARTESIAN_POINT('',(-1.27,-6.096,2.54));
#2388 = LINE('',#2389,#2390);
#2389 = CARTESIAN_POINT('',(-1.27,-4.064,2.54));
#2390 = VECTOR('',#2391,1.);
#2391 = DIRECTION('',(0.,-1.,0.));
#2392 = ORIENTED_EDGE('',*,*,#2393,.T.);
#2393 = EDGE_CURVE('',#2386,#2394,#2396,.T.);
#2394 = VERTEX_POINT('',#2395);
#2395 = CARTESIAN_POINT('',(-1.016,-6.35,2.54));
#2396 = LINE('',#2397,#2398);
#2397 = CARTESIAN_POINT('',(-1.27,-6.096,2.54));
#2398 = VECTOR('',#2399,1.);
#2399 = DIRECTION('',(0.707106781187,-0.707106781187,0.));
#2400 = ORIENTED_EDGE('',*,*,#2401,.T.);
#2401 = EDGE_CURVE('',#2394,#2402,#2404,.T.);
#2402 = VERTEX_POINT('',#2403);
#2403 = CARTESIAN_POINT('',(-1.27,-6.604,2.54));
#2404 = LINE('',#2405,#2406);
#2405 = CARTESIAN_POINT('',(-1.016,-6.35,2.54));
#2406 = VECTOR('',#2407,1.);
#2407 = DIRECTION('',(-0.707106781187,-0.707106781187,0.));
#2408 = ORIENTED_EDGE('',*,*,#2409,.T.);
#2409 = EDGE_CURVE('',#2402,#2410,#2412,.T.);
#2410 = VERTEX_POINT('',#2411);
#2411 = CARTESIAN_POINT('',(-1.27,-8.636,2.54));
#2412 = LINE('',#2413,#2414);
#2413 = CARTESIAN_POINT('',(-1.27,-6.604,2.54));
#2414 = VECTOR('',#2415,1.);
#2415 = DIRECTION('',(0.,-1.,0.));
#2416 = ORIENTED_EDGE('',*,*,#2417,.T.);
#2417 = EDGE_CURVE('',#2410,#2418,#2420,.T.);
#2418 = VERTEX_POINT('',#2419);
#2419 = CARTESIAN_POINT('',(-1.016,-8.89,2.54));
#2420 = LINE('',#2421,#2422);
#2421 = CARTESIAN_POINT('',(-1.27,-8.636,2.54));
#2422 = VECTOR('',#2423,1.);
#2423 = DIRECTION('',(0.707106781187,-0.707106781187,0.));
#2424 = ORIENTED_EDGE('',*,*,#2425,.T.);
#2425 = EDGE_CURVE('',#2418,#2426,#2428,.T.);
#2426 = VERTEX_POINT('',#2427);
#2427 = CARTESIAN_POINT('',(-1.27,-9.144,2.54));
#2428 = LINE('',#2429,#2430);
#2429 = CARTESIAN_POINT('',(-1.016,-8.89,2.54));
#2430 = VECTOR('',#2431,1.);
#2431 = DIRECTION('',(-0.707106781187,-0.707106781187,0.));
#2432 = ORIENTED_EDGE('',*,*,#2433,.T.);
#2433 = EDGE_CURVE('',#2426,#2434,#2436,.T.);
#2434 = VERTEX_POINT('',#2435);
#2435 = CARTESIAN_POINT('',(-1.27,-11.176,2.54));
#2436 = LINE('',#2437,#2438);
#2437 = CARTESIAN_POINT('',(-1.27,-9.144,2.54));
#2438 = VECTOR('',#2439,1.);
#2439 = DIRECTION('',(0.,-1.,0.));
#2440 = ORIENTED_EDGE('',*,*,#2441,.T.);
#2441 = EDGE_CURVE('',#2434,#2442,#2444,.T.);
#2442 = VERTEX_POINT('',#2443);
#2443 = CARTESIAN_POINT('',(-1.016,-11.43,2.54));
#2444 = LINE('',#2445,#2446);
#2445 = CARTESIAN_POINT('',(-1.27,-11.176,2.54));
#2446 = VECTOR('',#2447,1.);
#2447 = DIRECTION('',(0.707106781187,-0.707106781187,0.));
#2448 = ORIENTED_EDGE('',*,*,#2449,.T.);
#2449 = EDGE_CURVE('',#2442,#2450,#2452,.T.);
#2450 = VERTEX_POINT('',#2451);
#2451 = CARTESIAN_POINT('',(-1.27,-11.684,2.54));
#2452 = LINE('',#2453,#2454);
#2453 = CARTESIAN_POINT('',(-1.016,-11.43,2.54));
#2454 = VECTOR('',#2455,1.);
#2455 = DIRECTION('',(-0.707106781187,-0.707106781187,0.));
#2456 = ORIENTED_EDGE('',*,*,#2457,.T.);
#2457 = EDGE_CURVE('',#2450,#2458,#2460,.T.);
#2458 = VERTEX_POINT('',#2459);
#2459 = CARTESIAN_POINT('',(-1.27,-13.716,2.54));
#2460 = LINE('',#2461,#2462);
#2461 = CARTESIAN_POINT('',(-1.27,-11.684,2.54));
#2462 = VECTOR('',#2463,1.);
#2463 = DIRECTION('',(0.,-1.,0.));
#2464 = ORIENTED_EDGE('',*,*,#2465,.T.);
#2465 = EDGE_CURVE('',#2458,#2466,#2468,.T.);
#2466 = VERTEX_POINT('',#2467);
#2467 = CARTESIAN_POINT('',(-1.016,-13.97,2.54));
#2468 = LINE('',#2469,#2470);
#2469 = CARTESIAN_POINT('',(-1.27,-13.716,2.54));
#2470 = VECTOR('',#2471,1.);
#2471 = DIRECTION('',(0.707106781187,-0.707106781187,0.));
#2472 = ORIENTED_EDGE('',*,*,#2473,.T.);
#2473 = EDGE_CURVE('',#2466,#2474,#2476,.T.);
#2474 = VERTEX_POINT('',#2475);
#2475 = CARTESIAN_POINT('',(-1.27,-14.224,2.54));
#2476 = LINE('',#2477,#2478);
#2477 = CARTESIAN_POINT('',(-1.016,-13.97,2.54));
#2478 = VECTOR('',#2479,1.);
#2479 = DIRECTION('',(-0.707106781187,-0.707106781187,0.));
#2480 = ORIENTED_EDGE('',*,*,#2481,.T.);
#2481 = EDGE_CURVE('',#2474,#2482,#2484,.T.);
#2482 = VERTEX_POINT('',#2483);
#2483 = CARTESIAN_POINT('',(-1.27,-16.256,2.54));
#2484 = LINE('',#2485,#2486);
#2485 = CARTESIAN_POINT('',(-1.27,-14.224,2.54));
#2486 = VECTOR('',#2487,1.);
#2487 = DIRECTION('',(0.,-1.,0.));
#2488 = ORIENTED_EDGE('',*,*,#2489,.T.);
#2489 = EDGE_CURVE('',#2482,#2490,#2492,.T.);
#2490 = VERTEX_POINT('',#2491);
#2491 = CARTESIAN_POINT('',(-1.016,-16.51,2.54));
#2492 = LINE('',#2493,#2494);
#2493 = CARTESIAN_POINT('',(-1.27,-16.256,2.54));
#2494 = VECTOR('',#2495,1.);
#2495 = DIRECTION('',(0.707106781187,-0.707106781187,0.));
#2496 = ORIENTED_EDGE('',*,*,#2497,.T.);
#2497 = EDGE_CURVE('',#2490,#2498,#2500,.T.);
#2498 = VERTEX_POINT('',#2499);
#2499 = CARTESIAN_POINT('',(-1.27,-16.764,2.54));
#2500 = LINE('',#2501,#2502);
#2501 = CARTESIAN_POINT('',(-1.016,-16.51,2.54));
#2502 = VECTOR('',#2503,1.);
#2503 = DIRECTION('',(-0.707106781187,-0.707106781187,0.));
#2504 = ORIENTED_EDGE('',*,*,#2505,.T.);
#2505 = EDGE_CURVE('',#2498,#2506,#2508,.T.);
#2506 = VERTEX_POINT('',#2507);
#2507 = CARTESIAN_POINT('',(-1.27,-18.796,2.54));
#2508 = LINE('',#2509,#2510);
#2509 = CARTESIAN_POINT('',(-1.27,-16.764,2.54));
#2510 = VECTOR('',#2511,1.);
#2511 = DIRECTION('',(0.,-1.,0.));
#2512 = ORIENTED_EDGE('',*,*,#2513,.T.);
#2513 = EDGE_CURVE('',#2506,#2514,#2516,.T.);
#2514 = VERTEX_POINT('',#2515);
#2515 = CARTESIAN_POINT('',(-1.016,-19.05,2.54));
#2516 = LINE('',#2517,#2518);
#2517 = CARTESIAN_POINT('',(-1.27,-18.796,2.54));
#2518 = VECTOR('',#2519,1.);
#2519 = DIRECTION('',(0.707106781187,-0.707106781187,0.));
#2520 = ORIENTED_EDGE('',*,*,#2521,.T.);
#2521 = EDGE_CURVE('',#2514,#2522,#2524,.T.);
#2522 = VERTEX_POINT('',#2523);
#2523 = CARTESIAN_POINT('',(1.016,-19.05,2.54));
#2524 = LINE('',#2525,#2526);
#2525 = CARTESIAN_POINT('',(-1.016,-19.05,2.54));
#2526 = VECTOR('',#2527,1.);
#2527 = DIRECTION('',(1.,0.,0.));
#2528 = ORIENTED_EDGE('',*,*,#2529,.T.);
#2529 = EDGE_CURVE('',#2522,#2530,#2532,.T.);
#2530 = VERTEX_POINT('',#2531);
#2531 = CARTESIAN_POINT('',(1.27,-18.796,2.54));
#2532 = LINE('',#2533,#2534);
#2533 = CARTESIAN_POINT('',(1.016,-19.05,2.54));
#2534 = VECTOR('',#2535,1.);
#2535 = DIRECTION('',(0.707106781187,0.707106781187,0.));
#2536 = ORIENTED_EDGE('',*,*,#2537,.T.);
#2537 = EDGE_CURVE('',#2530,#2538,#2540,.T.);
#2538 = VERTEX_POINT('',#2539);
#2539 = CARTESIAN_POINT('',(1.27,-16.764,2.54));
#2540 = LINE('',#2541,#2542);
#2541 = CARTESIAN_POINT('',(1.27,-18.796,2.54));
#2542 = VECTOR('',#2543,1.);
#2543 = DIRECTION('',(0.,1.,0.));
#2544 = ORIENTED_EDGE('',*,*,#2545,.T.);
#2545 = EDGE_CURVE('',#2538,#2546,#2548,.T.);
#2546 = VERTEX_POINT('',#2547);
#2547 = CARTESIAN_POINT('',(1.016,-16.51,2.54));
#2548 = LINE('',#2549,#2550);
#2549 = CARTESIAN_POINT('',(1.27,-16.764,2.54));
#2550 = VECTOR('',#2551,1.);
#2551 = DIRECTION('',(-0.707106781187,0.707106781187,0.));
#2552 = ORIENTED_EDGE('',*,*,#2553,.T.);
#2553 = EDGE_CURVE('',#2546,#2554,#2556,.T.);
#2554 = VERTEX_POINT('',#2555);
#2555 = CARTESIAN_POINT('',(1.27,-16.256,2.54));
#2556 = LINE('',#2557,#2558);
#2557 = CARTESIAN_POINT('',(1.016,-16.51,2.54));
#2558 = VECTOR('',#2559,1.);
#2559 = DIRECTION('',(0.707106781187,0.707106781187,0.));
#2560 = ORIENTED_EDGE('',*,*,#2561,.T.);
#2561 = EDGE_CURVE('',#2554,#2562,#2564,.T.);
#2562 = VERTEX_POINT('',#2563);
#2563 = CARTESIAN_POINT('',(1.27,-14.224,2.54));
#2564 = LINE('',#2565,#2566);
#2565 = CARTESIAN_POINT('',(1.27,-16.256,2.54));
#2566 = VECTOR('',#2567,1.);
#2567 = DIRECTION('',(0.,1.,0.));
#2568 = ORIENTED_EDGE('',*,*,#2569,.T.);
#2569 = EDGE_CURVE('',#2562,#2570,#2572,.T.);
#2570 = VERTEX_POINT('',#2571);
#2571 = CARTESIAN_POINT('',(1.016,-13.97,2.54));
#2572 = LINE('',#2573,#2574);
#2573 = CARTESIAN_POINT('',(1.27,-14.224,2.54));
#2574 = VECTOR('',#2575,1.);
#2575 = DIRECTION('',(-0.707106781187,0.707106781187,0.));
#2576 = ORIENTED_EDGE('',*,*,#2577,.T.);
#2577 = EDGE_CURVE('',#2570,#2578,#2580,.T.);
#2578 = VERTEX_POINT('',#2579);
#2579 = CARTESIAN_POINT('',(1.27,-13.716,2.54));
#2580 = LINE('',#2581,#2582);
#2581 = CARTESIAN_POINT('',(1.016,-13.97,2.54));
#2582 = VECTOR('',#2583,1.);
#2583 = DIRECTION('',(0.707106781187,0.707106781187,0.));
#2584 = ORIENTED_EDGE('',*,*,#2585,.T.);
#2585 = EDGE_CURVE('',#2578,#2586,#2588,.T.);
#2586 = VERTEX_POINT('',#2587);
#2587 = CARTESIAN_POINT('',(1.27,-11.684,2.54));
#2588 = LINE('',#2589,#2590);
#2589 = CARTESIAN_POINT('',(1.27,-13.716,2.54));
#2590 = VECTOR('',#2591,1.);
#2591 = DIRECTION('',(0.,1.,0.));
#2592 = ORIENTED_EDGE('',*,*,#2593,.T.);
#2593 = EDGE_CURVE('',#2586,#2594,#2596,.T.);
#2594 = VERTEX_POINT('',#2595);
#2595 = CARTESIAN_POINT('',(1.016,-11.43,2.54));
#2596 = LINE('',#2597,#2598);
#2597 = CARTESIAN_POINT('',(1.27,-11.684,2.54));
#2598 = VECTOR('',#2599,1.);
#2599 = DIRECTION('',(-0.707106781187,0.707106781187,0.));
#2600 = ORIENTED_EDGE('',*,*,#2601,.T.);
#2601 = EDGE_CURVE('',#2594,#2602,#2604,.T.);
#2602 = VERTEX_POINT('',#2603);
#2603 = CARTESIAN_POINT('',(1.27,-11.176,2.54));
#2604 = LINE('',#2605,#2606);
#2605 = CARTESIAN_POINT('',(1.016,-11.43,2.54));
#2606 = VECTOR('',#2607,1.);
#2607 = DIRECTION('',(0.707106781187,0.707106781187,0.));
#2608 = ORIENTED_EDGE('',*,*,#2609,.T.);
#2609 = EDGE_CURVE('',#2602,#2610,#2612,.T.);
#2610 = VERTEX_POINT('',#2611);
#2611 = CARTESIAN_POINT('',(1.27,-9.144,2.54));
#2612 = LINE('',#2613,#2614);
#2613 = CARTESIAN_POINT('',(1.27,-11.176,2.54));
#2614 = VECTOR('',#2615,1.);
#2615 = DIRECTION('',(0.,1.,0.));
#2616 = ORIENTED_EDGE('',*,*,#2617,.T.);
#2617 = EDGE_CURVE('',#2610,#2618,#2620,.T.);
#2618 = VERTEX_POINT('',#2619);
#2619 = CARTESIAN_POINT('',(1.016,-8.89,2.54));
#2620 = LINE('',#2621,#2622);
#2621 = CARTESIAN_POINT('',(1.27,-9.144,2.54));
#2622 = VECTOR('',#2623,1.);
#2623 = DIRECTION('',(-0.707106781187,0.707106781187,0.));
#2624 = ORIENTED_EDGE('',*,*,#2625,.T.);
#2625 = EDGE_CURVE('',#2618,#2626,#2628,.T.);
#2626 = VERTEX_POINT('',#2627);
#2627 = CARTESIAN_POINT('',(1.27,-8.636,2.54));
#2628 = LINE('',#2629,#2630);
#2629 = CARTESIAN_POINT('',(1.016,-8.89,2.54));
#2630 = VECTOR('',#2631,1.);
#2631 = DIRECTION('',(0.707106781187,0.707106781187,0.));
#2632 = ORIENTED_EDGE('',*,*,#2633,.T.);
#2633 = EDGE_CURVE('',#2626,#2634,#2636,.T.);
#2634 = VERTEX_POINT('',#2635);
#2635 = CARTESIAN_POINT('',(1.27,-6.604,2.54));
#2636 = LINE('',#2637,#2638);
#2637 = CARTESIAN_POINT('',(1.27,-8.636,2.54));
#2638 = VECTOR('',#2639,1.);
#2639 = DIRECTION('',(0.,1.,0.));
#2640 = ORIENTED_EDGE('',*,*,#2641,.T.);
#2641 = EDGE_CURVE('',#2634,#2642,#2644,.T.);
#2642 = VERTEX_POINT('',#2643);
#2643 = CARTESIAN_POINT('',(1.016,-6.35,2.54));
#2644 = LINE('',#2645,#2646);
#2645 = CARTESIAN_POINT('',(1.27,-6.604,2.54));
#2646 = VECTOR('',#2647,1.);
#2647 = DIRECTION('',(-0.707106781187,0.707106781187,0.));
#2648 = ORIENTED_EDGE('',*,*,#2649,.T.);
#2649 = EDGE_CURVE('',#2642,#2650,#2652,.T.);
#2650 = VERTEX_POINT('',#2651);
#2651 = CARTESIAN_POINT('',(1.27,-6.096,2.54));
#2652 = LINE('',#2653,#2654);
#2653 = CARTESIAN_POINT('',(1.016,-6.35,2.54));
#2654 = VECTOR('',#2655,1.);
#2655 = DIRECTION('',(0.707106781187,0.707106781187,0.));
#2656 = ORIENTED_EDGE('',*,*,#2657,.T.);
#2657 = EDGE_CURVE('',#2650,#2658,#2660,.T.);
#2658 = VERTEX_POINT('',#2659);
#2659 = CARTESIAN_POINT('',(1.27,-4.064,2.54));
#2660 = LINE('',#2661,#2662);
#2661 = CARTESIAN_POINT('',(1.27,-6.096,2.54));
#2662 = VECTOR('',#2663,1.);
#2663 = DIRECTION('',(0.,1.,0.));
#2664 = ORIENTED_EDGE('',*,*,#2665,.T.);
#2665 = EDGE_CURVE('',#2658,#2666,#2668,.T.);
#2666 = VERTEX_POINT('',#2667);
#2667 = CARTESIAN_POINT('',(1.016,-3.81,2.54));
#2668 = LINE('',#2669,#2670);
#2669 = CARTESIAN_POINT('',(1.27,-4.064,2.54));
#2670 = VECTOR('',#2671,1.);
#2671 = DIRECTION('',(-0.707106781187,0.707106781187,0.));
#2672 = ORIENTED_EDGE('',*,*,#2673,.T.);
#2673 = EDGE_CURVE('',#2666,#2674,#2676,.T.);
#2674 = VERTEX_POINT('',#2675);
#2675 = CARTESIAN_POINT('',(1.27,-3.556,2.54));
#2676 = LINE('',#2677,#2678);
#2677 = CARTESIAN_POINT('',(1.016,-3.81,2.54));
#2678 = VECTOR('',#2679,1.);
#2679 = DIRECTION('',(0.707106781187,0.707106781187,0.));
#2680 = ORIENTED_EDGE('',*,*,#2681,.T.);
#2681 = EDGE_CURVE('',#2674,#2682,#2684,.T.);
#2682 = VERTEX_POINT('',#2683);
#2683 = CARTESIAN_POINT('',(1.27,-1.524,2.54));
#2684 = LINE('',#2685,#2686);
#2685 = CARTESIAN_POINT('',(1.27,-3.556,2.54));
#2686 = VECTOR('',#2687,1.);
#2687 = DIRECTION('',(0.,1.,0.));
#2688 = ORIENTED_EDGE('',*,*,#2689,.T.);
#2689 = EDGE_CURVE('',#2682,#2690,#2692,.T.);
#2690 = VERTEX_POINT('',#2691);
#2691 = CARTESIAN_POINT('',(1.016,-1.27,2.54));
#2692 = LINE('',#2693,#2694);
#2693 = CARTESIAN_POINT('',(1.27,-1.524,2.54));
#2694 = VECTOR('',#2695,1.);
#2695 = DIRECTION('',(-0.707106781187,0.707106781187,0.));
#2696 = ORIENTED_EDGE('',*,*,#2697,.T.);
#2697 = EDGE_CURVE('',#2690,#2698,#2700,.T.);
#2698 = VERTEX_POINT('',#2699);
#2699 = CARTESIAN_POINT('',(1.27,-1.016,2.54));
#2700 = LINE('',#2701,#2702);
#2701 = CARTESIAN_POINT('',(1.016,-1.27,2.54));
#2702 = VECTOR('',#2703,1.);
#2703 = DIRECTION('',(0.707106781187,0.707106781187,0.));
#2704 = ORIENTED_EDGE('',*,*,#2705,.T.);
#2705 = EDGE_CURVE('',#2698,#2706,#2708,.T.);
#2706 = VERTEX_POINT('',#2707);
#2707 = CARTESIAN_POINT('',(1.27,1.016,2.54));
#2708 = LINE('',#2709,#2710);
#2709 = CARTESIAN_POINT('',(1.27,-1.016,2.54));
#2710 = VECTOR('',#2711,1.);
#2711 = DIRECTION('',(0.,1.,0.));
#2712 = ORIENTED_EDGE('',*,*,#2713,.T.);
#2713 = EDGE_CURVE('',#2706,#1627,#2714,.T.);
#2714 = LINE('',#2715,#2716);
#2715 = CARTESIAN_POINT('',(1.27,1.016,2.54));
#2716 = VECTOR('',#2717,1.);
#2717 = DIRECTION('',(-0.707106781187,0.707106781187,0.));
#2718 = ORIENTED_EDGE('',*,*,#1634,.T.);
#2719 = FACE_BOUND('',#2720,.T.);
#2720 = EDGE_LOOP('',(#2721,#2731,#2739,#2747));
#2721 = ORIENTED_EDGE('',*,*,#2722,.T.);
#2722 = EDGE_CURVE('',#2723,#2725,#2727,.T.);
#2723 = VERTEX_POINT('',#2724);
#2724 = CARTESIAN_POINT('',(0.32,-18.1,2.54));
#2725 = VERTEX_POINT('',#2726);
#2726 = CARTESIAN_POINT('',(-0.32,-18.1,2.54));
#2727 = LINE('',#2728,#2729);
#2728 = CARTESIAN_POINT('',(-0.16,-18.1,2.54));
#2729 = VECTOR('',#2730,1.);
#2730 = DIRECTION('',(-1.,0.,0.));
#2731 = ORIENTED_EDGE('',*,*,#2732,.T.);
#2732 = EDGE_CURVE('',#2725,#2733,#2735,.T.);
#2733 = VERTEX_POINT('',#2734);
#2734 = CARTESIAN_POINT('',(-0.32,-17.46,2.54));
#2735 = LINE('',#2736,#2737);
#2736 = CARTESIAN_POINT('',(-0.32,-13.495,2.54));
#2737 = VECTOR('',#2738,1.);
#2738 = DIRECTION('',(0.,1.,0.));
#2739 = ORIENTED_EDGE('',*,*,#2740,.F.);
#2740 = EDGE_CURVE('',#2741,#2733,#2743,.T.);
#2741 = VERTEX_POINT('',#2742);
#2742 = CARTESIAN_POINT('',(0.32,-17.46,2.54));
#2743 = LINE('',#2744,#2745);
#2744 = CARTESIAN_POINT('',(-0.16,-17.46,2.54));
#2745 = VECTOR('',#2746,1.);
#2746 = DIRECTION('',(-1.,0.,0.));
#2747 = ORIENTED_EDGE('',*,*,#2748,.F.);
#2748 = EDGE_CURVE('',#2723,#2741,#2749,.T.);
#2749 = LINE('',#2750,#2751);
#2750 = CARTESIAN_POINT('',(0.32,-13.495,2.54));
#2751 = VECTOR('',#2752,1.);
#2752 = DIRECTION('',(0.,1.,0.));
#2753 = FACE_BOUND('',#2754,.T.);
#2754 = EDGE_LOOP('',(#2755,#2765,#2773,#2781));
#2755 = ORIENTED_EDGE('',*,*,#2756,.F.);
#2756 = EDGE_CURVE('',#2757,#2759,#2761,.T.);
#2757 = VERTEX_POINT('',#2758);
#2758 = CARTESIAN_POINT('',(0.32,-14.92,2.54));
#2759 = VERTEX_POINT('',#2760);
#2760 = CARTESIAN_POINT('',(-0.32,-14.92,2.54));
#2761 = LINE('',#2762,#2763);
#2762 = CARTESIAN_POINT('',(-0.16,-14.92,2.54));
#2763 = VECTOR('',#2764,1.);
#2764 = DIRECTION('',(-1.,0.,0.));
#2765 = ORIENTED_EDGE('',*,*,#2766,.F.);
#2766 = EDGE_CURVE('',#2767,#2757,#2769,.T.);
#2767 = VERTEX_POINT('',#2768);
#2768 = CARTESIAN_POINT('',(0.32,-15.56,2.54));
#2769 = LINE('',#2770,#2771);
#2770 = CARTESIAN_POINT('',(0.32,-12.225,2.54));
#2771 = VECTOR('',#2772,1.);
#2772 = DIRECTION('',(0.,1.,0.));
#2773 = ORIENTED_EDGE('',*,*,#2774,.T.);
#2774 = EDGE_CURVE('',#2767,#2775,#2777,.T.);
#2775 = VERTEX_POINT('',#2776);
#2776 = CARTESIAN_POINT('',(-0.32,-15.56,2.54));
#2777 = LINE('',#2778,#2779);
#2778 = CARTESIAN_POINT('',(-0.16,-15.56,2.54));
#2779 = VECTOR('',#2780,1.);
#2780 = DIRECTION('',(-1.,0.,0.));
#2781 = ORIENTED_EDGE('',*,*,#2782,.T.);
#2782 = EDGE_CURVE('',#2775,#2759,#2783,.T.);
#2783 = LINE('',#2784,#2785);
#2784 = CARTESIAN_POINT('',(-0.32,-12.225,2.54));
#2785 = VECTOR('',#2786,1.);
#2786 = DIRECTION('',(0.,1.,0.));
#2787 = FACE_BOUND('',#2788,.T.);
#2788 = EDGE_LOOP('',(#2789,#2799,#2807,#2815));
#2789 = ORIENTED_EDGE('',*,*,#2790,.F.);
#2790 = EDGE_CURVE('',#2791,#2793,#2795,.T.);
#2791 = VERTEX_POINT('',#2792);
#2792 = CARTESIAN_POINT('',(0.32,-7.94,2.54));
#2793 = VERTEX_POINT('',#2794);
#2794 = CARTESIAN_POINT('',(0.32,-7.3,2.54));
#2795 = LINE('',#2796,#2797);
#2796 = CARTESIAN_POINT('',(0.32,-8.415,2.54));
#2797 = VECTOR('',#2798,1.);
#2798 = DIRECTION('',(0.,1.,0.));
#2799 = ORIENTED_EDGE('',*,*,#2800,.T.);
#2800 = EDGE_CURVE('',#2791,#2801,#2803,.T.);
#2801 = VERTEX_POINT('',#2802);
#2802 = CARTESIAN_POINT('',(-0.32,-7.94,2.54));
#2803 = LINE('',#2804,#2805);
#2804 = CARTESIAN_POINT('',(-0.16,-7.94,2.54));
#2805 = VECTOR('',#2806,1.);
#2806 = DIRECTION('',(-1.,0.,0.));
#2807 = ORIENTED_EDGE('',*,*,#2808,.T.);
#2808 = EDGE_CURVE('',#2801,#2809,#2811,.T.);
#2809 = VERTEX_POINT('',#2810);
#2810 = CARTESIAN_POINT('',(-0.32,-7.3,2.54));
#2811 = LINE('',#2812,#2813);
#2812 = CARTESIAN_POINT('',(-0.32,-8.415,2.54));
#2813 = VECTOR('',#2814,1.);
#2814 = DIRECTION('',(0.,1.,0.));
#2815 = ORIENTED_EDGE('',*,*,#2816,.F.);
#2816 = EDGE_CURVE('',#2793,#2809,#2817,.T.);
#2817 = LINE('',#2818,#2819);
#2818 = CARTESIAN_POINT('',(-0.16,-7.3,2.54));
#2819 = VECTOR('',#2820,1.);
#2820 = DIRECTION('',(-1.,0.,0.));
#2821 = FACE_BOUND('',#2822,.T.);
#2822 = EDGE_LOOP('',(#2823,#2833,#2841,#2849));
#2823 = ORIENTED_EDGE('',*,*,#2824,.F.);
#2824 = EDGE_CURVE('',#2825,#2827,#2829,.T.);
#2825 = VERTEX_POINT('',#2826);
#2826 = CARTESIAN_POINT('',(0.32,-12.38,2.54));
#2827 = VERTEX_POINT('',#2828);
#2828 = CARTESIAN_POINT('',(-0.32,-12.38,2.54));
#2829 = LINE('',#2830,#2831);
#2830 = CARTESIAN_POINT('',(-0.16,-12.38,2.54));
#2831 = VECTOR('',#2832,1.);
#2832 = DIRECTION('',(-1.,0.,0.));
#2833 = ORIENTED_EDGE('',*,*,#2834,.F.);
#2834 = EDGE_CURVE('',#2835,#2825,#2837,.T.);
#2835 = VERTEX_POINT('',#2836);
#2836 = CARTESIAN_POINT('',(0.32,-13.02,2.54));
#2837 = LINE('',#2838,#2839);
#2838 = CARTESIAN_POINT('',(0.32,-10.955,2.54));
#2839 = VECTOR('',#2840,1.);
#2840 = DIRECTION('',(0.,1.,0.));
#2841 = ORIENTED_EDGE('',*,*,#2842,.T.);
#2842 = EDGE_CURVE('',#2835,#2843,#2845,.T.);
#2843 = VERTEX_POINT('',#2844);
#2844 = CARTESIAN_POINT('',(-0.32,-13.02,2.54));
#2845 = LINE('',#2846,#2847);
#2846 = CARTESIAN_POINT('',(-0.16,-13.02,2.54));
#2847 = VECTOR('',#2848,1.);
#2848 = DIRECTION('',(-1.,0.,0.));
#2849 = ORIENTED_EDGE('',*,*,#2850,.T.);
#2850 = EDGE_CURVE('',#2843,#2827,#2851,.T.);
#2851 = LINE('',#2852,#2853);
#2852 = CARTESIAN_POINT('',(-0.32,-10.955,2.54));
#2853 = VECTOR('',#2854,1.);
#2854 = DIRECTION('',(0.,1.,0.));
#2855 = FACE_BOUND('',#2856,.T.);
#2856 = EDGE_LOOP('',(#2857,#2867,#2875,#2883));
#2857 = ORIENTED_EDGE('',*,*,#2858,.F.);
#2858 = EDGE_CURVE('',#2859,#2861,#2863,.T.);
#2859 = VERTEX_POINT('',#2860);
#2860 = CARTESIAN_POINT('',(0.32,-10.48,2.54));
#2861 = VERTEX_POINT('',#2862);
#2862 = CARTESIAN_POINT('',(0.32,-9.84,2.54));
#2863 = LINE('',#2864,#2865);
#2864 = CARTESIAN_POINT('',(0.32,-9.685,2.54));
#2865 = VECTOR('',#2866,1.);
#2866 = DIRECTION('',(0.,1.,0.));
#2867 = ORIENTED_EDGE('',*,*,#2868,.T.);
#2868 = EDGE_CURVE('',#2859,#2869,#2871,.T.);
#2869 = VERTEX_POINT('',#2870);
#2870 = CARTESIAN_POINT('',(-0.32,-10.48,2.54));
#2871 = LINE('',#2872,#2873);
#2872 = CARTESIAN_POINT('',(-0.16,-10.48,2.54));
#2873 = VECTOR('',#2874,1.);
#2874 = DIRECTION('',(-1.,0.,0.));
#2875 = ORIENTED_EDGE('',*,*,#2876,.T.);
#2876 = EDGE_CURVE('',#2869,#2877,#2879,.T.);
#2877 = VERTEX_POINT('',#2878);
#2878 = CARTESIAN_POINT('',(-0.32,-9.84,2.54));
#2879 = LINE('',#2880,#2881);
#2880 = CARTESIAN_POINT('',(-0.32,-9.685,2.54));
#2881 = VECTOR('',#2882,1.);
#2882 = DIRECTION('',(0.,1.,0.));
#2883 = ORIENTED_EDGE('',*,*,#2884,.F.);
#2884 = EDGE_CURVE('',#2861,#2877,#2885,.T.);
#2885 = LINE('',#2886,#2887);
#2886 = CARTESIAN_POINT('',(-0.16,-9.84,2.54));
#2887 = VECTOR('',#2888,1.);
#2888 = DIRECTION('',(-1.,0.,0.));
#2889 = FACE_BOUND('',#2890,.T.);
#2890 = EDGE_LOOP('',(#2891,#2901,#2909,#2917));
#2891 = ORIENTED_EDGE('',*,*,#2892,.F.);
#2892 = EDGE_CURVE('',#2893,#2895,#2897,.T.);
#2893 = VERTEX_POINT('',#2894);
#2894 = CARTESIAN_POINT('',(0.32,-2.22,2.54));
#2895 = VERTEX_POINT('',#2896);
#2896 = CARTESIAN_POINT('',(-0.32,-2.22,2.54));
#2897 = LINE('',#2898,#2899);
#2898 = CARTESIAN_POINT('',(-0.16,-2.22,2.54));
#2899 = VECTOR('',#2900,1.);
#2900 = DIRECTION('',(-1.,0.,0.));
#2901 = ORIENTED_EDGE('',*,*,#2902,.F.);
#2902 = EDGE_CURVE('',#2903,#2893,#2905,.T.);
#2903 = VERTEX_POINT('',#2904);
#2904 = CARTESIAN_POINT('',(0.32,-2.86,2.54));
#2905 = LINE('',#2906,#2907);
#2906 = CARTESIAN_POINT('',(0.32,-5.875,2.54));
#2907 = VECTOR('',#2908,1.);
#2908 = DIRECTION('',(0.,1.,0.));
#2909 = ORIENTED_EDGE('',*,*,#2910,.T.);
#2910 = EDGE_CURVE('',#2903,#2911,#2913,.T.);
#2911 = VERTEX_POINT('',#2912);
#2912 = CARTESIAN_POINT('',(-0.32,-2.86,2.54));
#2913 = LINE('',#2914,#2915);
#2914 = CARTESIAN_POINT('',(-0.16,-2.86,2.54));
#2915 = VECTOR('',#2916,1.);
#2916 = DIRECTION('',(-1.,0.,0.));
#2917 = ORIENTED_EDGE('',*,*,#2918,.T.);
#2918 = EDGE_CURVE('',#2911,#2895,#2919,.T.);
#2919 = LINE('',#2920,#2921);
#2920 = CARTESIAN_POINT('',(-0.32,-5.875,2.54));
#2921 = VECTOR('',#2922,1.);
#2922 = DIRECTION('',(0.,1.,0.));
#2923 = FACE_BOUND('',#2924,.T.);
#2924 = EDGE_LOOP('',(#2925,#2935,#2943,#2951));
#2925 = ORIENTED_EDGE('',*,*,#2926,.T.);
#2926 = EDGE_CURVE('',#2927,#2929,#2931,.T.);
#2927 = VERTEX_POINT('',#2928);
#2928 = CARTESIAN_POINT('',(0.32,-5.4,2.54));
#2929 = VERTEX_POINT('',#2930);
#2930 = CARTESIAN_POINT('',(-0.32,-5.4,2.54));
#2931 = LINE('',#2932,#2933);
#2932 = CARTESIAN_POINT('',(-0.16,-5.4,2.54));
#2933 = VECTOR('',#2934,1.);
#2934 = DIRECTION('',(-1.,0.,0.));
#2935 = ORIENTED_EDGE('',*,*,#2936,.T.);
#2936 = EDGE_CURVE('',#2929,#2937,#2939,.T.);
#2937 = VERTEX_POINT('',#2938);
#2938 = CARTESIAN_POINT('',(-0.32,-4.76,2.54));
#2939 = LINE('',#2940,#2941);
#2940 = CARTESIAN_POINT('',(-0.32,-7.145,2.54));
#2941 = VECTOR('',#2942,1.);
#2942 = DIRECTION('',(0.,1.,0.));
#2943 = ORIENTED_EDGE('',*,*,#2944,.F.);
#2944 = EDGE_CURVE('',#2945,#2937,#2947,.T.);
#2945 = VERTEX_POINT('',#2946);
#2946 = CARTESIAN_POINT('',(0.32,-4.76,2.54));
#2947 = LINE('',#2948,#2949);
#2948 = CARTESIAN_POINT('',(-0.16,-4.76,2.54));
#2949 = VECTOR('',#2950,1.);
#2950 = DIRECTION('',(-1.,0.,0.));
#2951 = ORIENTED_EDGE('',*,*,#2952,.F.);
#2952 = EDGE_CURVE('',#2927,#2945,#2953,.T.);
#2953 = LINE('',#2954,#2955);
#2954 = CARTESIAN_POINT('',(0.32,-7.145,2.54));
#2955 = VECTOR('',#2956,1.);
#2956 = DIRECTION('',(0.,1.,0.));
#2957 = FACE_BOUND('',#2958,.T.);
#2958 = EDGE_LOOP('',(#2959,#2969,#2977,#2985));
#2959 = ORIENTED_EDGE('',*,*,#2960,.F.);
#2960 = EDGE_CURVE('',#2961,#2963,#2965,.T.);
#2961 = VERTEX_POINT('',#2962);
#2962 = CARTESIAN_POINT('',(0.32,-0.32,2.54));
#2963 = VERTEX_POINT('',#2964);
#2964 = CARTESIAN_POINT('',(0.32,0.32,2.54));
#2965 = LINE('',#2966,#2967);
#2966 = CARTESIAN_POINT('',(0.32,-4.605,2.54));
#2967 = VECTOR('',#2968,1.);
#2968 = DIRECTION('',(0.,1.,0.));
#2969 = ORIENTED_EDGE('',*,*,#2970,.T.);
#2970 = EDGE_CURVE('',#2961,#2971,#2973,.T.);
#2971 = VERTEX_POINT('',#2972);
#2972 = CARTESIAN_POINT('',(-0.32,-0.32,2.54));
#2973 = LINE('',#2974,#2975);
#2974 = CARTESIAN_POINT('',(-0.16,-0.32,2.54));
#2975 = VECTOR('',#2976,1.);
#2976 = DIRECTION('',(-1.,0.,0.));
#2977 = ORIENTED_EDGE('',*,*,#2978,.T.);
#2978 = EDGE_CURVE('',#2971,#2979,#2981,.T.);
#2979 = VERTEX_POINT('',#2980);
#2980 = CARTESIAN_POINT('',(-0.32,0.32,2.54));
#2981 = LINE('',#2982,#2983);
#2982 = CARTESIAN_POINT('',(-0.32,-4.605,2.54));
#2983 = VECTOR('',#2984,1.);
#2984 = DIRECTION('',(0.,1.,0.));
#2985 = ORIENTED_EDGE('',*,*,#2986,.F.);
#2986 = EDGE_CURVE('',#2963,#2979,#2987,.T.);
#2987 = LINE('',#2988,#2989);
#2988 = CARTESIAN_POINT('',(-0.16,0.32,2.54));
#2989 = VECTOR('',#2990,1.);
#2990 = DIRECTION('',(-1.,0.,0.));
#2991 = PLANE('',#2992);
#2992 = AXIS2_PLACEMENT_3D('',#2993,#2994,#2995);
#2993 = CARTESIAN_POINT('',(-1.38573690222E-17,-8.89,2.54));
#2994 = DIRECTION('',(0.,0.,1.));
#2995 = DIRECTION('',(1.,0.,-0.));
#2996 = ADVANCED_FACE('',(#2997),#3008,.F.);
#2997 = FACE_BOUND('',#2998,.F.);
#2998 = EDGE_LOOP('',(#2999,#3005,#3006,#3007));
#2999 = ORIENTED_EDGE('',*,*,#3000,.T.);
#3000 = EDGE_CURVE('',#2049,#2706,#3001,.T.);
#3001 = LINE('',#3002,#3003);
#3002 = CARTESIAN_POINT('',(1.27,1.016,0.));
#3003 = VECTOR('',#3004,1.);
#3004 = DIRECTION('',(0.,0.,1.));
#3005 = ORIENTED_EDGE('',*,*,#2713,.T.);
#3006 = ORIENTED_EDGE('',*,*,#1624,.F.);
#3007 = ORIENTED_EDGE('',*,*,#2056,.F.);
#3008 = PLANE('',#3009);
#3009 = AXIS2_PLACEMENT_3D('',#3010,#3011,#3012);
#3010 = CARTESIAN_POINT('',(1.27,1.016,0.));
#3011 = DIRECTION('',(-0.707106781187,-0.707106781187,0.));
#3012 = DIRECTION('',(-0.707106781187,0.707106781187,0.));
#3013 = ADVANCED_FACE('',(#3014),#3025,.F.);
#3014 = FACE_BOUND('',#3015,.F.);
#3015 = EDGE_LOOP('',(#3016,#3017,#3018,#3024));
#3016 = ORIENTED_EDGE('',*,*,#1664,.T.);
#3017 = ORIENTED_EDGE('',*,*,#2345,.T.);
#3018 = ORIENTED_EDGE('',*,*,#3019,.F.);
#3019 = EDGE_CURVE('',#1689,#2346,#3020,.T.);
#3020 = LINE('',#3021,#3022);
#3021 = CARTESIAN_POINT('',(-1.016,-1.27,0.));
#3022 = VECTOR('',#3023,1.);
#3023 = DIRECTION('',(0.,0.,1.));
#3024 = ORIENTED_EDGE('',*,*,#1688,.F.);
#3025 = PLANE('',#3026);
#3026 = AXIS2_PLACEMENT_3D('',#3027,#3028,#3029);
#3027 = CARTESIAN_POINT('',(-1.27,-1.016,0.));
#3028 = DIRECTION('',(0.707106781187,0.707106781187,0.));
#3029 = DIRECTION('',(0.707106781187,-0.707106781187,0.));
#3030 = ADVANCED_FACE('',(#3031),#3042,.F.);
#3031 = FACE_BOUND('',#3032,.F.);
#3032 = EDGE_LOOP('',(#3033,#3039,#3040,#3041));
#3033 = ORIENTED_EDGE('',*,*,#3034,.T.);
#3034 = EDGE_CURVE('',#2041,#2698,#3035,.T.);
#3035 = LINE('',#3036,#3037);
#3036 = CARTESIAN_POINT('',(1.27,-1.016,0.));
#3037 = VECTOR('',#3038,1.);
#3038 = DIRECTION('',(0.,0.,1.));
#3039 = ORIENTED_EDGE('',*,*,#2705,.T.);
#3040 = ORIENTED_EDGE('',*,*,#3000,.F.);
#3041 = ORIENTED_EDGE('',*,*,#2048,.F.);
#3042 = PLANE('',#3043);
#3043 = AXIS2_PLACEMENT_3D('',#3044,#3045,#3046);
#3044 = CARTESIAN_POINT('',(1.27,-1.016,0.));
#3045 = DIRECTION('',(-1.,0.,0.));
#3046 = DIRECTION('',(0.,1.,0.));
#3047 = ADVANCED_FACE('',(#3048),#3059,.F.);
#3048 = FACE_BOUND('',#3049,.F.);
#3049 = EDGE_LOOP('',(#3050,#3051,#3052,#3058));
#3050 = ORIENTED_EDGE('',*,*,#3019,.T.);
#3051 = ORIENTED_EDGE('',*,*,#2353,.T.);
#3052 = ORIENTED_EDGE('',*,*,#3053,.F.);
#3053 = EDGE_CURVE('',#1697,#2354,#3054,.T.);
#3054 = LINE('',#3055,#3056);
#3055 = CARTESIAN_POINT('',(-1.27,-1.524,0.));
#3056 = VECTOR('',#3057,1.);
#3057 = DIRECTION('',(0.,0.,1.));
#3058 = ORIENTED_EDGE('',*,*,#1696,.F.);
#3059 = PLANE('',#3060);
#3060 = AXIS2_PLACEMENT_3D('',#3061,#3062,#3063);
#3061 = CARTESIAN_POINT('',(-1.016,-1.27,0.));
#3062 = DIRECTION('',(0.707106781187,-0.707106781187,0.));
#3063 = DIRECTION('',(-0.707106781187,-0.707106781187,0.));
#3064 = ADVANCED_FACE('',(#3065),#3076,.F.);
#3065 = FACE_BOUND('',#3066,.F.);
#3066 = EDGE_LOOP('',(#3067,#3073,#3074,#3075));
#3067 = ORIENTED_EDGE('',*,*,#3068,.T.);
#3068 = EDGE_CURVE('',#2033,#2690,#3069,.T.);
#3069 = LINE('',#3070,#3071);
#3070 = CARTESIAN_POINT('',(1.016,-1.27,0.));
#3071 = VECTOR('',#3072,1.);
#3072 = DIRECTION('',(0.,0.,1.));
#3073 = ORIENTED_EDGE('',*,*,#2697,.T.);
#3074 = ORIENTED_EDGE('',*,*,#3034,.F.);
#3075 = ORIENTED_EDGE('',*,*,#2040,.F.);
#3076 = PLANE('',#3077);
#3077 = AXIS2_PLACEMENT_3D('',#3078,#3079,#3080);
#3078 = CARTESIAN_POINT('',(1.016,-1.27,0.));
#3079 = DIRECTION('',(-0.707106781187,0.707106781187,0.));
#3080 = DIRECTION('',(0.707106781187,0.707106781187,0.));
#3081 = ADVANCED_FACE('',(#3082),#3093,.F.);
#3082 = FACE_BOUND('',#3083,.F.);
#3083 = EDGE_LOOP('',(#3084,#3085,#3086,#3092));
#3084 = ORIENTED_EDGE('',*,*,#3053,.T.);
#3085 = ORIENTED_EDGE('',*,*,#2361,.T.);
#3086 = ORIENTED_EDGE('',*,*,#3087,.F.);
#3087 = EDGE_CURVE('',#1705,#2362,#3088,.T.);
#3088 = LINE('',#3089,#3090);
#3089 = CARTESIAN_POINT('',(-1.27,-3.556,0.));
#3090 = VECTOR('',#3091,1.);
#3091 = DIRECTION('',(0.,0.,1.));
#3092 = ORIENTED_EDGE('',*,*,#1704,.F.);
#3093 = PLANE('',#3094);
#3094 = AXIS2_PLACEMENT_3D('',#3095,#3096,#3097);
#3095 = CARTESIAN_POINT('',(-1.27,-1.524,0.));
#3096 = DIRECTION('',(1.,0.,0.));
#3097 = DIRECTION('',(0.,-1.,0.));
#3098 = ADVANCED_FACE('',(#3099),#3110,.F.);
#3099 = FACE_BOUND('',#3100,.F.);
#3100 = EDGE_LOOP('',(#3101,#3107,#3108,#3109));
#3101 = ORIENTED_EDGE('',*,*,#3102,.T.);
#3102 = EDGE_CURVE('',#2025,#2682,#3103,.T.);
#3103 = LINE('',#3104,#3105);
#3104 = CARTESIAN_POINT('',(1.27,-1.524,0.));
#3105 = VECTOR('',#3106,1.);
#3106 = DIRECTION('',(0.,0.,1.));
#3107 = ORIENTED_EDGE('',*,*,#2689,.T.);
#3108 = ORIENTED_EDGE('',*,*,#3068,.F.);
#3109 = ORIENTED_EDGE('',*,*,#2032,.F.);
#3110 = PLANE('',#3111);
#3111 = AXIS2_PLACEMENT_3D('',#3112,#3113,#3114);
#3112 = CARTESIAN_POINT('',(1.27,-1.524,0.));
#3113 = DIRECTION('',(-0.707106781187,-0.707106781187,0.));
#3114 = DIRECTION('',(-0.707106781187,0.707106781187,0.));
#3115 = ADVANCED_FACE('',(#3116),#3127,.F.);
#3116 = FACE_BOUND('',#3117,.F.);
#3117 = EDGE_LOOP('',(#3118,#3119,#3120,#3126));
#3118 = ORIENTED_EDGE('',*,*,#3087,.T.);
#3119 = ORIENTED_EDGE('',*,*,#2369,.T.);
#3120 = ORIENTED_EDGE('',*,*,#3121,.F.);
#3121 = EDGE_CURVE('',#1713,#2370,#3122,.T.);
#3122 = LINE('',#3123,#3124);
#3123 = CARTESIAN_POINT('',(-1.016,-3.81,0.));
#3124 = VECTOR('',#3125,1.);
#3125 = DIRECTION('',(0.,0.,1.));
#3126 = ORIENTED_EDGE('',*,*,#1712,.F.);
#3127 = PLANE('',#3128);
#3128 = AXIS2_PLACEMENT_3D('',#3129,#3130,#3131);
#3129 = CARTESIAN_POINT('',(-1.27,-3.556,0.));
#3130 = DIRECTION('',(0.707106781187,0.707106781187,0.));
#3131 = DIRECTION('',(0.707106781187,-0.707106781187,0.));
#3132 = ADVANCED_FACE('',(#3133),#3144,.F.);
#3133 = FACE_BOUND('',#3134,.F.);
#3134 = EDGE_LOOP('',(#3135,#3141,#3142,#3143));
#3135 = ORIENTED_EDGE('',*,*,#3136,.T.);
#3136 = EDGE_CURVE('',#2017,#2674,#3137,.T.);
#3137 = LINE('',#3138,#3139);
#3138 = CARTESIAN_POINT('',(1.27,-3.556,0.));
#3139 = VECTOR('',#3140,1.);
#3140 = DIRECTION('',(0.,0.,1.));
#3141 = ORIENTED_EDGE('',*,*,#2681,.T.);
#3142 = ORIENTED_EDGE('',*,*,#3102,.F.);
#3143 = ORIENTED_EDGE('',*,*,#2024,.F.);
#3144 = PLANE('',#3145);
#3145 = AXIS2_PLACEMENT_3D('',#3146,#3147,#3148);
#3146 = CARTESIAN_POINT('',(1.27,-3.556,0.));
#3147 = DIRECTION('',(-1.,0.,0.));
#3148 = DIRECTION('',(0.,1.,0.));
#3149 = ADVANCED_FACE('',(#3150),#3161,.F.);
#3150 = FACE_BOUND('',#3151,.F.);
#3151 = EDGE_LOOP('',(#3152,#3153,#3154,#3160));
#3152 = ORIENTED_EDGE('',*,*,#3121,.T.);
#3153 = ORIENTED_EDGE('',*,*,#2377,.T.);
#3154 = ORIENTED_EDGE('',*,*,#3155,.F.);
#3155 = EDGE_CURVE('',#1721,#2378,#3156,.T.);
#3156 = LINE('',#3157,#3158);
#3157 = CARTESIAN_POINT('',(-1.27,-4.064,0.));
#3158 = VECTOR('',#3159,1.);
#3159 = DIRECTION('',(0.,0.,1.));
#3160 = ORIENTED_EDGE('',*,*,#1720,.F.);
#3161 = PLANE('',#3162);
#3162 = AXIS2_PLACEMENT_3D('',#3163,#3164,#3165);
#3163 = CARTESIAN_POINT('',(-1.016,-3.81,0.));
#3164 = DIRECTION('',(0.707106781187,-0.707106781187,0.));
#3165 = DIRECTION('',(-0.707106781187,-0.707106781187,0.));
#3166 = ADVANCED_FACE('',(#3167),#3178,.F.);
#3167 = FACE_BOUND('',#3168,.F.);
#3168 = EDGE_LOOP('',(#3169,#3175,#3176,#3177));
#3169 = ORIENTED_EDGE('',*,*,#3170,.T.);
#3170 = EDGE_CURVE('',#2009,#2666,#3171,.T.);
#3171 = LINE('',#3172,#3173);
#3172 = CARTESIAN_POINT('',(1.016,-3.81,0.));
#3173 = VECTOR('',#3174,1.);
#3174 = DIRECTION('',(0.,0.,1.));
#3175 = ORIENTED_EDGE('',*,*,#2673,.T.);
#3176 = ORIENTED_EDGE('',*,*,#3136,.F.);
#3177 = ORIENTED_EDGE('',*,*,#2016,.F.);
#3178 = PLANE('',#3179);
#3179 = AXIS2_PLACEMENT_3D('',#3180,#3181,#3182);
#3180 = CARTESIAN_POINT('',(1.016,-3.81,0.));
#3181 = DIRECTION('',(-0.707106781187,0.707106781187,0.));
#3182 = DIRECTION('',(0.707106781187,0.707106781187,0.));
#3183 = ADVANCED_FACE('',(#3184),#3195,.F.);
#3184 = FACE_BOUND('',#3185,.F.);
#3185 = EDGE_LOOP('',(#3186,#3187,#3188,#3194));
#3186 = ORIENTED_EDGE('',*,*,#3155,.T.);
#3187 = ORIENTED_EDGE('',*,*,#2385,.T.);
#3188 = ORIENTED_EDGE('',*,*,#3189,.F.);
#3189 = EDGE_CURVE('',#1729,#2386,#3190,.T.);
#3190 = LINE('',#3191,#3192);
#3191 = CARTESIAN_POINT('',(-1.27,-6.096,0.));
#3192 = VECTOR('',#3193,1.);
#3193 = DIRECTION('',(0.,0.,1.));
#3194 = ORIENTED_EDGE('',*,*,#1728,.F.);
#3195 = PLANE('',#3196);
#3196 = AXIS2_PLACEMENT_3D('',#3197,#3198,#3199);
#3197 = CARTESIAN_POINT('',(-1.27,-4.064,0.));
#3198 = DIRECTION('',(1.,0.,0.));
#3199 = DIRECTION('',(0.,-1.,0.));
#3200 = ADVANCED_FACE('',(#3201),#3212,.F.);
#3201 = FACE_BOUND('',#3202,.F.);
#3202 = EDGE_LOOP('',(#3203,#3209,#3210,#3211));
#3203 = ORIENTED_EDGE('',*,*,#3204,.T.);
#3204 = EDGE_CURVE('',#2001,#2658,#3205,.T.);
#3205 = LINE('',#3206,#3207);
#3206 = CARTESIAN_POINT('',(1.27,-4.064,0.));
#3207 = VECTOR('',#3208,1.);
#3208 = DIRECTION('',(0.,0.,1.));
#3209 = ORIENTED_EDGE('',*,*,#2665,.T.);
#3210 = ORIENTED_EDGE('',*,*,#3170,.F.);
#3211 = ORIENTED_EDGE('',*,*,#2008,.F.);
#3212 = PLANE('',#3213);
#3213 = AXIS2_PLACEMENT_3D('',#3214,#3215,#3216);
#3214 = CARTESIAN_POINT('',(1.27,-4.064,0.));
#3215 = DIRECTION('',(-0.707106781187,-0.707106781187,0.));
#3216 = DIRECTION('',(-0.707106781187,0.707106781187,0.));
#3217 = ADVANCED_FACE('',(#3218),#3229,.F.);
#3218 = FACE_BOUND('',#3219,.F.);
#3219 = EDGE_LOOP('',(#3220,#3221,#3222,#3228));
#3220 = ORIENTED_EDGE('',*,*,#3189,.T.);
#3221 = ORIENTED_EDGE('',*,*,#2393,.T.);
#3222 = ORIENTED_EDGE('',*,*,#3223,.F.);
#3223 = EDGE_CURVE('',#1737,#2394,#3224,.T.);
#3224 = LINE('',#3225,#3226);
#3225 = CARTESIAN_POINT('',(-1.016,-6.35,0.));
#3226 = VECTOR('',#3227,1.);
#3227 = DIRECTION('',(0.,0.,1.));
#3228 = ORIENTED_EDGE('',*,*,#1736,.F.);
#3229 = PLANE('',#3230);
#3230 = AXIS2_PLACEMENT_3D('',#3231,#3232,#3233);
#3231 = CARTESIAN_POINT('',(-1.27,-6.096,0.));
#3232 = DIRECTION('',(0.707106781187,0.707106781187,0.));
#3233 = DIRECTION('',(0.707106781187,-0.707106781187,0.));
#3234 = ADVANCED_FACE('',(#3235),#3246,.F.);
#3235 = FACE_BOUND('',#3236,.F.);
#3236 = EDGE_LOOP('',(#3237,#3243,#3244,#3245));
#3237 = ORIENTED_EDGE('',*,*,#3238,.T.);
#3238 = EDGE_CURVE('',#1993,#2650,#3239,.T.);
#3239 = LINE('',#3240,#3241);
#3240 = CARTESIAN_POINT('',(1.27,-6.096,0.));
#3241 = VECTOR('',#3242,1.);
#3242 = DIRECTION('',(0.,0.,1.));
#3243 = ORIENTED_EDGE('',*,*,#2657,.T.);
#3244 = ORIENTED_EDGE('',*,*,#3204,.F.);
#3245 = ORIENTED_EDGE('',*,*,#2000,.F.);
#3246 = PLANE('',#3247);
#3247 = AXIS2_PLACEMENT_3D('',#3248,#3249,#3250);
#3248 = CARTESIAN_POINT('',(1.27,-6.096,0.));
#3249 = DIRECTION('',(-1.,0.,0.));
#3250 = DIRECTION('',(0.,1.,0.));
#3251 = ADVANCED_FACE('',(#3252),#3263,.F.);
#3252 = FACE_BOUND('',#3253,.F.);
#3253 = EDGE_LOOP('',(#3254,#3255,#3256,#3262));
#3254 = ORIENTED_EDGE('',*,*,#3223,.T.);
#3255 = ORIENTED_EDGE('',*,*,#2401,.T.);
#3256 = ORIENTED_EDGE('',*,*,#3257,.F.);
#3257 = EDGE_CURVE('',#1745,#2402,#3258,.T.);
#3258 = LINE('',#3259,#3260);
#3259 = CARTESIAN_POINT('',(-1.27,-6.604,0.));
#3260 = VECTOR('',#3261,1.);
#3261 = DIRECTION('',(0.,0.,1.));
#3262 = ORIENTED_EDGE('',*,*,#1744,.F.);
#3263 = PLANE('',#3264);
#3264 = AXIS2_PLACEMENT_3D('',#3265,#3266,#3267);
#3265 = CARTESIAN_POINT('',(-1.016,-6.35,0.));
#3266 = DIRECTION('',(0.707106781187,-0.707106781187,0.));
#3267 = DIRECTION('',(-0.707106781187,-0.707106781187,0.));
#3268 = ADVANCED_FACE('',(#3269),#3280,.F.);
#3269 = FACE_BOUND('',#3270,.F.);
#3270 = EDGE_LOOP('',(#3271,#3277,#3278,#3279));
#3271 = ORIENTED_EDGE('',*,*,#3272,.T.);
#3272 = EDGE_CURVE('',#1985,#2642,#3273,.T.);
#3273 = LINE('',#3274,#3275);
#3274 = CARTESIAN_POINT('',(1.016,-6.35,0.));
#3275 = VECTOR('',#3276,1.);
#3276 = DIRECTION('',(0.,0.,1.));
#3277 = ORIENTED_EDGE('',*,*,#2649,.T.);
#3278 = ORIENTED_EDGE('',*,*,#3238,.F.);
#3279 = ORIENTED_EDGE('',*,*,#1992,.F.);
#3280 = PLANE('',#3281);
#3281 = AXIS2_PLACEMENT_3D('',#3282,#3283,#3284);
#3282 = CARTESIAN_POINT('',(1.016,-6.35,0.));
#3283 = DIRECTION('',(-0.707106781187,0.707106781187,0.));
#3284 = DIRECTION('',(0.707106781187,0.707106781187,0.));
#3285 = ADVANCED_FACE('',(#3286),#3297,.F.);
#3286 = FACE_BOUND('',#3287,.F.);
#3287 = EDGE_LOOP('',(#3288,#3289,#3290,#3296));
#3288 = ORIENTED_EDGE('',*,*,#3257,.T.);
#3289 = ORIENTED_EDGE('',*,*,#2409,.T.);
#3290 = ORIENTED_EDGE('',*,*,#3291,.F.);
#3291 = EDGE_CURVE('',#1753,#2410,#3292,.T.);
#3292 = LINE('',#3293,#3294);
#3293 = CARTESIAN_POINT('',(-1.27,-8.636,0.));
#3294 = VECTOR('',#3295,1.);
#3295 = DIRECTION('',(0.,0.,1.));
#3296 = ORIENTED_EDGE('',*,*,#1752,.F.);
#3297 = PLANE('',#3298);
#3298 = AXIS2_PLACEMENT_3D('',#3299,#3300,#3301);
#3299 = CARTESIAN_POINT('',(-1.27,-6.604,0.));
#3300 = DIRECTION('',(1.,0.,0.));
#3301 = DIRECTION('',(0.,-1.,0.));
#3302 = ADVANCED_FACE('',(#3303),#3314,.F.);
#3303 = FACE_BOUND('',#3304,.F.);
#3304 = EDGE_LOOP('',(#3305,#3311,#3312,#3313));
#3305 = ORIENTED_EDGE('',*,*,#3306,.T.);
#3306 = EDGE_CURVE('',#1977,#2634,#3307,.T.);
#3307 = LINE('',#3308,#3309);
#3308 = CARTESIAN_POINT('',(1.27,-6.604,0.));
#3309 = VECTOR('',#3310,1.);
#3310 = DIRECTION('',(0.,0.,1.));
#3311 = ORIENTED_EDGE('',*,*,#2641,.T.);
#3312 = ORIENTED_EDGE('',*,*,#3272,.F.);
#3313 = ORIENTED_EDGE('',*,*,#1984,.F.);
#3314 = PLANE('',#3315);
#3315 = AXIS2_PLACEMENT_3D('',#3316,#3317,#3318);
#3316 = CARTESIAN_POINT('',(1.27,-6.604,0.));
#3317 = DIRECTION('',(-0.707106781187,-0.707106781187,0.));
#3318 = DIRECTION('',(-0.707106781187,0.707106781187,0.));
#3319 = ADVANCED_FACE('',(#3320),#3331,.F.);
#3320 = FACE_BOUND('',#3321,.F.);
#3321 = EDGE_LOOP('',(#3322,#3323,#3324,#3330));
#3322 = ORIENTED_EDGE('',*,*,#3291,.T.);
#3323 = ORIENTED_EDGE('',*,*,#2417,.T.);
#3324 = ORIENTED_EDGE('',*,*,#3325,.F.);
#3325 = EDGE_CURVE('',#1761,#2418,#3326,.T.);
#3326 = LINE('',#3327,#3328);
#3327 = CARTESIAN_POINT('',(-1.016,-8.89,0.));
#3328 = VECTOR('',#3329,1.);
#3329 = DIRECTION('',(0.,0.,1.));
#3330 = ORIENTED_EDGE('',*,*,#1760,.F.);
#3331 = PLANE('',#3332);
#3332 = AXIS2_PLACEMENT_3D('',#3333,#3334,#3335);
#3333 = CARTESIAN_POINT('',(-1.27,-8.636,0.));
#3334 = DIRECTION('',(0.707106781187,0.707106781187,0.));
#3335 = DIRECTION('',(0.707106781187,-0.707106781187,0.));
#3336 = ADVANCED_FACE('',(#3337),#3348,.F.);
#3337 = FACE_BOUND('',#3338,.F.);
#3338 = EDGE_LOOP('',(#3339,#3345,#3346,#3347));
#3339 = ORIENTED_EDGE('',*,*,#3340,.T.);
#3340 = EDGE_CURVE('',#1969,#2626,#3341,.T.);
#3341 = LINE('',#3342,#3343);
#3342 = CARTESIAN_POINT('',(1.27,-8.636,0.));
#3343 = VECTOR('',#3344,1.);
#3344 = DIRECTION('',(0.,0.,1.));
#3345 = ORIENTED_EDGE('',*,*,#2633,.T.);
#3346 = ORIENTED_EDGE('',*,*,#3306,.F.);
#3347 = ORIENTED_EDGE('',*,*,#1976,.F.);
#3348 = PLANE('',#3349);
#3349 = AXIS2_PLACEMENT_3D('',#3350,#3351,#3352);
#3350 = CARTESIAN_POINT('',(1.27,-8.636,0.));
#3351 = DIRECTION('',(-1.,0.,0.));
#3352 = DIRECTION('',(0.,1.,0.));
#3353 = ADVANCED_FACE('',(#3354),#3365,.F.);
#3354 = FACE_BOUND('',#3355,.F.);
#3355 = EDGE_LOOP('',(#3356,#3357,#3358,#3364));
#3356 = ORIENTED_EDGE('',*,*,#3325,.T.);
#3357 = ORIENTED_EDGE('',*,*,#2425,.T.);
#3358 = ORIENTED_EDGE('',*,*,#3359,.F.);
#3359 = EDGE_CURVE('',#1769,#2426,#3360,.T.);
#3360 = LINE('',#3361,#3362);
#3361 = CARTESIAN_POINT('',(-1.27,-9.144,0.));
#3362 = VECTOR('',#3363,1.);
#3363 = DIRECTION('',(0.,0.,1.));
#3364 = ORIENTED_EDGE('',*,*,#1768,.F.);
#3365 = PLANE('',#3366);
#3366 = AXIS2_PLACEMENT_3D('',#3367,#3368,#3369);
#3367 = CARTESIAN_POINT('',(-1.016,-8.89,0.));
#3368 = DIRECTION('',(0.707106781187,-0.707106781187,0.));
#3369 = DIRECTION('',(-0.707106781187,-0.707106781187,0.));
#3370 = ADVANCED_FACE('',(#3371),#3382,.F.);
#3371 = FACE_BOUND('',#3372,.F.);
#3372 = EDGE_LOOP('',(#3373,#3379,#3380,#3381));
#3373 = ORIENTED_EDGE('',*,*,#3374,.T.);
#3374 = EDGE_CURVE('',#1961,#2618,#3375,.T.);
#3375 = LINE('',#3376,#3377);
#3376 = CARTESIAN_POINT('',(1.016,-8.89,0.));
#3377 = VECTOR('',#3378,1.);
#3378 = DIRECTION('',(0.,0.,1.));
#3379 = ORIENTED_EDGE('',*,*,#2625,.T.);
#3380 = ORIENTED_EDGE('',*,*,#3340,.F.);
#3381 = ORIENTED_EDGE('',*,*,#1968,.F.);
#3382 = PLANE('',#3383);
#3383 = AXIS2_PLACEMENT_3D('',#3384,#3385,#3386);
#3384 = CARTESIAN_POINT('',(1.016,-8.89,0.));
#3385 = DIRECTION('',(-0.707106781187,0.707106781187,0.));
#3386 = DIRECTION('',(0.707106781187,0.707106781187,0.));
#3387 = ADVANCED_FACE('',(#3388),#3399,.F.);
#3388 = FACE_BOUND('',#3389,.F.);
#3389 = EDGE_LOOP('',(#3390,#3391,#3392,#3398));
#3390 = ORIENTED_EDGE('',*,*,#3359,.T.);
#3391 = ORIENTED_EDGE('',*,*,#2433,.T.);
#3392 = ORIENTED_EDGE('',*,*,#3393,.F.);
#3393 = EDGE_CURVE('',#1777,#2434,#3394,.T.);
#3394 = LINE('',#3395,#3396);
#3395 = CARTESIAN_POINT('',(-1.27,-11.176,0.));
#3396 = VECTOR('',#3397,1.);
#3397 = DIRECTION('',(0.,0.,1.));
#3398 = ORIENTED_EDGE('',*,*,#1776,.F.);
#3399 = PLANE('',#3400);
#3400 = AXIS2_PLACEMENT_3D('',#3401,#3402,#3403);
#3401 = CARTESIAN_POINT('',(-1.27,-9.144,0.));
#3402 = DIRECTION('',(1.,0.,0.));
#3403 = DIRECTION('',(0.,-1.,0.));
#3404 = ADVANCED_FACE('',(#3405),#3416,.F.);
#3405 = FACE_BOUND('',#3406,.F.);
#3406 = EDGE_LOOP('',(#3407,#3413,#3414,#3415));
#3407 = ORIENTED_EDGE('',*,*,#3408,.T.);
#3408 = EDGE_CURVE('',#1953,#2610,#3409,.T.);
#3409 = LINE('',#3410,#3411);
#3410 = CARTESIAN_POINT('',(1.27,-9.144,0.));
#3411 = VECTOR('',#3412,1.);
#3412 = DIRECTION('',(0.,0.,1.));
#3413 = ORIENTED_EDGE('',*,*,#2617,.T.);
#3414 = ORIENTED_EDGE('',*,*,#3374,.F.);
#3415 = ORIENTED_EDGE('',*,*,#1960,.F.);
#3416 = PLANE('',#3417);
#3417 = AXIS2_PLACEMENT_3D('',#3418,#3419,#3420);
#3418 = CARTESIAN_POINT('',(1.27,-9.144,0.));
#3419 = DIRECTION('',(-0.707106781187,-0.707106781187,0.));
#3420 = DIRECTION('',(-0.707106781187,0.707106781187,0.));
#3421 = ADVANCED_FACE('',(#3422),#3433,.F.);
#3422 = FACE_BOUND('',#3423,.F.);
#3423 = EDGE_LOOP('',(#3424,#3425,#3426,#3432));
#3424 = ORIENTED_EDGE('',*,*,#3393,.T.);
#3425 = ORIENTED_EDGE('',*,*,#2441,.T.);
#3426 = ORIENTED_EDGE('',*,*,#3427,.F.);
#3427 = EDGE_CURVE('',#1785,#2442,#3428,.T.);
#3428 = LINE('',#3429,#3430);
#3429 = CARTESIAN_POINT('',(-1.016,-11.43,0.));
#3430 = VECTOR('',#3431,1.);
#3431 = DIRECTION('',(0.,0.,1.));
#3432 = ORIENTED_EDGE('',*,*,#1784,.F.);
#3433 = PLANE('',#3434);
#3434 = AXIS2_PLACEMENT_3D('',#3435,#3436,#3437);
#3435 = CARTESIAN_POINT('',(-1.27,-11.176,0.));
#3436 = DIRECTION('',(0.707106781187,0.707106781187,0.));
#3437 = DIRECTION('',(0.707106781187,-0.707106781187,0.));
#3438 = ADVANCED_FACE('',(#3439),#3450,.F.);
#3439 = FACE_BOUND('',#3440,.F.);
#3440 = EDGE_LOOP('',(#3441,#3447,#3448,#3449));
#3441 = ORIENTED_EDGE('',*,*,#3442,.T.);
#3442 = EDGE_CURVE('',#1945,#2602,#3443,.T.);
#3443 = LINE('',#3444,#3445);
#3444 = CARTESIAN_POINT('',(1.27,-11.176,0.));
#3445 = VECTOR('',#3446,1.);
#3446 = DIRECTION('',(0.,0.,1.));
#3447 = ORIENTED_EDGE('',*,*,#2609,.T.);
#3448 = ORIENTED_EDGE('',*,*,#3408,.F.);
#3449 = ORIENTED_EDGE('',*,*,#1952,.F.);
#3450 = PLANE('',#3451);
#3451 = AXIS2_PLACEMENT_3D('',#3452,#3453,#3454);
#3452 = CARTESIAN_POINT('',(1.27,-11.176,0.));
#3453 = DIRECTION('',(-1.,0.,0.));
#3454 = DIRECTION('',(0.,1.,0.));
#3455 = ADVANCED_FACE('',(#3456),#3467,.F.);
#3456 = FACE_BOUND('',#3457,.F.);
#3457 = EDGE_LOOP('',(#3458,#3459,#3460,#3466));
#3458 = ORIENTED_EDGE('',*,*,#3427,.T.);
#3459 = ORIENTED_EDGE('',*,*,#2449,.T.);
#3460 = ORIENTED_EDGE('',*,*,#3461,.F.);
#3461 = EDGE_CURVE('',#1793,#2450,#3462,.T.);
#3462 = LINE('',#3463,#3464);
#3463 = CARTESIAN_POINT('',(-1.27,-11.684,0.));
#3464 = VECTOR('',#3465,1.);
#3465 = DIRECTION('',(0.,0.,1.));
#3466 = ORIENTED_EDGE('',*,*,#1792,.F.);
#3467 = PLANE('',#3468);
#3468 = AXIS2_PLACEMENT_3D('',#3469,#3470,#3471);
#3469 = CARTESIAN_POINT('',(-1.016,-11.43,0.));
#3470 = DIRECTION('',(0.707106781187,-0.707106781187,0.));
#3471 = DIRECTION('',(-0.707106781187,-0.707106781187,0.));
#3472 = ADVANCED_FACE('',(#3473),#3484,.F.);
#3473 = FACE_BOUND('',#3474,.F.);
#3474 = EDGE_LOOP('',(#3475,#3481,#3482,#3483));
#3475 = ORIENTED_EDGE('',*,*,#3476,.T.);
#3476 = EDGE_CURVE('',#1937,#2594,#3477,.T.);
#3477 = LINE('',#3478,#3479);
#3478 = CARTESIAN_POINT('',(1.016,-11.43,0.));
#3479 = VECTOR('',#3480,1.);
#3480 = DIRECTION('',(0.,0.,1.));
#3481 = ORIENTED_EDGE('',*,*,#2601,.T.);
#3482 = ORIENTED_EDGE('',*,*,#3442,.F.);
#3483 = ORIENTED_EDGE('',*,*,#1944,.F.);
#3484 = PLANE('',#3485);
#3485 = AXIS2_PLACEMENT_3D('',#3486,#3487,#3488);
#3486 = CARTESIAN_POINT('',(1.016,-11.43,0.));
#3487 = DIRECTION('',(-0.707106781187,0.707106781187,0.));
#3488 = DIRECTION('',(0.707106781187,0.707106781187,0.));
#3489 = ADVANCED_FACE('',(#3490),#3501,.F.);
#3490 = FACE_BOUND('',#3491,.F.);
#3491 = EDGE_LOOP('',(#3492,#3493,#3494,#3500));
#3492 = ORIENTED_EDGE('',*,*,#3461,.T.);
#3493 = ORIENTED_EDGE('',*,*,#2457,.T.);
#3494 = ORIENTED_EDGE('',*,*,#3495,.F.);
#3495 = EDGE_CURVE('',#1801,#2458,#3496,.T.);
#3496 = LINE('',#3497,#3498);
#3497 = CARTESIAN_POINT('',(-1.27,-13.716,0.));
#3498 = VECTOR('',#3499,1.);
#3499 = DIRECTION('',(0.,0.,1.));
#3500 = ORIENTED_EDGE('',*,*,#1800,.F.);
#3501 = PLANE('',#3502);
#3502 = AXIS2_PLACEMENT_3D('',#3503,#3504,#3505);
#3503 = CARTESIAN_POINT('',(-1.27,-11.684,0.));
#3504 = DIRECTION('',(1.,0.,0.));
#3505 = DIRECTION('',(0.,-1.,0.));
#3506 = ADVANCED_FACE('',(#3507),#3518,.F.);
#3507 = FACE_BOUND('',#3508,.F.);
#3508 = EDGE_LOOP('',(#3509,#3515,#3516,#3517));
#3509 = ORIENTED_EDGE('',*,*,#3510,.T.);
#3510 = EDGE_CURVE('',#1929,#2586,#3511,.T.);
#3511 = LINE('',#3512,#3513);
#3512 = CARTESIAN_POINT('',(1.27,-11.684,0.));
#3513 = VECTOR('',#3514,1.);
#3514 = DIRECTION('',(0.,0.,1.));
#3515 = ORIENTED_EDGE('',*,*,#2593,.T.);
#3516 = ORIENTED_EDGE('',*,*,#3476,.F.);
#3517 = ORIENTED_EDGE('',*,*,#1936,.F.);
#3518 = PLANE('',#3519);
#3519 = AXIS2_PLACEMENT_3D('',#3520,#3521,#3522);
#3520 = CARTESIAN_POINT('',(1.27,-11.684,0.));
#3521 = DIRECTION('',(-0.707106781187,-0.707106781187,0.));
#3522 = DIRECTION('',(-0.707106781187,0.707106781187,0.));
#3523 = ADVANCED_FACE('',(#3524),#3535,.F.);
#3524 = FACE_BOUND('',#3525,.F.);
#3525 = EDGE_LOOP('',(#3526,#3527,#3528,#3534));
#3526 = ORIENTED_EDGE('',*,*,#3495,.T.);
#3527 = ORIENTED_EDGE('',*,*,#2465,.T.);
#3528 = ORIENTED_EDGE('',*,*,#3529,.F.);
#3529 = EDGE_CURVE('',#1809,#2466,#3530,.T.);
#3530 = LINE('',#3531,#3532);
#3531 = CARTESIAN_POINT('',(-1.016,-13.97,0.));
#3532 = VECTOR('',#3533,1.);
#3533 = DIRECTION('',(0.,0.,1.));
#3534 = ORIENTED_EDGE('',*,*,#1808,.F.);
#3535 = PLANE('',#3536);
#3536 = AXIS2_PLACEMENT_3D('',#3537,#3538,#3539);
#3537 = CARTESIAN_POINT('',(-1.27,-13.716,0.));
#3538 = DIRECTION('',(0.707106781187,0.707106781187,0.));
#3539 = DIRECTION('',(0.707106781187,-0.707106781187,0.));
#3540 = ADVANCED_FACE('',(#3541),#3552,.F.);
#3541 = FACE_BOUND('',#3542,.F.);
#3542 = EDGE_LOOP('',(#3543,#3549,#3550,#3551));
#3543 = ORIENTED_EDGE('',*,*,#3544,.T.);
#3544 = EDGE_CURVE('',#1921,#2578,#3545,.T.);
#3545 = LINE('',#3546,#3547);
#3546 = CARTESIAN_POINT('',(1.27,-13.716,0.));
#3547 = VECTOR('',#3548,1.);
#3548 = DIRECTION('',(0.,0.,1.));
#3549 = ORIENTED_EDGE('',*,*,#2585,.T.);
#3550 = ORIENTED_EDGE('',*,*,#3510,.F.);
#3551 = ORIENTED_EDGE('',*,*,#1928,.F.);
#3552 = PLANE('',#3553);
#3553 = AXIS2_PLACEMENT_3D('',#3554,#3555,#3556);
#3554 = CARTESIAN_POINT('',(1.27,-13.716,0.));
#3555 = DIRECTION('',(-1.,0.,0.));
#3556 = DIRECTION('',(0.,1.,0.));
#3557 = ADVANCED_FACE('',(#3558),#3569,.F.);
#3558 = FACE_BOUND('',#3559,.F.);
#3559 = EDGE_LOOP('',(#3560,#3561,#3562,#3568));
#3560 = ORIENTED_EDGE('',*,*,#3529,.T.);
#3561 = ORIENTED_EDGE('',*,*,#2473,.T.);
#3562 = ORIENTED_EDGE('',*,*,#3563,.F.);
#3563 = EDGE_CURVE('',#1817,#2474,#3564,.T.);
#3564 = LINE('',#3565,#3566);
#3565 = CARTESIAN_POINT('',(-1.27,-14.224,0.));
#3566 = VECTOR('',#3567,1.);
#3567 = DIRECTION('',(0.,0.,1.));
#3568 = ORIENTED_EDGE('',*,*,#1816,.F.);
#3569 = PLANE('',#3570);
#3570 = AXIS2_PLACEMENT_3D('',#3571,#3572,#3573);
#3571 = CARTESIAN_POINT('',(-1.016,-13.97,0.));
#3572 = DIRECTION('',(0.707106781187,-0.707106781187,0.));
#3573 = DIRECTION('',(-0.707106781187,-0.707106781187,0.));
#3574 = ADVANCED_FACE('',(#3575),#3586,.F.);
#3575 = FACE_BOUND('',#3576,.F.);
#3576 = EDGE_LOOP('',(#3577,#3583,#3584,#3585));
#3577 = ORIENTED_EDGE('',*,*,#3578,.T.);
#3578 = EDGE_CURVE('',#1913,#2570,#3579,.T.);
#3579 = LINE('',#3580,#3581);
#3580 = CARTESIAN_POINT('',(1.016,-13.97,0.));
#3581 = VECTOR('',#3582,1.);
#3582 = DIRECTION('',(0.,0.,1.));
#3583 = ORIENTED_EDGE('',*,*,#2577,.T.);
#3584 = ORIENTED_EDGE('',*,*,#3544,.F.);
#3585 = ORIENTED_EDGE('',*,*,#1920,.F.);
#3586 = PLANE('',#3587);
#3587 = AXIS2_PLACEMENT_3D('',#3588,#3589,#3590);
#3588 = CARTESIAN_POINT('',(1.016,-13.97,0.));
#3589 = DIRECTION('',(-0.707106781187,0.707106781187,0.));
#3590 = DIRECTION('',(0.707106781187,0.707106781187,0.));
#3591 = ADVANCED_FACE('',(#3592),#3603,.F.);
#3592 = FACE_BOUND('',#3593,.F.);
#3593 = EDGE_LOOP('',(#3594,#3595,#3596,#3602));
#3594 = ORIENTED_EDGE('',*,*,#3563,.T.);
#3595 = ORIENTED_EDGE('',*,*,#2481,.T.);
#3596 = ORIENTED_EDGE('',*,*,#3597,.F.);
#3597 = EDGE_CURVE('',#1825,#2482,#3598,.T.);
#3598 = LINE('',#3599,#3600);
#3599 = CARTESIAN_POINT('',(-1.27,-16.256,0.));
#3600 = VECTOR('',#3601,1.);
#3601 = DIRECTION('',(0.,0.,1.));
#3602 = ORIENTED_EDGE('',*,*,#1824,.F.);
#3603 = PLANE('',#3604);
#3604 = AXIS2_PLACEMENT_3D('',#3605,#3606,#3607);
#3605 = CARTESIAN_POINT('',(-1.27,-14.224,0.));
#3606 = DIRECTION('',(1.,0.,0.));
#3607 = DIRECTION('',(0.,-1.,0.));
#3608 = ADVANCED_FACE('',(#3609),#3620,.F.);
#3609 = FACE_BOUND('',#3610,.F.);
#3610 = EDGE_LOOP('',(#3611,#3617,#3618,#3619));
#3611 = ORIENTED_EDGE('',*,*,#3612,.T.);
#3612 = EDGE_CURVE('',#1905,#2562,#3613,.T.);
#3613 = LINE('',#3614,#3615);
#3614 = CARTESIAN_POINT('',(1.27,-14.224,0.));
#3615 = VECTOR('',#3616,1.);
#3616 = DIRECTION('',(0.,0.,1.));
#3617 = ORIENTED_EDGE('',*,*,#2569,.T.);
#3618 = ORIENTED_EDGE('',*,*,#3578,.F.);
#3619 = ORIENTED_EDGE('',*,*,#1912,.F.);
#3620 = PLANE('',#3621);
#3621 = AXIS2_PLACEMENT_3D('',#3622,#3623,#3624);
#3622 = CARTESIAN_POINT('',(1.27,-14.224,0.));
#3623 = DIRECTION('',(-0.707106781187,-0.707106781187,0.));
#3624 = DIRECTION('',(-0.707106781187,0.707106781187,0.));
#3625 = ADVANCED_FACE('',(#3626),#3637,.F.);
#3626 = FACE_BOUND('',#3627,.F.);
#3627 = EDGE_LOOP('',(#3628,#3629,#3630,#3636));
#3628 = ORIENTED_EDGE('',*,*,#3597,.T.);
#3629 = ORIENTED_EDGE('',*,*,#2489,.T.);
#3630 = ORIENTED_EDGE('',*,*,#3631,.F.);
#3631 = EDGE_CURVE('',#1833,#2490,#3632,.T.);
#3632 = LINE('',#3633,#3634);
#3633 = CARTESIAN_POINT('',(-1.016,-16.51,0.));
#3634 = VECTOR('',#3635,1.);
#3635 = DIRECTION('',(0.,0.,1.));
#3636 = ORIENTED_EDGE('',*,*,#1832,.F.);
#3637 = PLANE('',#3638);
#3638 = AXIS2_PLACEMENT_3D('',#3639,#3640,#3641);
#3639 = CARTESIAN_POINT('',(-1.27,-16.256,0.));
#3640 = DIRECTION('',(0.707106781187,0.707106781187,0.));
#3641 = DIRECTION('',(0.707106781187,-0.707106781187,0.));
#3642 = ADVANCED_FACE('',(#3643),#3654,.F.);
#3643 = FACE_BOUND('',#3644,.F.);
#3644 = EDGE_LOOP('',(#3645,#3651,#3652,#3653));
#3645 = ORIENTED_EDGE('',*,*,#3646,.T.);
#3646 = EDGE_CURVE('',#1897,#2554,#3647,.T.);
#3647 = LINE('',#3648,#3649);
#3648 = CARTESIAN_POINT('',(1.27,-16.256,0.));
#3649 = VECTOR('',#3650,1.);
#3650 = DIRECTION('',(0.,0.,1.));
#3651 = ORIENTED_EDGE('',*,*,#2561,.T.);
#3652 = ORIENTED_EDGE('',*,*,#3612,.F.);
#3653 = ORIENTED_EDGE('',*,*,#1904,.F.);
#3654 = PLANE('',#3655);
#3655 = AXIS2_PLACEMENT_3D('',#3656,#3657,#3658);
#3656 = CARTESIAN_POINT('',(1.27,-16.256,0.));
#3657 = DIRECTION('',(-1.,0.,0.));
#3658 = DIRECTION('',(0.,1.,0.));
#3659 = ADVANCED_FACE('',(#3660),#3671,.F.);
#3660 = FACE_BOUND('',#3661,.F.);
#3661 = EDGE_LOOP('',(#3662,#3663,#3664,#3670));
#3662 = ORIENTED_EDGE('',*,*,#3631,.T.);
#3663 = ORIENTED_EDGE('',*,*,#2497,.T.);
#3664 = ORIENTED_EDGE('',*,*,#3665,.F.);
#3665 = EDGE_CURVE('',#1841,#2498,#3666,.T.);
#3666 = LINE('',#3667,#3668);
#3667 = CARTESIAN_POINT('',(-1.27,-16.764,0.));
#3668 = VECTOR('',#3669,1.);
#3669 = DIRECTION('',(0.,0.,1.));
#3670 = ORIENTED_EDGE('',*,*,#1840,.F.);
#3671 = PLANE('',#3672);
#3672 = AXIS2_PLACEMENT_3D('',#3673,#3674,#3675);
#3673 = CARTESIAN_POINT('',(-1.016,-16.51,0.));
#3674 = DIRECTION('',(0.707106781187,-0.707106781187,0.));
#3675 = DIRECTION('',(-0.707106781187,-0.707106781187,0.));
#3676 = ADVANCED_FACE('',(#3677),#3688,.F.);
#3677 = FACE_BOUND('',#3678,.F.);
#3678 = EDGE_LOOP('',(#3679,#3685,#3686,#3687));
#3679 = ORIENTED_EDGE('',*,*,#3680,.T.);
#3680 = EDGE_CURVE('',#1889,#2546,#3681,.T.);
#3681 = LINE('',#3682,#3683);
#3682 = CARTESIAN_POINT('',(1.016,-16.51,0.));
#3683 = VECTOR('',#3684,1.);
#3684 = DIRECTION('',(0.,0.,1.));
#3685 = ORIENTED_EDGE('',*,*,#2553,.T.);
#3686 = ORIENTED_EDGE('',*,*,#3646,.F.);
#3687 = ORIENTED_EDGE('',*,*,#1896,.F.);
#3688 = PLANE('',#3689);
#3689 = AXIS2_PLACEMENT_3D('',#3690,#3691,#3692);
#3690 = CARTESIAN_POINT('',(1.016,-16.51,0.));
#3691 = DIRECTION('',(-0.707106781187,0.707106781187,0.));
#3692 = DIRECTION('',(0.707106781187,0.707106781187,0.));
#3693 = ADVANCED_FACE('',(#3694),#3705,.F.);
#3694 = FACE_BOUND('',#3695,.F.);
#3695 = EDGE_LOOP('',(#3696,#3697,#3698,#3704));
#3696 = ORIENTED_EDGE('',*,*,#3665,.T.);
#3697 = ORIENTED_EDGE('',*,*,#2505,.T.);
#3698 = ORIENTED_EDGE('',*,*,#3699,.F.);
#3699 = EDGE_CURVE('',#1849,#2506,#3700,.T.);
#3700 = LINE('',#3701,#3702);
#3701 = CARTESIAN_POINT('',(-1.27,-18.796,0.));
#3702 = VECTOR('',#3703,1.);
#3703 = DIRECTION('',(0.,0.,1.));
#3704 = ORIENTED_EDGE('',*,*,#1848,.F.);
#3705 = PLANE('',#3706);
#3706 = AXIS2_PLACEMENT_3D('',#3707,#3708,#3709);
#3707 = CARTESIAN_POINT('',(-1.27,-16.764,0.));
#3708 = DIRECTION('',(1.,0.,0.));
#3709 = DIRECTION('',(0.,-1.,0.));
#3710 = ADVANCED_FACE('',(#3711),#3722,.F.);
#3711 = FACE_BOUND('',#3712,.F.);
#3712 = EDGE_LOOP('',(#3713,#3719,#3720,#3721));
#3713 = ORIENTED_EDGE('',*,*,#3714,.T.);
#3714 = EDGE_CURVE('',#1881,#2538,#3715,.T.);
#3715 = LINE('',#3716,#3717);
#3716 = CARTESIAN_POINT('',(1.27,-16.764,0.));
#3717 = VECTOR('',#3718,1.);
#3718 = DIRECTION('',(0.,0.,1.));
#3719 = ORIENTED_EDGE('',*,*,#2545,.T.);
#3720 = ORIENTED_EDGE('',*,*,#3680,.F.);
#3721 = ORIENTED_EDGE('',*,*,#1888,.F.);
#3722 = PLANE('',#3723);
#3723 = AXIS2_PLACEMENT_3D('',#3724,#3725,#3726);
#3724 = CARTESIAN_POINT('',(1.27,-16.764,0.));
#3725 = DIRECTION('',(-0.707106781187,-0.707106781187,0.));
#3726 = DIRECTION('',(-0.707106781187,0.707106781187,0.));
#3727 = ADVANCED_FACE('',(#3728),#3739,.F.);
#3728 = FACE_BOUND('',#3729,.F.);
#3729 = EDGE_LOOP('',(#3730,#3731,#3732,#3738));
#3730 = ORIENTED_EDGE('',*,*,#3699,.T.);
#3731 = ORIENTED_EDGE('',*,*,#2513,.T.);
#3732 = ORIENTED_EDGE('',*,*,#3733,.F.);
#3733 = EDGE_CURVE('',#1857,#2514,#3734,.T.);
#3734 = LINE('',#3735,#3736);
#3735 = CARTESIAN_POINT('',(-1.016,-19.05,0.));
#3736 = VECTOR('',#3737,1.);
#3737 = DIRECTION('',(0.,0.,1.));
#3738 = ORIENTED_EDGE('',*,*,#1856,.F.);
#3739 = PLANE('',#3740);
#3740 = AXIS2_PLACEMENT_3D('',#3741,#3742,#3743);
#3741 = CARTESIAN_POINT('',(-1.27,-18.796,0.));
#3742 = DIRECTION('',(0.707106781187,0.707106781187,0.));
#3743 = DIRECTION('',(0.707106781187,-0.707106781187,0.));
#3744 = ADVANCED_FACE('',(#3745),#3756,.F.);
#3745 = FACE_BOUND('',#3746,.F.);
#3746 = EDGE_LOOP('',(#3747,#3753,#3754,#3755));
#3747 = ORIENTED_EDGE('',*,*,#3748,.T.);
#3748 = EDGE_CURVE('',#1873,#2530,#3749,.T.);
#3749 = LINE('',#3750,#3751);
#3750 = CARTESIAN_POINT('',(1.27,-18.796,0.));
#3751 = VECTOR('',#3752,1.);
#3752 = DIRECTION('',(0.,0.,1.));
#3753 = ORIENTED_EDGE('',*,*,#2537,.T.);
#3754 = ORIENTED_EDGE('',*,*,#3714,.F.);
#3755 = ORIENTED_EDGE('',*,*,#1880,.F.);
#3756 = PLANE('',#3757);
#3757 = AXIS2_PLACEMENT_3D('',#3758,#3759,#3760);
#3758 = CARTESIAN_POINT('',(1.27,-18.796,0.));
#3759 = DIRECTION('',(-1.,0.,0.));
#3760 = DIRECTION('',(0.,1.,0.));
#3761 = ADVANCED_FACE('',(#3762),#3773,.F.);
#3762 = FACE_BOUND('',#3763,.F.);
#3763 = EDGE_LOOP('',(#3764,#3765,#3766,#3772));
#3764 = ORIENTED_EDGE('',*,*,#3733,.T.);
#3765 = ORIENTED_EDGE('',*,*,#2521,.T.);
#3766 = ORIENTED_EDGE('',*,*,#3767,.F.);
#3767 = EDGE_CURVE('',#1865,#2522,#3768,.T.);
#3768 = LINE('',#3769,#3770);
#3769 = CARTESIAN_POINT('',(1.016,-19.05,0.));
#3770 = VECTOR('',#3771,1.);
#3771 = DIRECTION('',(0.,0.,1.));
#3772 = ORIENTED_EDGE('',*,*,#1864,.F.);
#3773 = PLANE('',#3774);
#3774 = AXIS2_PLACEMENT_3D('',#3775,#3776,#3777);
#3775 = CARTESIAN_POINT('',(-1.016,-19.05,0.));
#3776 = DIRECTION('',(0.,1.,0.));
#3777 = DIRECTION('',(1.,0.,0.));
#3778 = ADVANCED_FACE('',(#3779),#3785,.F.);
#3779 = FACE_BOUND('',#3780,.F.);
#3780 = EDGE_LOOP('',(#3781,#3782,#3783,#3784));
#3781 = ORIENTED_EDGE('',*,*,#3767,.T.);
#3782 = ORIENTED_EDGE('',*,*,#2529,.T.);
#3783 = ORIENTED_EDGE('',*,*,#3748,.F.);
#3784 = ORIENTED_EDGE('',*,*,#1872,.F.);
#3785 = PLANE('',#3786);
#3786 = AXIS2_PLACEMENT_3D('',#3787,#3788,#3789);
#3787 = CARTESIAN_POINT('',(1.016,-19.05,0.));
#3788 = DIRECTION('',(-0.707106781187,0.707106781187,0.));
#3789 = DIRECTION('',(0.707106781187,0.707106781187,0.));
#3790 = ADVANCED_FACE('',(#3791),#3816,.F.);
#3791 = FACE_BOUND('',#3792,.F.);
#3792 = EDGE_LOOP('',(#3793,#3801,#3809,#3815));
#3793 = ORIENTED_EDGE('',*,*,#3794,.F.);
#3794 = EDGE_CURVE('',#3795,#2066,#3797,.T.);
#3795 = VERTEX_POINT('',#3796);
#3796 = CARTESIAN_POINT('',(0.32,-18.1,-2.84));
#3797 = LINE('',#3798,#3799);
#3798 = CARTESIAN_POINT('',(0.32,-18.1,-3.));
#3799 = VECTOR('',#3800,1.);
#3800 = DIRECTION('',(0.,0.,1.));
#3801 = ORIENTED_EDGE('',*,*,#3802,.F.);
#3802 = EDGE_CURVE('',#3803,#3795,#3805,.T.);
#3803 = VERTEX_POINT('',#3804);
#3804 = CARTESIAN_POINT('',(-0.32,-18.1,-2.84));
#3805 = LINE('',#3806,#3807);
#3806 = CARTESIAN_POINT('',(-0.32,-18.1,-2.84));
#3807 = VECTOR('',#3808,1.);
#3808 = DIRECTION('',(1.,0.,0.));
#3809 = ORIENTED_EDGE('',*,*,#3810,.T.);
#3810 = EDGE_CURVE('',#3803,#2068,#3811,.T.);
#3811 = LINE('',#3812,#3813);
#3812 = CARTESIAN_POINT('',(-0.32,-18.1,-3.));
#3813 = VECTOR('',#3814,1.);
#3814 = DIRECTION('',(0.,0.,1.));
#3815 = ORIENTED_EDGE('',*,*,#2065,.F.);
#3816 = PLANE('',#3817);
#3817 = AXIS2_PLACEMENT_3D('',#3818,#3819,#3820);
#3818 = CARTESIAN_POINT('',(-0.32,-18.1,-3.));
#3819 = DIRECTION('',(0.,1.,0.));
#3820 = DIRECTION('',(0.,-0.,1.));
#3821 = ADVANCED_FACE('',(#3822),#3840,.T.);
#3822 = FACE_BOUND('',#3823,.T.);
#3823 = EDGE_LOOP('',(#3824,#3825,#3833,#3839));
#3824 = ORIENTED_EDGE('',*,*,#3794,.F.);
#3825 = ORIENTED_EDGE('',*,*,#3826,.T.);
#3826 = EDGE_CURVE('',#3795,#3827,#3829,.T.);
#3827 = VERTEX_POINT('',#3828);
#3828 = CARTESIAN_POINT('',(0.32,-17.46,-2.84));
#3829 = LINE('',#3830,#3831);
#3830 = CARTESIAN_POINT('',(0.32,-18.1,-2.84));
#3831 = VECTOR('',#3832,1.);
#3832 = DIRECTION('',(0.,1.,0.));
#3833 = ORIENTED_EDGE('',*,*,#3834,.T.);
#3834 = EDGE_CURVE('',#3827,#2084,#3835,.T.);
#3835 = LINE('',#3836,#3837);
#3836 = CARTESIAN_POINT('',(0.32,-17.46,-3.));
#3837 = VECTOR('',#3838,1.);
#3838 = DIRECTION('',(0.,0.,1.));
#3839 = ORIENTED_EDGE('',*,*,#2091,.F.);
#3840 = PLANE('',#3841);
#3841 = AXIS2_PLACEMENT_3D('',#3842,#3843,#3844);
#3842 = CARTESIAN_POINT('',(0.32,-18.1,-3.));
#3843 = DIRECTION('',(1.,0.,0.));
#3844 = DIRECTION('',(0.,0.,1.));
#3845 = ADVANCED_FACE('',(#3846),#3864,.T.);
#3846 = FACE_BOUND('',#3847,.T.);
#3847 = EDGE_LOOP('',(#3848,#3849,#3857,#3863));
#3848 = ORIENTED_EDGE('',*,*,#3834,.F.);
#3849 = ORIENTED_EDGE('',*,*,#3850,.F.);
#3850 = EDGE_CURVE('',#3851,#3827,#3853,.T.);
#3851 = VERTEX_POINT('',#3852);
#3852 = CARTESIAN_POINT('',(-0.32,-17.46,-2.84));
#3853 = LINE('',#3854,#3855);
#3854 = CARTESIAN_POINT('',(-0.32,-17.46,-2.84));
#3855 = VECTOR('',#3856,1.);
#3856 = DIRECTION('',(1.,0.,0.));
#3857 = ORIENTED_EDGE('',*,*,#3858,.T.);
#3858 = EDGE_CURVE('',#3851,#2076,#3859,.T.);
#3859 = LINE('',#3860,#3861);
#3860 = CARTESIAN_POINT('',(-0.32,-17.46,-3.));
#3861 = VECTOR('',#3862,1.);
#3862 = DIRECTION('',(0.,0.,1.));
#3863 = ORIENTED_EDGE('',*,*,#2083,.F.);
#3864 = PLANE('',#3865);
#3865 = AXIS2_PLACEMENT_3D('',#3866,#3867,#3868);
#3866 = CARTESIAN_POINT('',(-0.32,-17.46,-3.));
#3867 = DIRECTION('',(0.,1.,0.));
#3868 = DIRECTION('',(0.,-0.,1.));
#3869 = ADVANCED_FACE('',(#3870),#3881,.F.);
#3870 = FACE_BOUND('',#3871,.F.);
#3871 = EDGE_LOOP('',(#3872,#3873,#3879,#3880));
#3872 = ORIENTED_EDGE('',*,*,#3810,.F.);
#3873 = ORIENTED_EDGE('',*,*,#3874,.T.);
#3874 = EDGE_CURVE('',#3803,#3851,#3875,.T.);
#3875 = LINE('',#3876,#3877);
#3876 = CARTESIAN_POINT('',(-0.32,-18.1,-2.84));
#3877 = VECTOR('',#3878,1.);
#3878 = DIRECTION('',(0.,1.,0.));
#3879 = ORIENTED_EDGE('',*,*,#3858,.T.);
#3880 = ORIENTED_EDGE('',*,*,#2075,.F.);
#3881 = PLANE('',#3882);
#3882 = AXIS2_PLACEMENT_3D('',#3883,#3884,#3885);
#3883 = CARTESIAN_POINT('',(-0.32,-18.1,-3.));
#3884 = DIRECTION('',(1.,0.,0.));
#3885 = DIRECTION('',(0.,0.,1.));
#3886 = ADVANCED_FACE('',(#3887),#3912,.T.);
#3887 = FACE_BOUND('',#3888,.T.);
#3888 = EDGE_LOOP('',(#3889,#3897,#3905,#3911));
#3889 = ORIENTED_EDGE('',*,*,#3890,.F.);
#3890 = EDGE_CURVE('',#3891,#2100,#3893,.T.);
#3891 = VERTEX_POINT('',#3892);
#3892 = CARTESIAN_POINT('',(0.32,-14.92,-2.84));
#3893 = LINE('',#3894,#3895);
#3894 = CARTESIAN_POINT('',(0.32,-14.92,-3.));
#3895 = VECTOR('',#3896,1.);
#3896 = DIRECTION('',(0.,0.,1.));
#3897 = ORIENTED_EDGE('',*,*,#3898,.F.);
#3898 = EDGE_CURVE('',#3899,#3891,#3901,.T.);
#3899 = VERTEX_POINT('',#3900);
#3900 = CARTESIAN_POINT('',(-0.32,-14.92,-2.84));
#3901 = LINE('',#3902,#3903);
#3902 = CARTESIAN_POINT('',(-0.32,-14.92,-2.84));
#3903 = VECTOR('',#3904,1.);
#3904 = DIRECTION('',(1.,0.,0.));
#3905 = ORIENTED_EDGE('',*,*,#3906,.T.);
#3906 = EDGE_CURVE('',#3899,#2102,#3907,.T.);
#3907 = LINE('',#3908,#3909);
#3908 = CARTESIAN_POINT('',(-0.32,-14.92,-3.));
#3909 = VECTOR('',#3910,1.);
#3910 = DIRECTION('',(0.,0.,1.));
#3911 = ORIENTED_EDGE('',*,*,#2099,.F.);
#3912 = PLANE('',#3913);
#3913 = AXIS2_PLACEMENT_3D('',#3914,#3915,#3916);
#3914 = CARTESIAN_POINT('',(-0.32,-14.92,-3.));
#3915 = DIRECTION('',(0.,1.,0.));
#3916 = DIRECTION('',(0.,-0.,1.));
#3917 = ADVANCED_FACE('',(#3918),#3936,.F.);
#3918 = FACE_BOUND('',#3919,.F.);
#3919 = EDGE_LOOP('',(#3920,#3928,#3934,#3935));
#3920 = ORIENTED_EDGE('',*,*,#3921,.F.);
#3921 = EDGE_CURVE('',#3922,#2118,#3924,.T.);
#3922 = VERTEX_POINT('',#3923);
#3923 = CARTESIAN_POINT('',(-0.32,-15.56,-2.84));
#3924 = LINE('',#3925,#3926);
#3925 = CARTESIAN_POINT('',(-0.32,-15.56,-3.));
#3926 = VECTOR('',#3927,1.);
#3927 = DIRECTION('',(0.,0.,1.));
#3928 = ORIENTED_EDGE('',*,*,#3929,.T.);
#3929 = EDGE_CURVE('',#3922,#3899,#3930,.T.);
#3930 = LINE('',#3931,#3932);
#3931 = CARTESIAN_POINT('',(-0.32,-15.56,-2.84));
#3932 = VECTOR('',#3933,1.);
#3933 = DIRECTION('',(0.,1.,0.));
#3934 = ORIENTED_EDGE('',*,*,#3906,.T.);
#3935 = ORIENTED_EDGE('',*,*,#2125,.F.);
#3936 = PLANE('',#3937);
#3937 = AXIS2_PLACEMENT_3D('',#3938,#3939,#3940);
#3938 = CARTESIAN_POINT('',(-0.32,-15.56,-3.));
#3939 = DIRECTION('',(1.,0.,0.));
#3940 = DIRECTION('',(0.,0.,1.));
#3941 = ADVANCED_FACE('',(#3942),#3960,.F.);
#3942 = FACE_BOUND('',#3943,.F.);
#3943 = EDGE_LOOP('',(#3944,#3952,#3958,#3959));
#3944 = ORIENTED_EDGE('',*,*,#3945,.F.);
#3945 = EDGE_CURVE('',#3946,#2110,#3948,.T.);
#3946 = VERTEX_POINT('',#3947);
#3947 = CARTESIAN_POINT('',(0.32,-15.56,-2.84));
#3948 = LINE('',#3949,#3950);
#3949 = CARTESIAN_POINT('',(0.32,-15.56,-3.));
#3950 = VECTOR('',#3951,1.);
#3951 = DIRECTION('',(0.,0.,1.));
#3952 = ORIENTED_EDGE('',*,*,#3953,.F.);
#3953 = EDGE_CURVE('',#3922,#3946,#3954,.T.);
#3954 = LINE('',#3955,#3956);
#3955 = CARTESIAN_POINT('',(-0.32,-15.56,-2.84));
#3956 = VECTOR('',#3957,1.);
#3957 = DIRECTION('',(1.,0.,0.));
#3958 = ORIENTED_EDGE('',*,*,#3921,.T.);
#3959 = ORIENTED_EDGE('',*,*,#2117,.F.);
#3960 = PLANE('',#3961);
#3961 = AXIS2_PLACEMENT_3D('',#3962,#3963,#3964);
#3962 = CARTESIAN_POINT('',(-0.32,-15.56,-3.));
#3963 = DIRECTION('',(0.,1.,0.));
#3964 = DIRECTION('',(0.,-0.,1.));
#3965 = ADVANCED_FACE('',(#3966),#3977,.T.);
#3966 = FACE_BOUND('',#3967,.T.);
#3967 = EDGE_LOOP('',(#3968,#3969,#3975,#3976));
#3968 = ORIENTED_EDGE('',*,*,#3945,.F.);
#3969 = ORIENTED_EDGE('',*,*,#3970,.T.);
#3970 = EDGE_CURVE('',#3946,#3891,#3971,.T.);
#3971 = LINE('',#3972,#3973);
#3972 = CARTESIAN_POINT('',(0.32,-15.56,-2.84));
#3973 = VECTOR('',#3974,1.);
#3974 = DIRECTION('',(0.,1.,0.));
#3975 = ORIENTED_EDGE('',*,*,#3890,.T.);
#3976 = ORIENTED_EDGE('',*,*,#2109,.F.);
#3977 = PLANE('',#3978);
#3978 = AXIS2_PLACEMENT_3D('',#3979,#3980,#3981);
#3979 = CARTESIAN_POINT('',(0.32,-15.56,-3.));
#3980 = DIRECTION('',(1.,0.,0.));
#3981 = DIRECTION('',(0.,0.,1.));
#3982 = ADVANCED_FACE('',(#3983),#4008,.T.);
#3983 = FACE_BOUND('',#3984,.T.);
#3984 = EDGE_LOOP('',(#3985,#3993,#4001,#4007));
#3985 = ORIENTED_EDGE('',*,*,#3986,.F.);
#3986 = EDGE_CURVE('',#3987,#2134,#3989,.T.);
#3987 = VERTEX_POINT('',#3988);
#3988 = CARTESIAN_POINT('',(0.32,-7.94,-2.84));
#3989 = LINE('',#3990,#3991);
#3990 = CARTESIAN_POINT('',(0.32,-7.94,-3.));
#3991 = VECTOR('',#3992,1.);
#3992 = DIRECTION('',(0.,0.,1.));
#3993 = ORIENTED_EDGE('',*,*,#3994,.T.);
#3994 = EDGE_CURVE('',#3987,#3995,#3997,.T.);
#3995 = VERTEX_POINT('',#3996);
#3996 = CARTESIAN_POINT('',(0.32,-7.3,-2.84));
#3997 = LINE('',#3998,#3999);
#3998 = CARTESIAN_POINT('',(0.32,-7.94,-2.84));
#3999 = VECTOR('',#4000,1.);
#4000 = DIRECTION('',(0.,1.,0.));
#4001 = ORIENTED_EDGE('',*,*,#4002,.T.);
#4002 = EDGE_CURVE('',#3995,#2136,#4003,.T.);
#4003 = LINE('',#4004,#4005);
#4004 = CARTESIAN_POINT('',(0.32,-7.3,-3.));
#4005 = VECTOR('',#4006,1.);
#4006 = DIRECTION('',(0.,0.,1.));
#4007 = ORIENTED_EDGE('',*,*,#2133,.F.);
#4008 = PLANE('',#4009);
#4009 = AXIS2_PLACEMENT_3D('',#4010,#4011,#4012);
#4010 = CARTESIAN_POINT('',(0.32,-7.94,-3.));
#4011 = DIRECTION('',(1.,0.,0.));
#4012 = DIRECTION('',(0.,0.,1.));
#4013 = ADVANCED_FACE('',(#4014),#4032,.T.);
#4014 = FACE_BOUND('',#4015,.T.);
#4015 = EDGE_LOOP('',(#4016,#4017,#4025,#4031));
#4016 = ORIENTED_EDGE('',*,*,#4002,.F.);
#4017 = ORIENTED_EDGE('',*,*,#4018,.F.);
#4018 = EDGE_CURVE('',#4019,#3995,#4021,.T.);
#4019 = VERTEX_POINT('',#4020);
#4020 = CARTESIAN_POINT('',(-0.32,-7.3,-2.84));
#4021 = LINE('',#4022,#4023);
#4022 = CARTESIAN_POINT('',(-0.32,-7.3,-2.84));
#4023 = VECTOR('',#4024,1.);
#4024 = DIRECTION('',(1.,0.,0.));
#4025 = ORIENTED_EDGE('',*,*,#4026,.T.);
#4026 = EDGE_CURVE('',#4019,#2152,#4027,.T.);
#4027 = LINE('',#4028,#4029);
#4028 = CARTESIAN_POINT('',(-0.32,-7.3,-3.));
#4029 = VECTOR('',#4030,1.);
#4030 = DIRECTION('',(0.,0.,1.));
#4031 = ORIENTED_EDGE('',*,*,#2159,.F.);
#4032 = PLANE('',#4033);
#4033 = AXIS2_PLACEMENT_3D('',#4034,#4035,#4036);
#4034 = CARTESIAN_POINT('',(-0.32,-7.3,-3.));
#4035 = DIRECTION('',(0.,1.,0.));
#4036 = DIRECTION('',(0.,-0.,1.));
#4037 = ADVANCED_FACE('',(#4038),#4056,.F.);
#4038 = FACE_BOUND('',#4039,.F.);
#4039 = EDGE_LOOP('',(#4040,#4048,#4054,#4055));
#4040 = ORIENTED_EDGE('',*,*,#4041,.F.);
#4041 = EDGE_CURVE('',#4042,#2144,#4044,.T.);
#4042 = VERTEX_POINT('',#4043);
#4043 = CARTESIAN_POINT('',(-0.32,-7.94,-2.84));
#4044 = LINE('',#4045,#4046);
#4045 = CARTESIAN_POINT('',(-0.32,-7.94,-3.));
#4046 = VECTOR('',#4047,1.);
#4047 = DIRECTION('',(0.,0.,1.));
#4048 = ORIENTED_EDGE('',*,*,#4049,.T.);
#4049 = EDGE_CURVE('',#4042,#4019,#4050,.T.);
#4050 = LINE('',#4051,#4052);
#4051 = CARTESIAN_POINT('',(-0.32,-7.94,-2.84));
#4052 = VECTOR('',#4053,1.);
#4053 = DIRECTION('',(0.,1.,0.));
#4054 = ORIENTED_EDGE('',*,*,#4026,.T.);
#4055 = ORIENTED_EDGE('',*,*,#2151,.F.);
#4056 = PLANE('',#4057);
#4057 = AXIS2_PLACEMENT_3D('',#4058,#4059,#4060);
#4058 = CARTESIAN_POINT('',(-0.32,-7.94,-3.));
#4059 = DIRECTION('',(1.,0.,0.));
#4060 = DIRECTION('',(0.,0.,1.));
#4061 = ADVANCED_FACE('',(#4062),#4073,.F.);
#4062 = FACE_BOUND('',#4063,.F.);
#4063 = EDGE_LOOP('',(#4064,#4065,#4071,#4072));
#4064 = ORIENTED_EDGE('',*,*,#3986,.F.);
#4065 = ORIENTED_EDGE('',*,*,#4066,.F.);
#4066 = EDGE_CURVE('',#4042,#3987,#4067,.T.);
#4067 = LINE('',#4068,#4069);
#4068 = CARTESIAN_POINT('',(-0.32,-7.94,-2.84));
#4069 = VECTOR('',#4070,1.);
#4070 = DIRECTION('',(1.,0.,0.));
#4071 = ORIENTED_EDGE('',*,*,#4041,.T.);
#4072 = ORIENTED_EDGE('',*,*,#2143,.F.);
#4073 = PLANE('',#4074);
#4074 = AXIS2_PLACEMENT_3D('',#4075,#4076,#4077);
#4075 = CARTESIAN_POINT('',(-0.32,-7.94,-3.));
#4076 = DIRECTION('',(0.,1.,0.));
#4077 = DIRECTION('',(0.,-0.,1.));
#4078 = ADVANCED_FACE('',(#4079),#4104,.T.);
#4079 = FACE_BOUND('',#4080,.T.);
#4080 = EDGE_LOOP('',(#4081,#4089,#4097,#4103));
#4081 = ORIENTED_EDGE('',*,*,#4082,.F.);
#4082 = EDGE_CURVE('',#4083,#2168,#4085,.T.);
#4083 = VERTEX_POINT('',#4084);
#4084 = CARTESIAN_POINT('',(0.32,-12.38,-2.84));
#4085 = LINE('',#4086,#4087);
#4086 = CARTESIAN_POINT('',(0.32,-12.38,-3.));
#4087 = VECTOR('',#4088,1.);
#4088 = DIRECTION('',(0.,0.,1.));
#4089 = ORIENTED_EDGE('',*,*,#4090,.F.);
#4090 = EDGE_CURVE('',#4091,#4083,#4093,.T.);
#4091 = VERTEX_POINT('',#4092);
#4092 = CARTESIAN_POINT('',(-0.32,-12.38,-2.84));
#4093 = LINE('',#4094,#4095);
#4094 = CARTESIAN_POINT('',(-0.32,-12.38,-2.84));
#4095 = VECTOR('',#4096,1.);
#4096 = DIRECTION('',(1.,0.,0.));
#4097 = ORIENTED_EDGE('',*,*,#4098,.T.);
#4098 = EDGE_CURVE('',#4091,#2170,#4099,.T.);
#4099 = LINE('',#4100,#4101);
#4100 = CARTESIAN_POINT('',(-0.32,-12.38,-3.));
#4101 = VECTOR('',#4102,1.);
#4102 = DIRECTION('',(0.,0.,1.));
#4103 = ORIENTED_EDGE('',*,*,#2167,.F.);
#4104 = PLANE('',#4105);
#4105 = AXIS2_PLACEMENT_3D('',#4106,#4107,#4108);
#4106 = CARTESIAN_POINT('',(-0.32,-12.38,-3.));
#4107 = DIRECTION('',(0.,1.,0.));
#4108 = DIRECTION('',(0.,-0.,1.));
#4109 = ADVANCED_FACE('',(#4110),#4128,.F.);
#4110 = FACE_BOUND('',#4111,.F.);
#4111 = EDGE_LOOP('',(#4112,#4120,#4126,#4127));
#4112 = ORIENTED_EDGE('',*,*,#4113,.F.);
#4113 = EDGE_CURVE('',#4114,#2186,#4116,.T.);
#4114 = VERTEX_POINT('',#4115);
#4115 = CARTESIAN_POINT('',(-0.32,-13.02,-2.84));
#4116 = LINE('',#4117,#4118);
#4117 = CARTESIAN_POINT('',(-0.32,-13.02,-3.));
#4118 = VECTOR('',#4119,1.);
#4119 = DIRECTION('',(0.,0.,1.));
#4120 = ORIENTED_EDGE('',*,*,#4121,.T.);
#4121 = EDGE_CURVE('',#4114,#4091,#4122,.T.);
#4122 = LINE('',#4123,#4124);
#4123 = CARTESIAN_POINT('',(-0.32,-13.02,-2.84));
#4124 = VECTOR('',#4125,1.);
#4125 = DIRECTION('',(0.,1.,0.));
#4126 = ORIENTED_EDGE('',*,*,#4098,.T.);
#4127 = ORIENTED_EDGE('',*,*,#2193,.F.);
#4128 = PLANE('',#4129);
#4129 = AXIS2_PLACEMENT_3D('',#4130,#4131,#4132);
#4130 = CARTESIAN_POINT('',(-0.32,-13.02,-3.));
#4131 = DIRECTION('',(1.,0.,0.));
#4132 = DIRECTION('',(0.,0.,1.));
#4133 = ADVANCED_FACE('',(#4134),#4152,.F.);
#4134 = FACE_BOUND('',#4135,.F.);
#4135 = EDGE_LOOP('',(#4136,#4144,#4150,#4151));
#4136 = ORIENTED_EDGE('',*,*,#4137,.F.);
#4137 = EDGE_CURVE('',#4138,#2178,#4140,.T.);
#4138 = VERTEX_POINT('',#4139);
#4139 = CARTESIAN_POINT('',(0.32,-13.02,-2.84));
#4140 = LINE('',#4141,#4142);
#4141 = CARTESIAN_POINT('',(0.32,-13.02,-3.));
#4142 = VECTOR('',#4143,1.);
#4143 = DIRECTION('',(0.,0.,1.));
#4144 = ORIENTED_EDGE('',*,*,#4145,.F.);
#4145 = EDGE_CURVE('',#4114,#4138,#4146,.T.);
#4146 = LINE('',#4147,#4148);
#4147 = CARTESIAN_POINT('',(-0.32,-13.02,-2.84));
#4148 = VECTOR('',#4149,1.);
#4149 = DIRECTION('',(1.,0.,0.));
#4150 = ORIENTED_EDGE('',*,*,#4113,.T.);
#4151 = ORIENTED_EDGE('',*,*,#2185,.F.);
#4152 = PLANE('',#4153);
#4153 = AXIS2_PLACEMENT_3D('',#4154,#4155,#4156);
#4154 = CARTESIAN_POINT('',(-0.32,-13.02,-3.));
#4155 = DIRECTION('',(0.,1.,0.));
#4156 = DIRECTION('',(0.,-0.,1.));
#4157 = ADVANCED_FACE('',(#4158),#4169,.T.);
#4158 = FACE_BOUND('',#4159,.T.);
#4159 = EDGE_LOOP('',(#4160,#4161,#4167,#4168));
#4160 = ORIENTED_EDGE('',*,*,#4137,.F.);
#4161 = ORIENTED_EDGE('',*,*,#4162,.T.);
#4162 = EDGE_CURVE('',#4138,#4083,#4163,.T.);
#4163 = LINE('',#4164,#4165);
#4164 = CARTESIAN_POINT('',(0.32,-13.02,-2.84));
#4165 = VECTOR('',#4166,1.);
#4166 = DIRECTION('',(0.,1.,0.));
#4167 = ORIENTED_EDGE('',*,*,#4082,.T.);
#4168 = ORIENTED_EDGE('',*,*,#2177,.F.);
#4169 = PLANE('',#4170);
#4170 = AXIS2_PLACEMENT_3D('',#4171,#4172,#4173);
#4171 = CARTESIAN_POINT('',(0.32,-13.02,-3.));
#4172 = DIRECTION('',(1.,0.,0.));
#4173 = DIRECTION('',(0.,0.,1.));
#4174 = ADVANCED_FACE('',(#4175),#4200,.T.);
#4175 = FACE_BOUND('',#4176,.T.);
#4176 = EDGE_LOOP('',(#4177,#4185,#4193,#4199));
#4177 = ORIENTED_EDGE('',*,*,#4178,.F.);
#4178 = EDGE_CURVE('',#4179,#2202,#4181,.T.);
#4179 = VERTEX_POINT('',#4180);
#4180 = CARTESIAN_POINT('',(0.32,-10.48,-2.84));
#4181 = LINE('',#4182,#4183);
#4182 = CARTESIAN_POINT('',(0.32,-10.48,-3.));
#4183 = VECTOR('',#4184,1.);
#4184 = DIRECTION('',(0.,0.,1.));
#4185 = ORIENTED_EDGE('',*,*,#4186,.T.);
#4186 = EDGE_CURVE('',#4179,#4187,#4189,.T.);
#4187 = VERTEX_POINT('',#4188);
#4188 = CARTESIAN_POINT('',(0.32,-9.84,-2.84));
#4189 = LINE('',#4190,#4191);
#4190 = CARTESIAN_POINT('',(0.32,-10.48,-2.84));
#4191 = VECTOR('',#4192,1.);
#4192 = DIRECTION('',(0.,1.,0.));
#4193 = ORIENTED_EDGE('',*,*,#4194,.T.);
#4194 = EDGE_CURVE('',#4187,#2204,#4195,.T.);
#4195 = LINE('',#4196,#4197);
#4196 = CARTESIAN_POINT('',(0.32,-9.84,-3.));
#4197 = VECTOR('',#4198,1.);
#4198 = DIRECTION('',(0.,0.,1.));
#4199 = ORIENTED_EDGE('',*,*,#2201,.F.);
#4200 = PLANE('',#4201);
#4201 = AXIS2_PLACEMENT_3D('',#4202,#4203,#4204);
#4202 = CARTESIAN_POINT('',(0.32,-10.48,-3.));
#4203 = DIRECTION('',(1.,0.,0.));
#4204 = DIRECTION('',(0.,0.,1.));
#4205 = ADVANCED_FACE('',(#4206),#4224,.T.);
#4206 = FACE_BOUND('',#4207,.T.);
#4207 = EDGE_LOOP('',(#4208,#4209,#4217,#4223));
#4208 = ORIENTED_EDGE('',*,*,#4194,.F.);
#4209 = ORIENTED_EDGE('',*,*,#4210,.F.);
#4210 = EDGE_CURVE('',#4211,#4187,#4213,.T.);
#4211 = VERTEX_POINT('',#4212);
#4212 = CARTESIAN_POINT('',(-0.32,-9.84,-2.84));
#4213 = LINE('',#4214,#4215);
#4214 = CARTESIAN_POINT('',(-0.32,-9.84,-2.84));
#4215 = VECTOR('',#4216,1.);
#4216 = DIRECTION('',(1.,0.,0.));
#4217 = ORIENTED_EDGE('',*,*,#4218,.T.);
#4218 = EDGE_CURVE('',#4211,#2220,#4219,.T.);
#4219 = LINE('',#4220,#4221);
#4220 = CARTESIAN_POINT('',(-0.32,-9.84,-3.));
#4221 = VECTOR('',#4222,1.);
#4222 = DIRECTION('',(0.,0.,1.));
#4223 = ORIENTED_EDGE('',*,*,#2227,.F.);
#4224 = PLANE('',#4225);
#4225 = AXIS2_PLACEMENT_3D('',#4226,#4227,#4228);
#4226 = CARTESIAN_POINT('',(-0.32,-9.84,-3.));
#4227 = DIRECTION('',(0.,1.,0.));
#4228 = DIRECTION('',(0.,-0.,1.));
#4229 = ADVANCED_FACE('',(#4230),#4248,.F.);
#4230 = FACE_BOUND('',#4231,.F.);
#4231 = EDGE_LOOP('',(#4232,#4240,#4246,#4247));
#4232 = ORIENTED_EDGE('',*,*,#4233,.F.);
#4233 = EDGE_CURVE('',#4234,#2212,#4236,.T.);
#4234 = VERTEX_POINT('',#4235);
#4235 = CARTESIAN_POINT('',(-0.32,-10.48,-2.84));
#4236 = LINE('',#4237,#4238);
#4237 = CARTESIAN_POINT('',(-0.32,-10.48,-3.));
#4238 = VECTOR('',#4239,1.);
#4239 = DIRECTION('',(0.,0.,1.));
#4240 = ORIENTED_EDGE('',*,*,#4241,.T.);
#4241 = EDGE_CURVE('',#4234,#4211,#4242,.T.);
#4242 = LINE('',#4243,#4244);
#4243 = CARTESIAN_POINT('',(-0.32,-10.48,-2.84));
#4244 = VECTOR('',#4245,1.);
#4245 = DIRECTION('',(0.,1.,0.));
#4246 = ORIENTED_EDGE('',*,*,#4218,.T.);
#4247 = ORIENTED_EDGE('',*,*,#2219,.F.);
#4248 = PLANE('',#4249);
#4249 = AXIS2_PLACEMENT_3D('',#4250,#4251,#4252);
#4250 = CARTESIAN_POINT('',(-0.32,-10.48,-3.));
#4251 = DIRECTION('',(1.,0.,0.));
#4252 = DIRECTION('',(0.,0.,1.));
#4253 = ADVANCED_FACE('',(#4254),#4265,.F.);
#4254 = FACE_BOUND('',#4255,.F.);
#4255 = EDGE_LOOP('',(#4256,#4257,#4263,#4264));
#4256 = ORIENTED_EDGE('',*,*,#4178,.F.);
#4257 = ORIENTED_EDGE('',*,*,#4258,.F.);
#4258 = EDGE_CURVE('',#4234,#4179,#4259,.T.);
#4259 = LINE('',#4260,#4261);
#4260 = CARTESIAN_POINT('',(-0.32,-10.48,-2.84));
#4261 = VECTOR('',#4262,1.);
#4262 = DIRECTION('',(1.,0.,0.));
#4263 = ORIENTED_EDGE('',*,*,#4233,.T.);
#4264 = ORIENTED_EDGE('',*,*,#2211,.F.);
#4265 = PLANE('',#4266);
#4266 = AXIS2_PLACEMENT_3D('',#4267,#4268,#4269);
#4267 = CARTESIAN_POINT('',(-0.32,-10.48,-3.));
#4268 = DIRECTION('',(0.,1.,0.));
#4269 = DIRECTION('',(0.,-0.,1.));
#4270 = ADVANCED_FACE('',(#4271),#4296,.T.);
#4271 = FACE_BOUND('',#4272,.T.);
#4272 = EDGE_LOOP('',(#4273,#4281,#4289,#4295));
#4273 = ORIENTED_EDGE('',*,*,#4274,.F.);
#4274 = EDGE_CURVE('',#4275,#2236,#4277,.T.);
#4275 = VERTEX_POINT('',#4276);
#4276 = CARTESIAN_POINT('',(0.32,-2.22,-2.84));
#4277 = LINE('',#4278,#4279);
#4278 = CARTESIAN_POINT('',(0.32,-2.22,-3.));
#4279 = VECTOR('',#4280,1.);
#4280 = DIRECTION('',(0.,0.,1.));
#4281 = ORIENTED_EDGE('',*,*,#4282,.F.);
#4282 = EDGE_CURVE('',#4283,#4275,#4285,.T.);
#4283 = VERTEX_POINT('',#4284);
#4284 = CARTESIAN_POINT('',(-0.32,-2.22,-2.84));
#4285 = LINE('',#4286,#4287);
#4286 = CARTESIAN_POINT('',(-0.32,-2.22,-2.84));
#4287 = VECTOR('',#4288,1.);
#4288 = DIRECTION('',(1.,0.,0.));
#4289 = ORIENTED_EDGE('',*,*,#4290,.T.);
#4290 = EDGE_CURVE('',#4283,#2238,#4291,.T.);
#4291 = LINE('',#4292,#4293);
#4292 = CARTESIAN_POINT('',(-0.32,-2.22,-3.));
#4293 = VECTOR('',#4294,1.);
#4294 = DIRECTION('',(0.,0.,1.));
#4295 = ORIENTED_EDGE('',*,*,#2235,.F.);
#4296 = PLANE('',#4297);
#4297 = AXIS2_PLACEMENT_3D('',#4298,#4299,#4300);
#4298 = CARTESIAN_POINT('',(-0.32,-2.22,-3.));
#4299 = DIRECTION('',(0.,1.,0.));
#4300 = DIRECTION('',(0.,-0.,1.));
#4301 = ADVANCED_FACE('',(#4302),#4320,.F.);
#4302 = FACE_BOUND('',#4303,.F.);
#4303 = EDGE_LOOP('',(#4304,#4312,#4318,#4319));
#4304 = ORIENTED_EDGE('',*,*,#4305,.F.);
#4305 = EDGE_CURVE('',#4306,#2254,#4308,.T.);
#4306 = VERTEX_POINT('',#4307);
#4307 = CARTESIAN_POINT('',(-0.32,-2.86,-2.84));
#4308 = LINE('',#4309,#4310);
#4309 = CARTESIAN_POINT('',(-0.32,-2.86,-3.));
#4310 = VECTOR('',#4311,1.);
#4311 = DIRECTION('',(0.,0.,1.));
#4312 = ORIENTED_EDGE('',*,*,#4313,.T.);
#4313 = EDGE_CURVE('',#4306,#4283,#4314,.T.);
#4314 = LINE('',#4315,#4316);
#4315 = CARTESIAN_POINT('',(-0.32,-2.86,-2.84));
#4316 = VECTOR('',#4317,1.);
#4317 = DIRECTION('',(0.,1.,0.));
#4318 = ORIENTED_EDGE('',*,*,#4290,.T.);
#4319 = ORIENTED_EDGE('',*,*,#2261,.F.);
#4320 = PLANE('',#4321);
#4321 = AXIS2_PLACEMENT_3D('',#4322,#4323,#4324);
#4322 = CARTESIAN_POINT('',(-0.32,-2.86,-3.));
#4323 = DIRECTION('',(1.,0.,0.));
#4324 = DIRECTION('',(0.,0.,1.));
#4325 = ADVANCED_FACE('',(#4326),#4344,.F.);
#4326 = FACE_BOUND('',#4327,.F.);
#4327 = EDGE_LOOP('',(#4328,#4336,#4342,#4343));
#4328 = ORIENTED_EDGE('',*,*,#4329,.F.);
#4329 = EDGE_CURVE('',#4330,#2246,#4332,.T.);
#4330 = VERTEX_POINT('',#4331);
#4331 = CARTESIAN_POINT('',(0.32,-2.86,-2.84));
#4332 = LINE('',#4333,#4334);
#4333 = CARTESIAN_POINT('',(0.32,-2.86,-3.));
#4334 = VECTOR('',#4335,1.);
#4335 = DIRECTION('',(0.,0.,1.));
#4336 = ORIENTED_EDGE('',*,*,#4337,.F.);
#4337 = EDGE_CURVE('',#4306,#4330,#4338,.T.);
#4338 = LINE('',#4339,#4340);
#4339 = CARTESIAN_POINT('',(-0.32,-2.86,-2.84));
#4340 = VECTOR('',#4341,1.);
#4341 = DIRECTION('',(1.,0.,0.));
#4342 = ORIENTED_EDGE('',*,*,#4305,.T.);
#4343 = ORIENTED_EDGE('',*,*,#2253,.F.);
#4344 = PLANE('',#4345);
#4345 = AXIS2_PLACEMENT_3D('',#4346,#4347,#4348);
#4346 = CARTESIAN_POINT('',(-0.32,-2.86,-3.));
#4347 = DIRECTION('',(0.,1.,0.));
#4348 = DIRECTION('',(0.,-0.,1.));
#4349 = ADVANCED_FACE('',(#4350),#4361,.T.);
#4350 = FACE_BOUND('',#4351,.T.);
#4351 = EDGE_LOOP('',(#4352,#4353,#4359,#4360));
#4352 = ORIENTED_EDGE('',*,*,#4329,.F.);
#4353 = ORIENTED_EDGE('',*,*,#4354,.T.);
#4354 = EDGE_CURVE('',#4330,#4275,#4355,.T.);
#4355 = LINE('',#4356,#4357);
#4356 = CARTESIAN_POINT('',(0.32,-2.86,-2.84));
#4357 = VECTOR('',#4358,1.);
#4358 = DIRECTION('',(0.,1.,0.));
#4359 = ORIENTED_EDGE('',*,*,#4274,.T.);
#4360 = ORIENTED_EDGE('',*,*,#2245,.F.);
#4361 = PLANE('',#4362);
#4362 = AXIS2_PLACEMENT_3D('',#4363,#4364,#4365);
#4363 = CARTESIAN_POINT('',(0.32,-2.86,-3.));
#4364 = DIRECTION('',(1.,0.,0.));
#4365 = DIRECTION('',(0.,0.,1.));
#4366 = ADVANCED_FACE('',(#4367),#4392,.F.);
#4367 = FACE_BOUND('',#4368,.F.);
#4368 = EDGE_LOOP('',(#4369,#4377,#4385,#4391));
#4369 = ORIENTED_EDGE('',*,*,#4370,.F.);
#4370 = EDGE_CURVE('',#4371,#2270,#4373,.T.);
#4371 = VERTEX_POINT('',#4372);
#4372 = CARTESIAN_POINT('',(0.32,-5.4,-2.84));
#4373 = LINE('',#4374,#4375);
#4374 = CARTESIAN_POINT('',(0.32,-5.4,-3.));
#4375 = VECTOR('',#4376,1.);
#4376 = DIRECTION('',(0.,0.,1.));
#4377 = ORIENTED_EDGE('',*,*,#4378,.F.);
#4378 = EDGE_CURVE('',#4379,#4371,#4381,.T.);
#4379 = VERTEX_POINT('',#4380);
#4380 = CARTESIAN_POINT('',(-0.32,-5.4,-2.84));
#4381 = LINE('',#4382,#4383);
#4382 = CARTESIAN_POINT('',(-0.32,-5.4,-2.84));
#4383 = VECTOR('',#4384,1.);
#4384 = DIRECTION('',(1.,0.,0.));
#4385 = ORIENTED_EDGE('',*,*,#4386,.T.);
#4386 = EDGE_CURVE('',#4379,#2272,#4387,.T.);
#4387 = LINE('',#4388,#4389);
#4388 = CARTESIAN_POINT('',(-0.32,-5.4,-3.));
#4389 = VECTOR('',#4390,1.);
#4390 = DIRECTION('',(0.,0.,1.));
#4391 = ORIENTED_EDGE('',*,*,#2269,.F.);
#4392 = PLANE('',#4393);
#4393 = AXIS2_PLACEMENT_3D('',#4394,#4395,#4396);
#4394 = CARTESIAN_POINT('',(-0.32,-5.4,-3.));
#4395 = DIRECTION('',(0.,1.,0.));
#4396 = DIRECTION('',(0.,-0.,1.));
#4397 = ADVANCED_FACE('',(#4398),#4416,.T.);
#4398 = FACE_BOUND('',#4399,.T.);
#4399 = EDGE_LOOP('',(#4400,#4401,#4409,#4415));
#4400 = ORIENTED_EDGE('',*,*,#4370,.F.);
#4401 = ORIENTED_EDGE('',*,*,#4402,.T.);
#4402 = EDGE_CURVE('',#4371,#4403,#4405,.T.);
#4403 = VERTEX_POINT('',#4404);
#4404 = CARTESIAN_POINT('',(0.32,-4.76,-2.84));
#4405 = LINE('',#4406,#4407);
#4406 = CARTESIAN_POINT('',(0.32,-5.4,-2.84));
#4407 = VECTOR('',#4408,1.);
#4408 = DIRECTION('',(0.,1.,0.));
#4409 = ORIENTED_EDGE('',*,*,#4410,.T.);
#4410 = EDGE_CURVE('',#4403,#2288,#4411,.T.);
#4411 = LINE('',#4412,#4413);
#4412 = CARTESIAN_POINT('',(0.32,-4.76,-3.));
#4413 = VECTOR('',#4414,1.);
#4414 = DIRECTION('',(0.,0.,1.));
#4415 = ORIENTED_EDGE('',*,*,#2295,.F.);
#4416 = PLANE('',#4417);
#4417 = AXIS2_PLACEMENT_3D('',#4418,#4419,#4420);
#4418 = CARTESIAN_POINT('',(0.32,-5.4,-3.));
#4419 = DIRECTION('',(1.,0.,0.));
#4420 = DIRECTION('',(0.,0.,1.));
#4421 = ADVANCED_FACE('',(#4422),#4440,.T.);
#4422 = FACE_BOUND('',#4423,.T.);
#4423 = EDGE_LOOP('',(#4424,#4425,#4433,#4439));
#4424 = ORIENTED_EDGE('',*,*,#4410,.F.);
#4425 = ORIENTED_EDGE('',*,*,#4426,.F.);
#4426 = EDGE_CURVE('',#4427,#4403,#4429,.T.);
#4427 = VERTEX_POINT('',#4428);
#4428 = CARTESIAN_POINT('',(-0.32,-4.76,-2.84));
#4429 = LINE('',#4430,#4431);
#4430 = CARTESIAN_POINT('',(-0.32,-4.76,-2.84));
#4431 = VECTOR('',#4432,1.);
#4432 = DIRECTION('',(1.,0.,0.));
#4433 = ORIENTED_EDGE('',*,*,#4434,.T.);
#4434 = EDGE_CURVE('',#4427,#2280,#4435,.T.);
#4435 = LINE('',#4436,#4437);
#4436 = CARTESIAN_POINT('',(-0.32,-4.76,-3.));
#4437 = VECTOR('',#4438,1.);
#4438 = DIRECTION('',(0.,0.,1.));
#4439 = ORIENTED_EDGE('',*,*,#2287,.F.);
#4440 = PLANE('',#4441);
#4441 = AXIS2_PLACEMENT_3D('',#4442,#4443,#4444);
#4442 = CARTESIAN_POINT('',(-0.32,-4.76,-3.));
#4443 = DIRECTION('',(0.,1.,0.));
#4444 = DIRECTION('',(0.,-0.,1.));
#4445 = ADVANCED_FACE('',(#4446),#4457,.F.);
#4446 = FACE_BOUND('',#4447,.F.);
#4447 = EDGE_LOOP('',(#4448,#4449,#4455,#4456));
#4448 = ORIENTED_EDGE('',*,*,#4386,.F.);
#4449 = ORIENTED_EDGE('',*,*,#4450,.T.);
#4450 = EDGE_CURVE('',#4379,#4427,#4451,.T.);
#4451 = LINE('',#4452,#4453);
#4452 = CARTESIAN_POINT('',(-0.32,-5.4,-2.84));
#4453 = VECTOR('',#4454,1.);
#4454 = DIRECTION('',(0.,1.,0.));
#4455 = ORIENTED_EDGE('',*,*,#4434,.T.);
#4456 = ORIENTED_EDGE('',*,*,#2279,.F.);
#4457 = PLANE('',#4458);
#4458 = AXIS2_PLACEMENT_3D('',#4459,#4460,#4461);
#4459 = CARTESIAN_POINT('',(-0.32,-5.4,-3.));
#4460 = DIRECTION('',(1.,0.,0.));
#4461 = DIRECTION('',(0.,0.,1.));
#4462 = ADVANCED_FACE('',(#4463),#4488,.T.);
#4463 = FACE_BOUND('',#4464,.T.);
#4464 = EDGE_LOOP('',(#4465,#4473,#4481,#4487));
#4465 = ORIENTED_EDGE('',*,*,#4466,.F.);
#4466 = EDGE_CURVE('',#4467,#2304,#4469,.T.);
#4467 = VERTEX_POINT('',#4468);
#4468 = CARTESIAN_POINT('',(0.32,-0.32,-2.84));
#4469 = LINE('',#4470,#4471);
#4470 = CARTESIAN_POINT('',(0.32,-0.32,-3.));
#4471 = VECTOR('',#4472,1.);
#4472 = DIRECTION('',(0.,0.,1.));
#4473 = ORIENTED_EDGE('',*,*,#4474,.T.);
#4474 = EDGE_CURVE('',#4467,#4475,#4477,.T.);
#4475 = VERTEX_POINT('',#4476);
#4476 = CARTESIAN_POINT('',(0.32,0.32,-2.84));
#4477 = LINE('',#4478,#4479);
#4478 = CARTESIAN_POINT('',(0.32,-0.32,-2.84));
#4479 = VECTOR('',#4480,1.);
#4480 = DIRECTION('',(0.,1.,0.));
#4481 = ORIENTED_EDGE('',*,*,#4482,.T.);
#4482 = EDGE_CURVE('',#4475,#2306,#4483,.T.);
#4483 = LINE('',#4484,#4485);
#4484 = CARTESIAN_POINT('',(0.32,0.32,-3.));
#4485 = VECTOR('',#4486,1.);
#4486 = DIRECTION('',(0.,0.,1.));
#4487 = ORIENTED_EDGE('',*,*,#2303,.F.);
#4488 = PLANE('',#4489);
#4489 = AXIS2_PLACEMENT_3D('',#4490,#4491,#4492);
#4490 = CARTESIAN_POINT('',(0.32,-0.32,-3.));
#4491 = DIRECTION('',(1.,0.,0.));
#4492 = DIRECTION('',(0.,0.,1.));
#4493 = ADVANCED_FACE('',(#4494),#4512,.T.);
#4494 = FACE_BOUND('',#4495,.T.);
#4495 = EDGE_LOOP('',(#4496,#4497,#4505,#4511));
#4496 = ORIENTED_EDGE('',*,*,#4482,.F.);
#4497 = ORIENTED_EDGE('',*,*,#4498,.F.);
#4498 = EDGE_CURVE('',#4499,#4475,#4501,.T.);
#4499 = VERTEX_POINT('',#4500);
#4500 = CARTESIAN_POINT('',(-0.32,0.32,-2.84));
#4501 = LINE('',#4502,#4503);
#4502 = CARTESIAN_POINT('',(-0.32,0.32,-2.84));
#4503 = VECTOR('',#4504,1.);
#4504 = DIRECTION('',(1.,0.,0.));
#4505 = ORIENTED_EDGE('',*,*,#4506,.T.);
#4506 = EDGE_CURVE('',#4499,#2322,#4507,.T.);
#4507 = LINE('',#4508,#4509);
#4508 = CARTESIAN_POINT('',(-0.32,0.32,-3.));
#4509 = VECTOR('',#4510,1.);
#4510 = DIRECTION('',(0.,0.,1.));
#4511 = ORIENTED_EDGE('',*,*,#2329,.F.);
#4512 = PLANE('',#4513);
#4513 = AXIS2_PLACEMENT_3D('',#4514,#4515,#4516);
#4514 = CARTESIAN_POINT('',(-0.32,0.32,-3.));
#4515 = DIRECTION('',(0.,1.,0.));
#4516 = DIRECTION('',(0.,-0.,1.));
#4517 = ADVANCED_FACE('',(#4518),#4536,.F.);
#4518 = FACE_BOUND('',#4519,.F.);
#4519 = EDGE_LOOP('',(#4520,#4528,#4534,#4535));
#4520 = ORIENTED_EDGE('',*,*,#4521,.F.);
#4521 = EDGE_CURVE('',#4522,#2314,#4524,.T.);
#4522 = VERTEX_POINT('',#4523);
#4523 = CARTESIAN_POINT('',(-0.32,-0.32,-2.84));
#4524 = LINE('',#4525,#4526);
#4525 = CARTESIAN_POINT('',(-0.32,-0.32,-3.));
#4526 = VECTOR('',#4527,1.);
#4527 = DIRECTION('',(0.,0.,1.));
#4528 = ORIENTED_EDGE('',*,*,#4529,.T.);
#4529 = EDGE_CURVE('',#4522,#4499,#4530,.T.);
#4530 = LINE('',#4531,#4532);
#4531 = CARTESIAN_POINT('',(-0.32,-0.32,-2.84));
#4532 = VECTOR('',#4533,1.);
#4533 = DIRECTION('',(0.,1.,0.));
#4534 = ORIENTED_EDGE('',*,*,#4506,.T.);
#4535 = ORIENTED_EDGE('',*,*,#2321,.F.);
#4536 = PLANE('',#4537);
#4537 = AXIS2_PLACEMENT_3D('',#4538,#4539,#4540);
#4538 = CARTESIAN_POINT('',(-0.32,-0.32,-3.));
#4539 = DIRECTION('',(1.,0.,0.));
#4540 = DIRECTION('',(0.,0.,1.));
#4541 = ADVANCED_FACE('',(#4542),#4553,.F.);
#4542 = FACE_BOUND('',#4543,.F.);
#4543 = EDGE_LOOP('',(#4544,#4545,#4551,#4552));
#4544 = ORIENTED_EDGE('',*,*,#4466,.F.);
#4545 = ORIENTED_EDGE('',*,*,#4546,.F.);
#4546 = EDGE_CURVE('',#4522,#4467,#4547,.T.);
#4547 = LINE('',#4548,#4549);
#4548 = CARTESIAN_POINT('',(-0.32,-0.32,-2.84));
#4549 = VECTOR('',#4550,1.);
#4550 = DIRECTION('',(1.,0.,0.));
#4551 = ORIENTED_EDGE('',*,*,#4521,.T.);
#4552 = ORIENTED_EDGE('',*,*,#2313,.F.);
#4553 = PLANE('',#4554);
#4554 = AXIS2_PLACEMENT_3D('',#4555,#4556,#4557);
#4555 = CARTESIAN_POINT('',(-0.32,-0.32,-3.));
#4556 = DIRECTION('',(0.,1.,0.));
#4557 = DIRECTION('',(0.,-0.,1.));
#4558 = ADVANCED_FACE('',(#4559),#4584,.F.);
#4559 = FACE_BOUND('',#4560,.F.);
#4560 = EDGE_LOOP('',(#4561,#4569,#4570,#4578));
#4561 = ORIENTED_EDGE('',*,*,#4562,.F.);
#4562 = EDGE_CURVE('',#2723,#4563,#4565,.T.);
#4563 = VERTEX_POINT('',#4564);
#4564 = CARTESIAN_POINT('',(0.32,-18.1,8.38));
#4565 = LINE('',#4566,#4567);
#4566 = CARTESIAN_POINT('',(0.32,-18.1,-3.));
#4567 = VECTOR('',#4568,1.);
#4568 = DIRECTION('',(0.,0.,1.));
#4569 = ORIENTED_EDGE('',*,*,#2722,.T.);
#4570 = ORIENTED_EDGE('',*,*,#4571,.T.);
#4571 = EDGE_CURVE('',#2725,#4572,#4574,.T.);
#4572 = VERTEX_POINT('',#4573);
#4573 = CARTESIAN_POINT('',(-0.32,-18.1,8.38));
#4574 = LINE('',#4575,#4576);
#4575 = CARTESIAN_POINT('',(-0.32,-18.1,-3.));
#4576 = VECTOR('',#4577,1.);
#4577 = DIRECTION('',(0.,0.,1.));
#4578 = ORIENTED_EDGE('',*,*,#4579,.T.);
#4579 = EDGE_CURVE('',#4572,#4563,#4580,.T.);
#4580 = LINE('',#4581,#4582);
#4581 = CARTESIAN_POINT('',(-0.32,-18.1,8.38));
#4582 = VECTOR('',#4583,1.);
#4583 = DIRECTION('',(1.,0.,0.));
#4584 = PLANE('',#4585);
#4585 = AXIS2_PLACEMENT_3D('',#4586,#4587,#4588);
#4586 = CARTESIAN_POINT('',(-0.32,-18.1,-3.));
#4587 = DIRECTION('',(0.,1.,0.));
#4588 = DIRECTION('',(0.,-0.,1.));
#4589 = ADVANCED_FACE('',(#4590),#4608,.T.);
#4590 = FACE_BOUND('',#4591,.T.);
#4591 = EDGE_LOOP('',(#4592,#4593,#4594,#4602));
#4592 = ORIENTED_EDGE('',*,*,#4562,.F.);
#4593 = ORIENTED_EDGE('',*,*,#2748,.T.);
#4594 = ORIENTED_EDGE('',*,*,#4595,.T.);
#4595 = EDGE_CURVE('',#2741,#4596,#4598,.T.);
#4596 = VERTEX_POINT('',#4597);
#4597 = CARTESIAN_POINT('',(0.32,-17.46,8.38));
#4598 = LINE('',#4599,#4600);
#4599 = CARTESIAN_POINT('',(0.32,-17.46,-3.));
#4600 = VECTOR('',#4601,1.);
#4601 = DIRECTION('',(0.,0.,1.));
#4602 = ORIENTED_EDGE('',*,*,#4603,.F.);
#4603 = EDGE_CURVE('',#4563,#4596,#4604,.T.);
#4604 = LINE('',#4605,#4606);
#4605 = CARTESIAN_POINT('',(0.32,-18.1,8.38));
#4606 = VECTOR('',#4607,1.);
#4607 = DIRECTION('',(0.,1.,0.));
#4608 = PLANE('',#4609);
#4609 = AXIS2_PLACEMENT_3D('',#4610,#4611,#4612);
#4610 = CARTESIAN_POINT('',(0.32,-18.1,-3.));
#4611 = DIRECTION('',(1.,0.,0.));
#4612 = DIRECTION('',(0.,0.,1.));
#4613 = ADVANCED_FACE('',(#4614),#4632,.T.);
#4614 = FACE_BOUND('',#4615,.T.);
#4615 = EDGE_LOOP('',(#4616,#4617,#4618,#4626));
#4616 = ORIENTED_EDGE('',*,*,#4595,.F.);
#4617 = ORIENTED_EDGE('',*,*,#2740,.T.);
#4618 = ORIENTED_EDGE('',*,*,#4619,.T.);
#4619 = EDGE_CURVE('',#2733,#4620,#4622,.T.);
#4620 = VERTEX_POINT('',#4621);
#4621 = CARTESIAN_POINT('',(-0.32,-17.46,8.38));
#4622 = LINE('',#4623,#4624);
#4623 = CARTESIAN_POINT('',(-0.32,-17.46,-3.));
#4624 = VECTOR('',#4625,1.);
#4625 = DIRECTION('',(0.,0.,1.));
#4626 = ORIENTED_EDGE('',*,*,#4627,.T.);
#4627 = EDGE_CURVE('',#4620,#4596,#4628,.T.);
#4628 = LINE('',#4629,#4630);
#4629 = CARTESIAN_POINT('',(-0.32,-17.46,8.38));
#4630 = VECTOR('',#4631,1.);
#4631 = DIRECTION('',(1.,0.,0.));
#4632 = PLANE('',#4633);
#4633 = AXIS2_PLACEMENT_3D('',#4634,#4635,#4636);
#4634 = CARTESIAN_POINT('',(-0.32,-17.46,-3.));
#4635 = DIRECTION('',(0.,1.,0.));
#4636 = DIRECTION('',(0.,-0.,1.));
#4637 = ADVANCED_FACE('',(#4638),#4649,.F.);
#4638 = FACE_BOUND('',#4639,.F.);
#4639 = EDGE_LOOP('',(#4640,#4641,#4642,#4643));
#4640 = ORIENTED_EDGE('',*,*,#4571,.F.);
#4641 = ORIENTED_EDGE('',*,*,#2732,.T.);
#4642 = ORIENTED_EDGE('',*,*,#4619,.T.);
#4643 = ORIENTED_EDGE('',*,*,#4644,.F.);
#4644 = EDGE_CURVE('',#4572,#4620,#4645,.T.);
#4645 = LINE('',#4646,#4647);
#4646 = CARTESIAN_POINT('',(-0.32,-18.1,8.38));
#4647 = VECTOR('',#4648,1.);
#4648 = DIRECTION('',(0.,1.,0.));
#4649 = PLANE('',#4650);
#4650 = AXIS2_PLACEMENT_3D('',#4651,#4652,#4653);
#4651 = CARTESIAN_POINT('',(-0.32,-18.1,-3.));
#4652 = DIRECTION('',(1.,0.,0.));
#4653 = DIRECTION('',(0.,0.,1.));
#4654 = ADVANCED_FACE('',(#4655),#4680,.T.);
#4655 = FACE_BOUND('',#4656,.T.);
#4656 = EDGE_LOOP('',(#4657,#4665,#4666,#4674));
#4657 = ORIENTED_EDGE('',*,*,#4658,.F.);
#4658 = EDGE_CURVE('',#2757,#4659,#4661,.T.);
#4659 = VERTEX_POINT('',#4660);
#4660 = CARTESIAN_POINT('',(0.32,-14.92,8.38));
#4661 = LINE('',#4662,#4663);
#4662 = CARTESIAN_POINT('',(0.32,-14.92,-3.));
#4663 = VECTOR('',#4664,1.);
#4664 = DIRECTION('',(0.,0.,1.));
#4665 = ORIENTED_EDGE('',*,*,#2756,.T.);
#4666 = ORIENTED_EDGE('',*,*,#4667,.T.);
#4667 = EDGE_CURVE('',#2759,#4668,#4670,.T.);
#4668 = VERTEX_POINT('',#4669);
#4669 = CARTESIAN_POINT('',(-0.32,-14.92,8.38));
#4670 = LINE('',#4671,#4672);
#4671 = CARTESIAN_POINT('',(-0.32,-14.92,-3.));
#4672 = VECTOR('',#4673,1.);
#4673 = DIRECTION('',(0.,0.,1.));
#4674 = ORIENTED_EDGE('',*,*,#4675,.T.);
#4675 = EDGE_CURVE('',#4668,#4659,#4676,.T.);
#4676 = LINE('',#4677,#4678);
#4677 = CARTESIAN_POINT('',(-0.32,-14.92,8.38));
#4678 = VECTOR('',#4679,1.);
#4679 = DIRECTION('',(1.,0.,0.));
#4680 = PLANE('',#4681);
#4681 = AXIS2_PLACEMENT_3D('',#4682,#4683,#4684);
#4682 = CARTESIAN_POINT('',(-0.32,-14.92,-3.));
#4683 = DIRECTION('',(0.,1.,0.));
#4684 = DIRECTION('',(0.,-0.,1.));
#4685 = ADVANCED_FACE('',(#4686),#4704,.F.);
#4686 = FACE_BOUND('',#4687,.F.);
#4687 = EDGE_LOOP('',(#4688,#4696,#4697,#4698));
#4688 = ORIENTED_EDGE('',*,*,#4689,.F.);
#4689 = EDGE_CURVE('',#2775,#4690,#4692,.T.);
#4690 = VERTEX_POINT('',#4691);
#4691 = CARTESIAN_POINT('',(-0.32,-15.56,8.38));
#4692 = LINE('',#4693,#4694);
#4693 = CARTESIAN_POINT('',(-0.32,-15.56,-3.));
#4694 = VECTOR('',#4695,1.);
#4695 = DIRECTION('',(0.,0.,1.));
#4696 = ORIENTED_EDGE('',*,*,#2782,.T.);
#4697 = ORIENTED_EDGE('',*,*,#4667,.T.);
#4698 = ORIENTED_EDGE('',*,*,#4699,.F.);
#4699 = EDGE_CURVE('',#4690,#4668,#4700,.T.);
#4700 = LINE('',#4701,#4702);
#4701 = CARTESIAN_POINT('',(-0.32,-15.56,8.38));
#4702 = VECTOR('',#4703,1.);
#4703 = DIRECTION('',(0.,1.,0.));
#4704 = PLANE('',#4705);
#4705 = AXIS2_PLACEMENT_3D('',#4706,#4707,#4708);
#4706 = CARTESIAN_POINT('',(-0.32,-15.56,-3.));
#4707 = DIRECTION('',(1.,0.,0.));
#4708 = DIRECTION('',(0.,0.,1.));
#4709 = ADVANCED_FACE('',(#4710),#4728,.F.);
#4710 = FACE_BOUND('',#4711,.F.);
#4711 = EDGE_LOOP('',(#4712,#4720,#4721,#4722));
#4712 = ORIENTED_EDGE('',*,*,#4713,.F.);
#4713 = EDGE_CURVE('',#2767,#4714,#4716,.T.);
#4714 = VERTEX_POINT('',#4715);
#4715 = CARTESIAN_POINT('',(0.32,-15.56,8.38));
#4716 = LINE('',#4717,#4718);
#4717 = CARTESIAN_POINT('',(0.32,-15.56,-3.));
#4718 = VECTOR('',#4719,1.);
#4719 = DIRECTION('',(0.,0.,1.));
#4720 = ORIENTED_EDGE('',*,*,#2774,.T.);
#4721 = ORIENTED_EDGE('',*,*,#4689,.T.);
#4722 = ORIENTED_EDGE('',*,*,#4723,.T.);
#4723 = EDGE_CURVE('',#4690,#4714,#4724,.T.);
#4724 = LINE('',#4725,#4726);
#4725 = CARTESIAN_POINT('',(-0.32,-15.56,8.38));
#4726 = VECTOR('',#4727,1.);
#4727 = DIRECTION('',(1.,0.,0.));
#4728 = PLANE('',#4729);
#4729 = AXIS2_PLACEMENT_3D('',#4730,#4731,#4732);
#4730 = CARTESIAN_POINT('',(-0.32,-15.56,-3.));
#4731 = DIRECTION('',(0.,1.,0.));
#4732 = DIRECTION('',(0.,-0.,1.));
#4733 = ADVANCED_FACE('',(#4734),#4745,.T.);
#4734 = FACE_BOUND('',#4735,.T.);
#4735 = EDGE_LOOP('',(#4736,#4737,#4738,#4739));
#4736 = ORIENTED_EDGE('',*,*,#4713,.F.);
#4737 = ORIENTED_EDGE('',*,*,#2766,.T.);
#4738 = ORIENTED_EDGE('',*,*,#4658,.T.);
#4739 = ORIENTED_EDGE('',*,*,#4740,.F.);
#4740 = EDGE_CURVE('',#4714,#4659,#4741,.T.);
#4741 = LINE('',#4742,#4743);
#4742 = CARTESIAN_POINT('',(0.32,-15.56,8.38));
#4743 = VECTOR('',#4744,1.);
#4744 = DIRECTION('',(0.,1.,0.));
#4745 = PLANE('',#4746);
#4746 = AXIS2_PLACEMENT_3D('',#4747,#4748,#4749);
#4747 = CARTESIAN_POINT('',(0.32,-15.56,-3.));
#4748 = DIRECTION('',(1.,0.,0.));
#4749 = DIRECTION('',(0.,0.,1.));
#4750 = ADVANCED_FACE('',(#4751),#4776,.T.);
#4751 = FACE_BOUND('',#4752,.T.);
#4752 = EDGE_LOOP('',(#4753,#4761,#4762,#4770));
#4753 = ORIENTED_EDGE('',*,*,#4754,.F.);
#4754 = EDGE_CURVE('',#2791,#4755,#4757,.T.);
#4755 = VERTEX_POINT('',#4756);
#4756 = CARTESIAN_POINT('',(0.32,-7.94,8.38));
#4757 = LINE('',#4758,#4759);
#4758 = CARTESIAN_POINT('',(0.32,-7.94,-3.));
#4759 = VECTOR('',#4760,1.);
#4760 = DIRECTION('',(0.,0.,1.));
#4761 = ORIENTED_EDGE('',*,*,#2790,.T.);
#4762 = ORIENTED_EDGE('',*,*,#4763,.T.);
#4763 = EDGE_CURVE('',#2793,#4764,#4766,.T.);
#4764 = VERTEX_POINT('',#4765);
#4765 = CARTESIAN_POINT('',(0.32,-7.3,8.38));
#4766 = LINE('',#4767,#4768);
#4767 = CARTESIAN_POINT('',(0.32,-7.3,-3.));
#4768 = VECTOR('',#4769,1.);
#4769 = DIRECTION('',(0.,0.,1.));
#4770 = ORIENTED_EDGE('',*,*,#4771,.F.);
#4771 = EDGE_CURVE('',#4755,#4764,#4772,.T.);
#4772 = LINE('',#4773,#4774);
#4773 = CARTESIAN_POINT('',(0.32,-7.94,8.38));
#4774 = VECTOR('',#4775,1.);
#4775 = DIRECTION('',(0.,1.,0.));
#4776 = PLANE('',#4777);
#4777 = AXIS2_PLACEMENT_3D('',#4778,#4779,#4780);
#4778 = CARTESIAN_POINT('',(0.32,-7.94,-3.));
#4779 = DIRECTION('',(1.,0.,0.));
#4780 = DIRECTION('',(0.,0.,1.));
#4781 = ADVANCED_FACE('',(#4782),#4800,.T.);
#4782 = FACE_BOUND('',#4783,.T.);
#4783 = EDGE_LOOP('',(#4784,#4785,#4786,#4794));
#4784 = ORIENTED_EDGE('',*,*,#4763,.F.);
#4785 = ORIENTED_EDGE('',*,*,#2816,.T.);
#4786 = ORIENTED_EDGE('',*,*,#4787,.T.);
#4787 = EDGE_CURVE('',#2809,#4788,#4790,.T.);
#4788 = VERTEX_POINT('',#4789);
#4789 = CARTESIAN_POINT('',(-0.32,-7.3,8.38));
#4790 = LINE('',#4791,#4792);
#4791 = CARTESIAN_POINT('',(-0.32,-7.3,-3.));
#4792 = VECTOR('',#4793,1.);
#4793 = DIRECTION('',(0.,0.,1.));
#4794 = ORIENTED_EDGE('',*,*,#4795,.T.);
#4795 = EDGE_CURVE('',#4788,#4764,#4796,.T.);
#4796 = LINE('',#4797,#4798);
#4797 = CARTESIAN_POINT('',(-0.32,-7.3,8.38));
#4798 = VECTOR('',#4799,1.);
#4799 = DIRECTION('',(1.,0.,0.));
#4800 = PLANE('',#4801);
#4801 = AXIS2_PLACEMENT_3D('',#4802,#4803,#4804);
#4802 = CARTESIAN_POINT('',(-0.32,-7.3,-3.));
#4803 = DIRECTION('',(0.,1.,0.));
#4804 = DIRECTION('',(0.,-0.,1.));
#4805 = ADVANCED_FACE('',(#4806),#4824,.F.);
#4806 = FACE_BOUND('',#4807,.F.);
#4807 = EDGE_LOOP('',(#4808,#4816,#4817,#4818));
#4808 = ORIENTED_EDGE('',*,*,#4809,.F.);
#4809 = EDGE_CURVE('',#2801,#4810,#4812,.T.);
#4810 = VERTEX_POINT('',#4811);
#4811 = CARTESIAN_POINT('',(-0.32,-7.94,8.38));
#4812 = LINE('',#4813,#4814);
#4813 = CARTESIAN_POINT('',(-0.32,-7.94,-3.));
#4814 = VECTOR('',#4815,1.);
#4815 = DIRECTION('',(0.,0.,1.));
#4816 = ORIENTED_EDGE('',*,*,#2808,.T.);
#4817 = ORIENTED_EDGE('',*,*,#4787,.T.);
#4818 = ORIENTED_EDGE('',*,*,#4819,.F.);
#4819 = EDGE_CURVE('',#4810,#4788,#4820,.T.);
#4820 = LINE('',#4821,#4822);
#4821 = CARTESIAN_POINT('',(-0.32,-7.94,8.38));
#4822 = VECTOR('',#4823,1.);
#4823 = DIRECTION('',(0.,1.,0.));
#4824 = PLANE('',#4825);
#4825 = AXIS2_PLACEMENT_3D('',#4826,#4827,#4828);
#4826 = CARTESIAN_POINT('',(-0.32,-7.94,-3.));
#4827 = DIRECTION('',(1.,0.,0.));
#4828 = DIRECTION('',(0.,0.,1.));
#4829 = ADVANCED_FACE('',(#4830),#4841,.F.);
#4830 = FACE_BOUND('',#4831,.F.);
#4831 = EDGE_LOOP('',(#4832,#4833,#4834,#4835));
#4832 = ORIENTED_EDGE('',*,*,#4754,.F.);
#4833 = ORIENTED_EDGE('',*,*,#2800,.T.);
#4834 = ORIENTED_EDGE('',*,*,#4809,.T.);
#4835 = ORIENTED_EDGE('',*,*,#4836,.T.);
#4836 = EDGE_CURVE('',#4810,#4755,#4837,.T.);
#4837 = LINE('',#4838,#4839);
#4838 = CARTESIAN_POINT('',(-0.32,-7.94,8.38));
#4839 = VECTOR('',#4840,1.);
#4840 = DIRECTION('',(1.,0.,0.));
#4841 = PLANE('',#4842);
#4842 = AXIS2_PLACEMENT_3D('',#4843,#4844,#4845);
#4843 = CARTESIAN_POINT('',(-0.32,-7.94,-3.));
#4844 = DIRECTION('',(0.,1.,0.));
#4845 = DIRECTION('',(0.,-0.,1.));
#4846 = ADVANCED_FACE('',(#4847),#4872,.T.);
#4847 = FACE_BOUND('',#4848,.T.);
#4848 = EDGE_LOOP('',(#4849,#4857,#4858,#4866));
#4849 = ORIENTED_EDGE('',*,*,#4850,.F.);
#4850 = EDGE_CURVE('',#2825,#4851,#4853,.T.);
#4851 = VERTEX_POINT('',#4852);
#4852 = CARTESIAN_POINT('',(0.32,-12.38,8.38));
#4853 = LINE('',#4854,#4855);
#4854 = CARTESIAN_POINT('',(0.32,-12.38,-3.));
#4855 = VECTOR('',#4856,1.);
#4856 = DIRECTION('',(0.,0.,1.));
#4857 = ORIENTED_EDGE('',*,*,#2824,.T.);
#4858 = ORIENTED_EDGE('',*,*,#4859,.T.);
#4859 = EDGE_CURVE('',#2827,#4860,#4862,.T.);
#4860 = VERTEX_POINT('',#4861);
#4861 = CARTESIAN_POINT('',(-0.32,-12.38,8.38));
#4862 = LINE('',#4863,#4864);
#4863 = CARTESIAN_POINT('',(-0.32,-12.38,-3.));
#4864 = VECTOR('',#4865,1.);
#4865 = DIRECTION('',(0.,0.,1.));
#4866 = ORIENTED_EDGE('',*,*,#4867,.T.);
#4867 = EDGE_CURVE('',#4860,#4851,#4868,.T.);
#4868 = LINE('',#4869,#4870);
#4869 = CARTESIAN_POINT('',(-0.32,-12.38,8.38));
#4870 = VECTOR('',#4871,1.);
#4871 = DIRECTION('',(1.,0.,0.));
#4872 = PLANE('',#4873);
#4873 = AXIS2_PLACEMENT_3D('',#4874,#4875,#4876);
#4874 = CARTESIAN_POINT('',(-0.32,-12.38,-3.));
#4875 = DIRECTION('',(0.,1.,0.));
#4876 = DIRECTION('',(0.,-0.,1.));
#4877 = ADVANCED_FACE('',(#4878),#4896,.F.);
#4878 = FACE_BOUND('',#4879,.F.);
#4879 = EDGE_LOOP('',(#4880,#4888,#4889,#4890));
#4880 = ORIENTED_EDGE('',*,*,#4881,.F.);
#4881 = EDGE_CURVE('',#2843,#4882,#4884,.T.);
#4882 = VERTEX_POINT('',#4883);
#4883 = CARTESIAN_POINT('',(-0.32,-13.02,8.38));
#4884 = LINE('',#4885,#4886);
#4885 = CARTESIAN_POINT('',(-0.32,-13.02,-3.));
#4886 = VECTOR('',#4887,1.);
#4887 = DIRECTION('',(0.,0.,1.));
#4888 = ORIENTED_EDGE('',*,*,#2850,.T.);
#4889 = ORIENTED_EDGE('',*,*,#4859,.T.);
#4890 = ORIENTED_EDGE('',*,*,#4891,.F.);
#4891 = EDGE_CURVE('',#4882,#4860,#4892,.T.);
#4892 = LINE('',#4893,#4894);
#4893 = CARTESIAN_POINT('',(-0.32,-13.02,8.38));
#4894 = VECTOR('',#4895,1.);
#4895 = DIRECTION('',(0.,1.,0.));
#4896 = PLANE('',#4897);
#4897 = AXIS2_PLACEMENT_3D('',#4898,#4899,#4900);
#4898 = CARTESIAN_POINT('',(-0.32,-13.02,-3.));
#4899 = DIRECTION('',(1.,0.,0.));
#4900 = DIRECTION('',(0.,0.,1.));
#4901 = ADVANCED_FACE('',(#4902),#4920,.F.);
#4902 = FACE_BOUND('',#4903,.F.);
#4903 = EDGE_LOOP('',(#4904,#4912,#4913,#4914));
#4904 = ORIENTED_EDGE('',*,*,#4905,.F.);
#4905 = EDGE_CURVE('',#2835,#4906,#4908,.T.);
#4906 = VERTEX_POINT('',#4907);
#4907 = CARTESIAN_POINT('',(0.32,-13.02,8.38));
#4908 = LINE('',#4909,#4910);
#4909 = CARTESIAN_POINT('',(0.32,-13.02,-3.));
#4910 = VECTOR('',#4911,1.);
#4911 = DIRECTION('',(0.,0.,1.));
#4912 = ORIENTED_EDGE('',*,*,#2842,.T.);
#4913 = ORIENTED_EDGE('',*,*,#4881,.T.);
#4914 = ORIENTED_EDGE('',*,*,#4915,.T.);
#4915 = EDGE_CURVE('',#4882,#4906,#4916,.T.);
#4916 = LINE('',#4917,#4918);
#4917 = CARTESIAN_POINT('',(-0.32,-13.02,8.38));
#4918 = VECTOR('',#4919,1.);
#4919 = DIRECTION('',(1.,0.,0.));
#4920 = PLANE('',#4921);
#4921 = AXIS2_PLACEMENT_3D('',#4922,#4923,#4924);
#4922 = CARTESIAN_POINT('',(-0.32,-13.02,-3.));
#4923 = DIRECTION('',(0.,1.,0.));
#4924 = DIRECTION('',(0.,-0.,1.));
#4925 = ADVANCED_FACE('',(#4926),#4937,.T.);
#4926 = FACE_BOUND('',#4927,.T.);
#4927 = EDGE_LOOP('',(#4928,#4929,#4930,#4931));
#4928 = ORIENTED_EDGE('',*,*,#4905,.F.);
#4929 = ORIENTED_EDGE('',*,*,#2834,.T.);
#4930 = ORIENTED_EDGE('',*,*,#4850,.T.);
#4931 = ORIENTED_EDGE('',*,*,#4932,.F.);
#4932 = EDGE_CURVE('',#4906,#4851,#4933,.T.);
#4933 = LINE('',#4934,#4935);
#4934 = CARTESIAN_POINT('',(0.32,-13.02,8.38));
#4935 = VECTOR('',#4936,1.);
#4936 = DIRECTION('',(0.,1.,0.));
#4937 = PLANE('',#4938);
#4938 = AXIS2_PLACEMENT_3D('',#4939,#4940,#4941);
#4939 = CARTESIAN_POINT('',(0.32,-13.02,-3.));
#4940 = DIRECTION('',(1.,0.,0.));
#4941 = DIRECTION('',(0.,0.,1.));
#4942 = ADVANCED_FACE('',(#4943),#4968,.T.);
#4943 = FACE_BOUND('',#4944,.T.);
#4944 = EDGE_LOOP('',(#4945,#4953,#4954,#4962));
#4945 = ORIENTED_EDGE('',*,*,#4946,.F.);
#4946 = EDGE_CURVE('',#2859,#4947,#4949,.T.);
#4947 = VERTEX_POINT('',#4948);
#4948 = CARTESIAN_POINT('',(0.32,-10.48,8.38));
#4949 = LINE('',#4950,#4951);
#4950 = CARTESIAN_POINT('',(0.32,-10.48,-3.));
#4951 = VECTOR('',#4952,1.);
#4952 = DIRECTION('',(0.,0.,1.));
#4953 = ORIENTED_EDGE('',*,*,#2858,.T.);
#4954 = ORIENTED_EDGE('',*,*,#4955,.T.);
#4955 = EDGE_CURVE('',#2861,#4956,#4958,.T.);
#4956 = VERTEX_POINT('',#4957);
#4957 = CARTESIAN_POINT('',(0.32,-9.84,8.38));
#4958 = LINE('',#4959,#4960);
#4959 = CARTESIAN_POINT('',(0.32,-9.84,-3.));
#4960 = VECTOR('',#4961,1.);
#4961 = DIRECTION('',(0.,0.,1.));
#4962 = ORIENTED_EDGE('',*,*,#4963,.F.);
#4963 = EDGE_CURVE('',#4947,#4956,#4964,.T.);
#4964 = LINE('',#4965,#4966);
#4965 = CARTESIAN_POINT('',(0.32,-10.48,8.38));
#4966 = VECTOR('',#4967,1.);
#4967 = DIRECTION('',(0.,1.,0.));
#4968 = PLANE('',#4969);
#4969 = AXIS2_PLACEMENT_3D('',#4970,#4971,#4972);
#4970 = CARTESIAN_POINT('',(0.32,-10.48,-3.));
#4971 = DIRECTION('',(1.,0.,0.));
#4972 = DIRECTION('',(0.,0.,1.));
#4973 = ADVANCED_FACE('',(#4974),#4992,.T.);
#4974 = FACE_BOUND('',#4975,.T.);
#4975 = EDGE_LOOP('',(#4976,#4977,#4978,#4986));
#4976 = ORIENTED_EDGE('',*,*,#4955,.F.);
#4977 = ORIENTED_EDGE('',*,*,#2884,.T.);
#4978 = ORIENTED_EDGE('',*,*,#4979,.T.);
#4979 = EDGE_CURVE('',#2877,#4980,#4982,.T.);
#4980 = VERTEX_POINT('',#4981);
#4981 = CARTESIAN_POINT('',(-0.32,-9.84,8.38));
#4982 = LINE('',#4983,#4984);
#4983 = CARTESIAN_POINT('',(-0.32,-9.84,-3.));
#4984 = VECTOR('',#4985,1.);
#4985 = DIRECTION('',(0.,0.,1.));
#4986 = ORIENTED_EDGE('',*,*,#4987,.T.);
#4987 = EDGE_CURVE('',#4980,#4956,#4988,.T.);
#4988 = LINE('',#4989,#4990);
#4989 = CARTESIAN_POINT('',(-0.32,-9.84,8.38));
#4990 = VECTOR('',#4991,1.);
#4991 = DIRECTION('',(1.,0.,0.));
#4992 = PLANE('',#4993);
#4993 = AXIS2_PLACEMENT_3D('',#4994,#4995,#4996);
#4994 = CARTESIAN_POINT('',(-0.32,-9.84,-3.));
#4995 = DIRECTION('',(0.,1.,0.));
#4996 = DIRECTION('',(0.,-0.,1.));
#4997 = ADVANCED_FACE('',(#4998),#5016,.F.);
#4998 = FACE_BOUND('',#4999,.F.);
#4999 = EDGE_LOOP('',(#5000,#5008,#5009,#5010));
#5000 = ORIENTED_EDGE('',*,*,#5001,.F.);
#5001 = EDGE_CURVE('',#2869,#5002,#5004,.T.);
#5002 = VERTEX_POINT('',#5003);
#5003 = CARTESIAN_POINT('',(-0.32,-10.48,8.38));
#5004 = LINE('',#5005,#5006);
#5005 = CARTESIAN_POINT('',(-0.32,-10.48,-3.));
#5006 = VECTOR('',#5007,1.);
#5007 = DIRECTION('',(0.,0.,1.));
#5008 = ORIENTED_EDGE('',*,*,#2876,.T.);
#5009 = ORIENTED_EDGE('',*,*,#4979,.T.);
#5010 = ORIENTED_EDGE('',*,*,#5011,.F.);
#5011 = EDGE_CURVE('',#5002,#4980,#5012,.T.);
#5012 = LINE('',#5013,#5014);
#5013 = CARTESIAN_POINT('',(-0.32,-10.48,8.38));
#5014 = VECTOR('',#5015,1.);
#5015 = DIRECTION('',(0.,1.,0.));
#5016 = PLANE('',#5017);
#5017 = AXIS2_PLACEMENT_3D('',#5018,#5019,#5020);
#5018 = CARTESIAN_POINT('',(-0.32,-10.48,-3.));
#5019 = DIRECTION('',(1.,0.,0.));
#5020 = DIRECTION('',(0.,0.,1.));
#5021 = ADVANCED_FACE('',(#5022),#5033,.F.);
#5022 = FACE_BOUND('',#5023,.F.);
#5023 = EDGE_LOOP('',(#5024,#5025,#5026,#5027));
#5024 = ORIENTED_EDGE('',*,*,#4946,.F.);
#5025 = ORIENTED_EDGE('',*,*,#2868,.T.);
#5026 = ORIENTED_EDGE('',*,*,#5001,.T.);
#5027 = ORIENTED_EDGE('',*,*,#5028,.T.);
#5028 = EDGE_CURVE('',#5002,#4947,#5029,.T.);
#5029 = LINE('',#5030,#5031);
#5030 = CARTESIAN_POINT('',(-0.32,-10.48,8.38));
#5031 = VECTOR('',#5032,1.);
#5032 = DIRECTION('',(1.,0.,0.));
#5033 = PLANE('',#5034);
#5034 = AXIS2_PLACEMENT_3D('',#5035,#5036,#5037);
#5035 = CARTESIAN_POINT('',(-0.32,-10.48,-3.));
#5036 = DIRECTION('',(0.,1.,0.));
#5037 = DIRECTION('',(0.,-0.,1.));
#5038 = ADVANCED_FACE('',(#5039),#5064,.T.);
#5039 = FACE_BOUND('',#5040,.T.);
#5040 = EDGE_LOOP('',(#5041,#5049,#5050,#5058));
#5041 = ORIENTED_EDGE('',*,*,#5042,.F.);
#5042 = EDGE_CURVE('',#2893,#5043,#5045,.T.);
#5043 = VERTEX_POINT('',#5044);
#5044 = CARTESIAN_POINT('',(0.32,-2.22,8.38));
#5045 = LINE('',#5046,#5047);
#5046 = CARTESIAN_POINT('',(0.32,-2.22,-3.));
#5047 = VECTOR('',#5048,1.);
#5048 = DIRECTION('',(0.,0.,1.));
#5049 = ORIENTED_EDGE('',*,*,#2892,.T.);
#5050 = ORIENTED_EDGE('',*,*,#5051,.T.);
#5051 = EDGE_CURVE('',#2895,#5052,#5054,.T.);
#5052 = VERTEX_POINT('',#5053);
#5053 = CARTESIAN_POINT('',(-0.32,-2.22,8.38));
#5054 = LINE('',#5055,#5056);
#5055 = CARTESIAN_POINT('',(-0.32,-2.22,-3.));
#5056 = VECTOR('',#5057,1.);
#5057 = DIRECTION('',(0.,0.,1.));
#5058 = ORIENTED_EDGE('',*,*,#5059,.T.);
#5059 = EDGE_CURVE('',#5052,#5043,#5060,.T.);
#5060 = LINE('',#5061,#5062);
#5061 = CARTESIAN_POINT('',(-0.32,-2.22,8.38));
#5062 = VECTOR('',#5063,1.);
#5063 = DIRECTION('',(1.,0.,0.));
#5064 = PLANE('',#5065);
#5065 = AXIS2_PLACEMENT_3D('',#5066,#5067,#5068);
#5066 = CARTESIAN_POINT('',(-0.32,-2.22,-3.));
#5067 = DIRECTION('',(0.,1.,0.));
#5068 = DIRECTION('',(0.,-0.,1.));
#5069 = ADVANCED_FACE('',(#5070),#5088,.F.);
#5070 = FACE_BOUND('',#5071,.F.);
#5071 = EDGE_LOOP('',(#5072,#5080,#5081,#5082));
#5072 = ORIENTED_EDGE('',*,*,#5073,.F.);
#5073 = EDGE_CURVE('',#2911,#5074,#5076,.T.);
#5074 = VERTEX_POINT('',#5075);
#5075 = CARTESIAN_POINT('',(-0.32,-2.86,8.38));
#5076 = LINE('',#5077,#5078);
#5077 = CARTESIAN_POINT('',(-0.32,-2.86,-3.));
#5078 = VECTOR('',#5079,1.);
#5079 = DIRECTION('',(0.,0.,1.));
#5080 = ORIENTED_EDGE('',*,*,#2918,.T.);
#5081 = ORIENTED_EDGE('',*,*,#5051,.T.);
#5082 = ORIENTED_EDGE('',*,*,#5083,.F.);
#5083 = EDGE_CURVE('',#5074,#5052,#5084,.T.);
#5084 = LINE('',#5085,#5086);
#5085 = CARTESIAN_POINT('',(-0.32,-2.86,8.38));
#5086 = VECTOR('',#5087,1.);
#5087 = DIRECTION('',(0.,1.,0.));
#5088 = PLANE('',#5089);
#5089 = AXIS2_PLACEMENT_3D('',#5090,#5091,#5092);
#5090 = CARTESIAN_POINT('',(-0.32,-2.86,-3.));
#5091 = DIRECTION('',(1.,0.,0.));
#5092 = DIRECTION('',(0.,0.,1.));
#5093 = ADVANCED_FACE('',(#5094),#5112,.F.);
#5094 = FACE_BOUND('',#5095,.F.);
#5095 = EDGE_LOOP('',(#5096,#5104,#5105,#5106));
#5096 = ORIENTED_EDGE('',*,*,#5097,.F.);
#5097 = EDGE_CURVE('',#2903,#5098,#5100,.T.);
#5098 = VERTEX_POINT('',#5099);
#5099 = CARTESIAN_POINT('',(0.32,-2.86,8.38));
#5100 = LINE('',#5101,#5102);
#5101 = CARTESIAN_POINT('',(0.32,-2.86,-3.));
#5102 = VECTOR('',#5103,1.);
#5103 = DIRECTION('',(0.,0.,1.));
#5104 = ORIENTED_EDGE('',*,*,#2910,.T.);
#5105 = ORIENTED_EDGE('',*,*,#5073,.T.);
#5106 = ORIENTED_EDGE('',*,*,#5107,.T.);
#5107 = EDGE_CURVE('',#5074,#5098,#5108,.T.);
#5108 = LINE('',#5109,#5110);
#5109 = CARTESIAN_POINT('',(-0.32,-2.86,8.38));
#5110 = VECTOR('',#5111,1.);
#5111 = DIRECTION('',(1.,0.,0.));
#5112 = PLANE('',#5113);
#5113 = AXIS2_PLACEMENT_3D('',#5114,#5115,#5116);
#5114 = CARTESIAN_POINT('',(-0.32,-2.86,-3.));
#5115 = DIRECTION('',(0.,1.,0.));
#5116 = DIRECTION('',(0.,-0.,1.));
#5117 = ADVANCED_FACE('',(#5118),#5129,.T.);
#5118 = FACE_BOUND('',#5119,.T.);
#5119 = EDGE_LOOP('',(#5120,#5121,#5122,#5123));
#5120 = ORIENTED_EDGE('',*,*,#5097,.F.);
#5121 = ORIENTED_EDGE('',*,*,#2902,.T.);
#5122 = ORIENTED_EDGE('',*,*,#5042,.T.);
#5123 = ORIENTED_EDGE('',*,*,#5124,.F.);
#5124 = EDGE_CURVE('',#5098,#5043,#5125,.T.);
#5125 = LINE('',#5126,#5127);
#5126 = CARTESIAN_POINT('',(0.32,-2.86,8.38));
#5127 = VECTOR('',#5128,1.);
#5128 = DIRECTION('',(0.,1.,0.));
#5129 = PLANE('',#5130);
#5130 = AXIS2_PLACEMENT_3D('',#5131,#5132,#5133);
#5131 = CARTESIAN_POINT('',(0.32,-2.86,-3.));
#5132 = DIRECTION('',(1.,0.,0.));
#5133 = DIRECTION('',(0.,0.,1.));
#5134 = ADVANCED_FACE('',(#5135),#5160,.F.);
#5135 = FACE_BOUND('',#5136,.F.);
#5136 = EDGE_LOOP('',(#5137,#5145,#5146,#5154));
#5137 = ORIENTED_EDGE('',*,*,#5138,.F.);
#5138 = EDGE_CURVE('',#2927,#5139,#5141,.T.);
#5139 = VERTEX_POINT('',#5140);
#5140 = CARTESIAN_POINT('',(0.32,-5.4,8.38));
#5141 = LINE('',#5142,#5143);
#5142 = CARTESIAN_POINT('',(0.32,-5.4,-3.));
#5143 = VECTOR('',#5144,1.);
#5144 = DIRECTION('',(0.,0.,1.));
#5145 = ORIENTED_EDGE('',*,*,#2926,.T.);
#5146 = ORIENTED_EDGE('',*,*,#5147,.T.);
#5147 = EDGE_CURVE('',#2929,#5148,#5150,.T.);
#5148 = VERTEX_POINT('',#5149);
#5149 = CARTESIAN_POINT('',(-0.32,-5.4,8.38));
#5150 = LINE('',#5151,#5152);
#5151 = CARTESIAN_POINT('',(-0.32,-5.4,-3.));
#5152 = VECTOR('',#5153,1.);
#5153 = DIRECTION('',(0.,0.,1.));
#5154 = ORIENTED_EDGE('',*,*,#5155,.T.);
#5155 = EDGE_CURVE('',#5148,#5139,#5156,.T.);
#5156 = LINE('',#5157,#5158);
#5157 = CARTESIAN_POINT('',(-0.32,-5.4,8.38));
#5158 = VECTOR('',#5159,1.);
#5159 = DIRECTION('',(1.,0.,0.));
#5160 = PLANE('',#5161);
#5161 = AXIS2_PLACEMENT_3D('',#5162,#5163,#5164);
#5162 = CARTESIAN_POINT('',(-0.32,-5.4,-3.));
#5163 = DIRECTION('',(0.,1.,0.));
#5164 = DIRECTION('',(0.,-0.,1.));
#5165 = ADVANCED_FACE('',(#5166),#5184,.T.);
#5166 = FACE_BOUND('',#5167,.T.);
#5167 = EDGE_LOOP('',(#5168,#5169,#5170,#5178));
#5168 = ORIENTED_EDGE('',*,*,#5138,.F.);
#5169 = ORIENTED_EDGE('',*,*,#2952,.T.);
#5170 = ORIENTED_EDGE('',*,*,#5171,.T.);
#5171 = EDGE_CURVE('',#2945,#5172,#5174,.T.);
#5172 = VERTEX_POINT('',#5173);
#5173 = CARTESIAN_POINT('',(0.32,-4.76,8.38));
#5174 = LINE('',#5175,#5176);
#5175 = CARTESIAN_POINT('',(0.32,-4.76,-3.));
#5176 = VECTOR('',#5177,1.);
#5177 = DIRECTION('',(0.,0.,1.));
#5178 = ORIENTED_EDGE('',*,*,#5179,.F.);
#5179 = EDGE_CURVE('',#5139,#5172,#5180,.T.);
#5180 = LINE('',#5181,#5182);
#5181 = CARTESIAN_POINT('',(0.32,-5.4,8.38));
#5182 = VECTOR('',#5183,1.);
#5183 = DIRECTION('',(0.,1.,0.));
#5184 = PLANE('',#5185);
#5185 = AXIS2_PLACEMENT_3D('',#5186,#5187,#5188);
#5186 = CARTESIAN_POINT('',(0.32,-5.4,-3.));
#5187 = DIRECTION('',(1.,0.,0.));
#5188 = DIRECTION('',(0.,0.,1.));
#5189 = ADVANCED_FACE('',(#5190),#5208,.T.);
#5190 = FACE_BOUND('',#5191,.T.);
#5191 = EDGE_LOOP('',(#5192,#5193,#5194,#5202));
#5192 = ORIENTED_EDGE('',*,*,#5171,.F.);
#5193 = ORIENTED_EDGE('',*,*,#2944,.T.);
#5194 = ORIENTED_EDGE('',*,*,#5195,.T.);
#5195 = EDGE_CURVE('',#2937,#5196,#5198,.T.);
#5196 = VERTEX_POINT('',#5197);
#5197 = CARTESIAN_POINT('',(-0.32,-4.76,8.38));
#5198 = LINE('',#5199,#5200);
#5199 = CARTESIAN_POINT('',(-0.32,-4.76,-3.));
#5200 = VECTOR('',#5201,1.);
#5201 = DIRECTION('',(0.,0.,1.));
#5202 = ORIENTED_EDGE('',*,*,#5203,.T.);
#5203 = EDGE_CURVE('',#5196,#5172,#5204,.T.);
#5204 = LINE('',#5205,#5206);
#5205 = CARTESIAN_POINT('',(-0.32,-4.76,8.38));
#5206 = VECTOR('',#5207,1.);
#5207 = DIRECTION('',(1.,0.,0.));
#5208 = PLANE('',#5209);
#5209 = AXIS2_PLACEMENT_3D('',#5210,#5211,#5212);
#5210 = CARTESIAN_POINT('',(-0.32,-4.76,-3.));
#5211 = DIRECTION('',(0.,1.,0.));
#5212 = DIRECTION('',(0.,-0.,1.));
#5213 = ADVANCED_FACE('',(#5214),#5225,.F.);
#5214 = FACE_BOUND('',#5215,.F.);
#5215 = EDGE_LOOP('',(#5216,#5217,#5218,#5219));
#5216 = ORIENTED_EDGE('',*,*,#5147,.F.);
#5217 = ORIENTED_EDGE('',*,*,#2936,.T.);
#5218 = ORIENTED_EDGE('',*,*,#5195,.T.);
#5219 = ORIENTED_EDGE('',*,*,#5220,.F.);
#5220 = EDGE_CURVE('',#5148,#5196,#5221,.T.);
#5221 = LINE('',#5222,#5223);
#5222 = CARTESIAN_POINT('',(-0.32,-5.4,8.38));
#5223 = VECTOR('',#5224,1.);
#5224 = DIRECTION('',(0.,1.,0.));
#5225 = PLANE('',#5226);
#5226 = AXIS2_PLACEMENT_3D('',#5227,#5228,#5229);
#5227 = CARTESIAN_POINT('',(-0.32,-5.4,-3.));
#5228 = DIRECTION('',(1.,0.,0.));
#5229 = DIRECTION('',(0.,0.,1.));
#5230 = ADVANCED_FACE('',(#5231),#5256,.T.);
#5231 = FACE_BOUND('',#5232,.T.);
#5232 = EDGE_LOOP('',(#5233,#5241,#5242,#5250));
#5233 = ORIENTED_EDGE('',*,*,#5234,.F.);
#5234 = EDGE_CURVE('',#2961,#5235,#5237,.T.);
#5235 = VERTEX_POINT('',#5236);
#5236 = CARTESIAN_POINT('',(0.32,-0.32,8.38));
#5237 = LINE('',#5238,#5239);
#5238 = CARTESIAN_POINT('',(0.32,-0.32,-3.));
#5239 = VECTOR('',#5240,1.);
#5240 = DIRECTION('',(0.,0.,1.));
#5241 = ORIENTED_EDGE('',*,*,#2960,.T.);
#5242 = ORIENTED_EDGE('',*,*,#5243,.T.);
#5243 = EDGE_CURVE('',#2963,#5244,#5246,.T.);
#5244 = VERTEX_POINT('',#5245);
#5245 = CARTESIAN_POINT('',(0.32,0.32,8.38));
#5246 = LINE('',#5247,#5248);
#5247 = CARTESIAN_POINT('',(0.32,0.32,-3.));
#5248 = VECTOR('',#5249,1.);
#5249 = DIRECTION('',(0.,0.,1.));
#5250 = ORIENTED_EDGE('',*,*,#5251,.F.);
#5251 = EDGE_CURVE('',#5235,#5244,#5252,.T.);
#5252 = LINE('',#5253,#5254);
#5253 = CARTESIAN_POINT('',(0.32,-0.32,8.38));
#5254 = VECTOR('',#5255,1.);
#5255 = DIRECTION('',(0.,1.,0.));
#5256 = PLANE('',#5257);
#5257 = AXIS2_PLACEMENT_3D('',#5258,#5259,#5260);
#5258 = CARTESIAN_POINT('',(0.32,-0.32,-3.));
#5259 = DIRECTION('',(1.,0.,0.));
#5260 = DIRECTION('',(0.,0.,1.));
#5261 = ADVANCED_FACE('',(#5262),#5280,.T.);
#5262 = FACE_BOUND('',#5263,.T.);
#5263 = EDGE_LOOP('',(#5264,#5265,#5266,#5274));
#5264 = ORIENTED_EDGE('',*,*,#5243,.F.);
#5265 = ORIENTED_EDGE('',*,*,#2986,.T.);
#5266 = ORIENTED_EDGE('',*,*,#5267,.T.);
#5267 = EDGE_CURVE('',#2979,#5268,#5270,.T.);
#5268 = VERTEX_POINT('',#5269);
#5269 = CARTESIAN_POINT('',(-0.32,0.32,8.38));
#5270 = LINE('',#5271,#5272);
#5271 = CARTESIAN_POINT('',(-0.32,0.32,-3.));
#5272 = VECTOR('',#5273,1.);
#5273 = DIRECTION('',(0.,0.,1.));
#5274 = ORIENTED_EDGE('',*,*,#5275,.T.);
#5275 = EDGE_CURVE('',#5268,#5244,#5276,.T.);
#5276 = LINE('',#5277,#5278);
#5277 = CARTESIAN_POINT('',(-0.32,0.32,8.38));
#5278 = VECTOR('',#5279,1.);
#5279 = DIRECTION('',(1.,0.,0.));
#5280 = PLANE('',#5281);
#5281 = AXIS2_PLACEMENT_3D('',#5282,#5283,#5284);
#5282 = CARTESIAN_POINT('',(-0.32,0.32,-3.));
#5283 = DIRECTION('',(0.,1.,0.));
#5284 = DIRECTION('',(0.,-0.,1.));
#5285 = ADVANCED_FACE('',(#5286),#5304,.F.);
#5286 = FACE_BOUND('',#5287,.F.);
#5287 = EDGE_LOOP('',(#5288,#5296,#5297,#5298));
#5288 = ORIENTED_EDGE('',*,*,#5289,.F.);
#5289 = EDGE_CURVE('',#2971,#5290,#5292,.T.);
#5290 = VERTEX_POINT('',#5291);
#5291 = CARTESIAN_POINT('',(-0.32,-0.32,8.38));
#5292 = LINE('',#5293,#5294);
#5293 = CARTESIAN_POINT('',(-0.32,-0.32,-3.));
#5294 = VECTOR('',#5295,1.);
#5295 = DIRECTION('',(0.,0.,1.));
#5296 = ORIENTED_EDGE('',*,*,#2978,.T.);
#5297 = ORIENTED_EDGE('',*,*,#5267,.T.);
#5298 = ORIENTED_EDGE('',*,*,#5299,.F.);
#5299 = EDGE_CURVE('',#5290,#5268,#5300,.T.);
#5300 = LINE('',#5301,#5302);
#5301 = CARTESIAN_POINT('',(-0.32,-0.32,8.38));
#5302 = VECTOR('',#5303,1.);
#5303 = DIRECTION('',(0.,1.,0.));
#5304 = PLANE('',#5305);
#5305 = AXIS2_PLACEMENT_3D('',#5306,#5307,#5308);
#5306 = CARTESIAN_POINT('',(-0.32,-0.32,-3.));
#5307 = DIRECTION('',(1.,0.,0.));
#5308 = DIRECTION('',(0.,0.,1.));
#5309 = ADVANCED_FACE('',(#5310),#5321,.F.);
#5310 = FACE_BOUND('',#5311,.F.);
#5311 = EDGE_LOOP('',(#5312,#5313,#5314,#5315));
#5312 = ORIENTED_EDGE('',*,*,#5234,.F.);
#5313 = ORIENTED_EDGE('',*,*,#2970,.T.);
#5314 = ORIENTED_EDGE('',*,*,#5289,.T.);
#5315 = ORIENTED_EDGE('',*,*,#5316,.T.);
#5316 = EDGE_CURVE('',#5290,#5235,#5317,.T.);
#5317 = LINE('',#5318,#5319);
#5318 = CARTESIAN_POINT('',(-0.32,-0.32,8.38));
#5319 = VECTOR('',#5320,1.);
#5320 = DIRECTION('',(1.,0.,0.));
#5321 = PLANE('',#5322);
#5322 = AXIS2_PLACEMENT_3D('',#5323,#5324,#5325);
#5323 = CARTESIAN_POINT('',(-0.32,-0.32,-3.));
#5324 = DIRECTION('',(0.,1.,0.));
#5325 = DIRECTION('',(0.,-0.,1.));
#5326 = ADVANCED_FACE('',(#5327),#5352,.T.);
#5327 = FACE_BOUND('',#5328,.F.);
#5328 = EDGE_LOOP('',(#5329,#5337,#5338,#5346));
#5329 = ORIENTED_EDGE('',*,*,#5330,.F.);
#5330 = EDGE_CURVE('',#3803,#5331,#5333,.T.);
#5331 = VERTEX_POINT('',#5332);
#5332 = CARTESIAN_POINT('',(-0.16,-17.94,-3.));
#5333 = LINE('',#5334,#5335);
#5334 = CARTESIAN_POINT('',(-0.266666666667,-18.04666666666,
    -2.893333333333));
#5335 = VECTOR('',#5336,1.);
#5336 = DIRECTION('',(0.57735026919,0.57735026919,-0.57735026919));
#5337 = ORIENTED_EDGE('',*,*,#3802,.T.);
#5338 = ORIENTED_EDGE('',*,*,#5339,.T.);
#5339 = EDGE_CURVE('',#3795,#5340,#5342,.T.);
#5340 = VERTEX_POINT('',#5341);
#5341 = CARTESIAN_POINT('',(0.16,-17.94,-3.));
#5342 = LINE('',#5343,#5344);
#5343 = CARTESIAN_POINT('',(0.16,-17.94,-3.));
#5344 = VECTOR('',#5345,1.);
#5345 = DIRECTION('',(-0.57735026919,0.57735026919,-0.57735026919));
#5346 = ORIENTED_EDGE('',*,*,#5347,.F.);
#5347 = EDGE_CURVE('',#5331,#5340,#5348,.T.);
#5348 = LINE('',#5349,#5350);
#5349 = CARTESIAN_POINT('',(-0.32,-17.94,-3.));
#5350 = VECTOR('',#5351,1.);
#5351 = DIRECTION('',(1.,0.,0.));
#5352 = PLANE('',#5353);
#5353 = AXIS2_PLACEMENT_3D('',#5354,#5355,#5356);
#5354 = CARTESIAN_POINT('',(-0.32,-18.02,-2.92));
#5355 = DIRECTION('',(1.735167508357E-18,-0.707106781187,-0.707106781187
    ));
#5356 = DIRECTION('',(-1.,-1.226948711654E-18,-1.226948711654E-18));
#5357 = ADVANCED_FACE('',(#5358),#5376,.F.);
#5358 = FACE_BOUND('',#5359,.F.);
#5359 = EDGE_LOOP('',(#5360,#5361,#5362,#5370));
#5360 = ORIENTED_EDGE('',*,*,#5339,.F.);
#5361 = ORIENTED_EDGE('',*,*,#3826,.T.);
#5362 = ORIENTED_EDGE('',*,*,#5363,.T.);
#5363 = EDGE_CURVE('',#3827,#5364,#5366,.T.);
#5364 = VERTEX_POINT('',#5365);
#5365 = CARTESIAN_POINT('',(0.16,-17.62,-3.));
#5366 = LINE('',#5367,#5368);
#5367 = CARTESIAN_POINT('',(5.333333333333E-02,-17.72666666666,
    -3.106666666667));
#5368 = VECTOR('',#5369,1.);
#5369 = DIRECTION('',(-0.57735026919,-0.57735026919,-0.57735026919));
#5370 = ORIENTED_EDGE('',*,*,#5371,.F.);
#5371 = EDGE_CURVE('',#5340,#5364,#5372,.T.);
#5372 = LINE('',#5373,#5374);
#5373 = CARTESIAN_POINT('',(0.16,-18.1,-3.));
#5374 = VECTOR('',#5375,1.);
#5375 = DIRECTION('',(0.,1.,0.));
#5376 = PLANE('',#5377);
#5377 = AXIS2_PLACEMENT_3D('',#5378,#5379,#5380);
#5378 = CARTESIAN_POINT('',(0.24,-18.1,-2.92));
#5379 = DIRECTION('',(-0.707106781187,1.735167508357E-18,0.707106781187)
  );
#5380 = DIRECTION('',(1.226948711654E-18,1.,-1.226948711654E-18));
#5381 = ADVANCED_FACE('',(#5382),#5400,.F.);
#5382 = FACE_BOUND('',#5383,.T.);
#5383 = EDGE_LOOP('',(#5384,#5392,#5393,#5394));
#5384 = ORIENTED_EDGE('',*,*,#5385,.F.);
#5385 = EDGE_CURVE('',#3851,#5386,#5388,.T.);
#5386 = VERTEX_POINT('',#5387);
#5387 = CARTESIAN_POINT('',(-0.16,-17.62,-3.));
#5388 = LINE('',#5389,#5390);
#5389 = CARTESIAN_POINT('',(-0.16,-17.62,-3.));
#5390 = VECTOR('',#5391,1.);
#5391 = DIRECTION('',(0.57735026919,-0.57735026919,-0.57735026919));
#5392 = ORIENTED_EDGE('',*,*,#3850,.T.);
#5393 = ORIENTED_EDGE('',*,*,#5363,.T.);
#5394 = ORIENTED_EDGE('',*,*,#5395,.F.);
#5395 = EDGE_CURVE('',#5386,#5364,#5396,.T.);
#5396 = LINE('',#5397,#5398);
#5397 = CARTESIAN_POINT('',(-0.32,-17.62,-3.));
#5398 = VECTOR('',#5399,1.);
#5399 = DIRECTION('',(1.,0.,0.));
#5400 = PLANE('',#5401);
#5401 = AXIS2_PLACEMENT_3D('',#5402,#5403,#5404);
#5402 = CARTESIAN_POINT('',(-0.32,-17.54,-2.92));
#5403 = DIRECTION('',(-1.735167508357E-18,-0.707106781187,0.707106781187
    ));
#5404 = DIRECTION('',(-1.,1.226948711654E-18,-1.226948711654E-18));
#5405 = ADVANCED_FACE('',(#5406),#5417,.T.);
#5406 = FACE_BOUND('',#5407,.T.);
#5407 = EDGE_LOOP('',(#5408,#5409,#5410,#5411));
#5408 = ORIENTED_EDGE('',*,*,#5330,.F.);
#5409 = ORIENTED_EDGE('',*,*,#3874,.T.);
#5410 = ORIENTED_EDGE('',*,*,#5385,.T.);
#5411 = ORIENTED_EDGE('',*,*,#5412,.F.);
#5412 = EDGE_CURVE('',#5331,#5386,#5413,.T.);
#5413 = LINE('',#5414,#5415);
#5414 = CARTESIAN_POINT('',(-0.16,-18.1,-3.));
#5415 = VECTOR('',#5416,1.);
#5416 = DIRECTION('',(0.,1.,0.));
#5417 = PLANE('',#5418);
#5418 = AXIS2_PLACEMENT_3D('',#5419,#5420,#5421);
#5419 = CARTESIAN_POINT('',(-0.24,-18.1,-2.92));
#5420 = DIRECTION('',(-0.707106781187,-1.735167508357E-18,
    -0.707106781187));
#5421 = DIRECTION('',(-1.226948711654E-18,1.,-1.226948711654E-18));
#5422 = ADVANCED_FACE('',(#5423),#5448,.F.);
#5423 = FACE_BOUND('',#5424,.T.);
#5424 = EDGE_LOOP('',(#5425,#5433,#5434,#5442));
#5425 = ORIENTED_EDGE('',*,*,#5426,.F.);
#5426 = EDGE_CURVE('',#3899,#5427,#5429,.T.);
#5427 = VERTEX_POINT('',#5428);
#5428 = CARTESIAN_POINT('',(-0.16,-15.08,-3.));
#5429 = LINE('',#5430,#5431);
#5430 = CARTESIAN_POINT('',(-0.16,-15.08,-3.));
#5431 = VECTOR('',#5432,1.);
#5432 = DIRECTION('',(0.57735026919,-0.57735026919,-0.57735026919));
#5433 = ORIENTED_EDGE('',*,*,#3898,.T.);
#5434 = ORIENTED_EDGE('',*,*,#5435,.T.);
#5435 = EDGE_CURVE('',#3891,#5436,#5438,.T.);
#5436 = VERTEX_POINT('',#5437);
#5437 = CARTESIAN_POINT('',(0.16,-15.08,-3.));
#5438 = LINE('',#5439,#5440);
#5439 = CARTESIAN_POINT('',(5.333333333333E-02,-15.18666666666,
    -3.106666666667));
#5440 = VECTOR('',#5441,1.);
#5441 = DIRECTION('',(-0.57735026919,-0.57735026919,-0.57735026919));
#5442 = ORIENTED_EDGE('',*,*,#5443,.F.);
#5443 = EDGE_CURVE('',#5427,#5436,#5444,.T.);
#5444 = LINE('',#5445,#5446);
#5445 = CARTESIAN_POINT('',(-0.32,-15.08,-3.));
#5446 = VECTOR('',#5447,1.);
#5447 = DIRECTION('',(1.,0.,0.));
#5448 = PLANE('',#5449);
#5449 = AXIS2_PLACEMENT_3D('',#5450,#5451,#5452);
#5450 = CARTESIAN_POINT('',(-0.32,-15.,-2.92));
#5451 = DIRECTION('',(-1.735167508357E-18,-0.707106781187,0.707106781187
    ));
#5452 = DIRECTION('',(-1.,1.226948711654E-18,-1.226948711654E-18));
#5453 = ADVANCED_FACE('',(#5454),#5472,.T.);
#5454 = FACE_BOUND('',#5455,.T.);
#5455 = EDGE_LOOP('',(#5456,#5464,#5465,#5466));
#5456 = ORIENTED_EDGE('',*,*,#5457,.F.);
#5457 = EDGE_CURVE('',#3922,#5458,#5460,.T.);
#5458 = VERTEX_POINT('',#5459);
#5459 = CARTESIAN_POINT('',(-0.16,-15.4,-3.));
#5460 = LINE('',#5461,#5462);
#5461 = CARTESIAN_POINT('',(-0.266666666667,-15.50666666666,
    -2.893333333333));
#5462 = VECTOR('',#5463,1.);
#5463 = DIRECTION('',(0.57735026919,0.57735026919,-0.57735026919));
#5464 = ORIENTED_EDGE('',*,*,#3929,.T.);
#5465 = ORIENTED_EDGE('',*,*,#5426,.T.);
#5466 = ORIENTED_EDGE('',*,*,#5467,.F.);
#5467 = EDGE_CURVE('',#5458,#5427,#5468,.T.);
#5468 = LINE('',#5469,#5470);
#5469 = CARTESIAN_POINT('',(-0.16,-15.56,-3.));
#5470 = VECTOR('',#5471,1.);
#5471 = DIRECTION('',(0.,1.,0.));
#5472 = PLANE('',#5473);
#5473 = AXIS2_PLACEMENT_3D('',#5474,#5475,#5476);
#5474 = CARTESIAN_POINT('',(-0.24,-15.56,-2.92));
#5475 = DIRECTION('',(-0.707106781187,-1.735167508357E-18,
    -0.707106781187));
#5476 = DIRECTION('',(-1.226948711654E-18,1.,-1.226948711654E-18));
#5477 = ADVANCED_FACE('',(#5478),#5496,.T.);
#5478 = FACE_BOUND('',#5479,.F.);
#5479 = EDGE_LOOP('',(#5480,#5481,#5482,#5490));
#5480 = ORIENTED_EDGE('',*,*,#5457,.F.);
#5481 = ORIENTED_EDGE('',*,*,#3953,.T.);
#5482 = ORIENTED_EDGE('',*,*,#5483,.T.);
#5483 = EDGE_CURVE('',#3946,#5484,#5486,.T.);
#5484 = VERTEX_POINT('',#5485);
#5485 = CARTESIAN_POINT('',(0.16,-15.4,-3.));
#5486 = LINE('',#5487,#5488);
#5487 = CARTESIAN_POINT('',(0.16,-15.4,-3.));
#5488 = VECTOR('',#5489,1.);
#5489 = DIRECTION('',(-0.57735026919,0.57735026919,-0.57735026919));
#5490 = ORIENTED_EDGE('',*,*,#5491,.F.);
#5491 = EDGE_CURVE('',#5458,#5484,#5492,.T.);
#5492 = LINE('',#5493,#5494);
#5493 = CARTESIAN_POINT('',(-0.32,-15.4,-3.));
#5494 = VECTOR('',#5495,1.);
#5495 = DIRECTION('',(1.,0.,0.));
#5496 = PLANE('',#5497);
#5497 = AXIS2_PLACEMENT_3D('',#5498,#5499,#5500);
#5498 = CARTESIAN_POINT('',(-0.32,-15.48,-2.92));
#5499 = DIRECTION('',(1.735167508357E-18,-0.707106781187,-0.707106781187
    ));
#5500 = DIRECTION('',(-1.,-1.226948711654E-18,-1.226948711654E-18));
#5501 = ADVANCED_FACE('',(#5502),#5513,.F.);
#5502 = FACE_BOUND('',#5503,.F.);
#5503 = EDGE_LOOP('',(#5504,#5505,#5506,#5507));
#5504 = ORIENTED_EDGE('',*,*,#5483,.F.);
#5505 = ORIENTED_EDGE('',*,*,#3970,.T.);
#5506 = ORIENTED_EDGE('',*,*,#5435,.T.);
#5507 = ORIENTED_EDGE('',*,*,#5508,.F.);
#5508 = EDGE_CURVE('',#5484,#5436,#5509,.T.);
#5509 = LINE('',#5510,#5511);
#5510 = CARTESIAN_POINT('',(0.16,-15.56,-3.));
#5511 = VECTOR('',#5512,1.);
#5512 = DIRECTION('',(0.,1.,0.));
#5513 = PLANE('',#5514);
#5514 = AXIS2_PLACEMENT_3D('',#5515,#5516,#5517);
#5515 = CARTESIAN_POINT('',(0.24,-15.56,-2.92));
#5516 = DIRECTION('',(-0.707106781187,1.735167508357E-18,0.707106781187)
  );
#5517 = DIRECTION('',(1.226948711654E-18,1.,-1.226948711654E-18));
#5518 = ADVANCED_FACE('',(#5519),#5544,.F.);
#5519 = FACE_BOUND('',#5520,.F.);
#5520 = EDGE_LOOP('',(#5521,#5529,#5530,#5538));
#5521 = ORIENTED_EDGE('',*,*,#5522,.F.);
#5522 = EDGE_CURVE('',#3987,#5523,#5525,.T.);
#5523 = VERTEX_POINT('',#5524);
#5524 = CARTESIAN_POINT('',(0.16,-7.78,-3.));
#5525 = LINE('',#5526,#5527);
#5526 = CARTESIAN_POINT('',(0.16,-7.78,-3.));
#5527 = VECTOR('',#5528,1.);
#5528 = DIRECTION('',(-0.57735026919,0.57735026919,-0.57735026919));
#5529 = ORIENTED_EDGE('',*,*,#3994,.T.);
#5530 = ORIENTED_EDGE('',*,*,#5531,.T.);
#5531 = EDGE_CURVE('',#3995,#5532,#5534,.T.);
#5532 = VERTEX_POINT('',#5533);
#5533 = CARTESIAN_POINT('',(0.16,-7.46,-3.));
#5534 = LINE('',#5535,#5536);
#5535 = CARTESIAN_POINT('',(5.333333333333E-02,-7.566666666667,
    -3.106666666667));
#5536 = VECTOR('',#5537,1.);
#5537 = DIRECTION('',(-0.57735026919,-0.57735026919,-0.57735026919));
#5538 = ORIENTED_EDGE('',*,*,#5539,.F.);
#5539 = EDGE_CURVE('',#5523,#5532,#5540,.T.);
#5540 = LINE('',#5541,#5542);
#5541 = CARTESIAN_POINT('',(0.16,-7.94,-3.));
#5542 = VECTOR('',#5543,1.);
#5543 = DIRECTION('',(0.,1.,0.));
#5544 = PLANE('',#5545);
#5545 = AXIS2_PLACEMENT_3D('',#5546,#5547,#5548);
#5546 = CARTESIAN_POINT('',(0.24,-7.94,-2.92));
#5547 = DIRECTION('',(-0.707106781187,1.735167508357E-18,0.707106781187)
  );
#5548 = DIRECTION('',(1.226948711654E-18,1.,-1.226948711654E-18));
#5549 = ADVANCED_FACE('',(#5550),#5568,.F.);
#5550 = FACE_BOUND('',#5551,.T.);
#5551 = EDGE_LOOP('',(#5552,#5560,#5561,#5562));
#5552 = ORIENTED_EDGE('',*,*,#5553,.F.);
#5553 = EDGE_CURVE('',#4019,#5554,#5556,.T.);
#5554 = VERTEX_POINT('',#5555);
#5555 = CARTESIAN_POINT('',(-0.16,-7.46,-3.));
#5556 = LINE('',#5557,#5558);
#5557 = CARTESIAN_POINT('',(-0.16,-7.46,-3.));
#5558 = VECTOR('',#5559,1.);
#5559 = DIRECTION('',(0.57735026919,-0.57735026919,-0.57735026919));
#5560 = ORIENTED_EDGE('',*,*,#4018,.T.);
#5561 = ORIENTED_EDGE('',*,*,#5531,.T.);
#5562 = ORIENTED_EDGE('',*,*,#5563,.F.);
#5563 = EDGE_CURVE('',#5554,#5532,#5564,.T.);
#5564 = LINE('',#5565,#5566);
#5565 = CARTESIAN_POINT('',(-0.32,-7.46,-3.));
#5566 = VECTOR('',#5567,1.);
#5567 = DIRECTION('',(1.,0.,0.));
#5568 = PLANE('',#5569);
#5569 = AXIS2_PLACEMENT_3D('',#5570,#5571,#5572);
#5570 = CARTESIAN_POINT('',(-0.32,-7.38,-2.92));
#5571 = DIRECTION('',(-1.735167508357E-18,-0.707106781187,0.707106781187
    ));
#5572 = DIRECTION('',(-1.,1.226948711654E-18,-1.226948711654E-18));
#5573 = ADVANCED_FACE('',(#5574),#5592,.T.);
#5574 = FACE_BOUND('',#5575,.T.);
#5575 = EDGE_LOOP('',(#5576,#5584,#5585,#5586));
#5576 = ORIENTED_EDGE('',*,*,#5577,.F.);
#5577 = EDGE_CURVE('',#4042,#5578,#5580,.T.);
#5578 = VERTEX_POINT('',#5579);
#5579 = CARTESIAN_POINT('',(-0.16,-7.78,-3.));
#5580 = LINE('',#5581,#5582);
#5581 = CARTESIAN_POINT('',(-0.266666666667,-7.886666666667,
    -2.893333333333));
#5582 = VECTOR('',#5583,1.);
#5583 = DIRECTION('',(0.57735026919,0.57735026919,-0.57735026919));
#5584 = ORIENTED_EDGE('',*,*,#4049,.T.);
#5585 = ORIENTED_EDGE('',*,*,#5553,.T.);
#5586 = ORIENTED_EDGE('',*,*,#5587,.F.);
#5587 = EDGE_CURVE('',#5578,#5554,#5588,.T.);
#5588 = LINE('',#5589,#5590);
#5589 = CARTESIAN_POINT('',(-0.16,-7.94,-3.));
#5590 = VECTOR('',#5591,1.);
#5591 = DIRECTION('',(0.,1.,0.));
#5592 = PLANE('',#5593);
#5593 = AXIS2_PLACEMENT_3D('',#5594,#5595,#5596);
#5594 = CARTESIAN_POINT('',(-0.24,-7.94,-2.92));
#5595 = DIRECTION('',(-0.707106781187,-1.735167508357E-18,
    -0.707106781187));
#5596 = DIRECTION('',(-1.226948711654E-18,1.,-1.226948711654E-18));
#5597 = ADVANCED_FACE('',(#5598),#5609,.T.);
#5598 = FACE_BOUND('',#5599,.F.);
#5599 = EDGE_LOOP('',(#5600,#5601,#5602,#5603));
#5600 = ORIENTED_EDGE('',*,*,#5577,.F.);
#5601 = ORIENTED_EDGE('',*,*,#4066,.T.);
#5602 = ORIENTED_EDGE('',*,*,#5522,.T.);
#5603 = ORIENTED_EDGE('',*,*,#5604,.F.);
#5604 = EDGE_CURVE('',#5578,#5523,#5605,.T.);
#5605 = LINE('',#5606,#5607);
#5606 = CARTESIAN_POINT('',(-0.32,-7.78,-3.));
#5607 = VECTOR('',#5608,1.);
#5608 = DIRECTION('',(1.,0.,0.));
#5609 = PLANE('',#5610);
#5610 = AXIS2_PLACEMENT_3D('',#5611,#5612,#5613);
#5611 = CARTESIAN_POINT('',(-0.32,-7.86,-2.92));
#5612 = DIRECTION('',(1.735167508357E-18,-0.707106781187,-0.707106781187
    ));
#5613 = DIRECTION('',(-1.,-1.226948711654E-18,-1.226948711654E-18));
#5614 = ADVANCED_FACE('',(#5615),#5640,.F.);
#5615 = FACE_BOUND('',#5616,.T.);
#5616 = EDGE_LOOP('',(#5617,#5625,#5626,#5634));
#5617 = ORIENTED_EDGE('',*,*,#5618,.F.);
#5618 = EDGE_CURVE('',#4091,#5619,#5621,.T.);
#5619 = VERTEX_POINT('',#5620);
#5620 = CARTESIAN_POINT('',(-0.16,-12.54,-3.));
#5621 = LINE('',#5622,#5623);
#5622 = CARTESIAN_POINT('',(-0.16,-12.54,-3.));
#5623 = VECTOR('',#5624,1.);
#5624 = DIRECTION('',(0.57735026919,-0.57735026919,-0.57735026919));
#5625 = ORIENTED_EDGE('',*,*,#4090,.T.);
#5626 = ORIENTED_EDGE('',*,*,#5627,.T.);
#5627 = EDGE_CURVE('',#4083,#5628,#5630,.T.);
#5628 = VERTEX_POINT('',#5629);
#5629 = CARTESIAN_POINT('',(0.16,-12.54,-3.));
#5630 = LINE('',#5631,#5632);
#5631 = CARTESIAN_POINT('',(5.333333333333E-02,-12.64666666666,
    -3.106666666667));
#5632 = VECTOR('',#5633,1.);
#5633 = DIRECTION('',(-0.57735026919,-0.57735026919,-0.57735026919));
#5634 = ORIENTED_EDGE('',*,*,#5635,.F.);
#5635 = EDGE_CURVE('',#5619,#5628,#5636,.T.);
#5636 = LINE('',#5637,#5638);
#5637 = CARTESIAN_POINT('',(-0.32,-12.54,-3.));
#5638 = VECTOR('',#5639,1.);
#5639 = DIRECTION('',(1.,0.,0.));
#5640 = PLANE('',#5641);
#5641 = AXIS2_PLACEMENT_3D('',#5642,#5643,#5644);
#5642 = CARTESIAN_POINT('',(-0.32,-12.46,-2.92));
#5643 = DIRECTION('',(-1.735167508357E-18,-0.707106781187,0.707106781187
    ));
#5644 = DIRECTION('',(-1.,1.226948711654E-18,-1.226948711654E-18));
#5645 = ADVANCED_FACE('',(#5646),#5664,.T.);
#5646 = FACE_BOUND('',#5647,.T.);
#5647 = EDGE_LOOP('',(#5648,#5656,#5657,#5658));
#5648 = ORIENTED_EDGE('',*,*,#5649,.F.);
#5649 = EDGE_CURVE('',#4114,#5650,#5652,.T.);
#5650 = VERTEX_POINT('',#5651);
#5651 = CARTESIAN_POINT('',(-0.16,-12.86,-3.));
#5652 = LINE('',#5653,#5654);
#5653 = CARTESIAN_POINT('',(-0.266666666667,-12.96666666666,
    -2.893333333333));
#5654 = VECTOR('',#5655,1.);
#5655 = DIRECTION('',(0.57735026919,0.57735026919,-0.57735026919));
#5656 = ORIENTED_EDGE('',*,*,#4121,.T.);
#5657 = ORIENTED_EDGE('',*,*,#5618,.T.);
#5658 = ORIENTED_EDGE('',*,*,#5659,.F.);
#5659 = EDGE_CURVE('',#5650,#5619,#5660,.T.);
#5660 = LINE('',#5661,#5662);
#5661 = CARTESIAN_POINT('',(-0.16,-13.02,-3.));
#5662 = VECTOR('',#5663,1.);
#5663 = DIRECTION('',(0.,1.,0.));
#5664 = PLANE('',#5665);
#5665 = AXIS2_PLACEMENT_3D('',#5666,#5667,#5668);
#5666 = CARTESIAN_POINT('',(-0.24,-13.02,-2.92));
#5667 = DIRECTION('',(-0.707106781187,-1.735167508357E-18,
    -0.707106781187));
#5668 = DIRECTION('',(-1.226948711654E-18,1.,-1.226948711654E-18));
#5669 = ADVANCED_FACE('',(#5670),#5688,.T.);
#5670 = FACE_BOUND('',#5671,.F.);
#5671 = EDGE_LOOP('',(#5672,#5673,#5674,#5682));
#5672 = ORIENTED_EDGE('',*,*,#5649,.F.);
#5673 = ORIENTED_EDGE('',*,*,#4145,.T.);
#5674 = ORIENTED_EDGE('',*,*,#5675,.T.);
#5675 = EDGE_CURVE('',#4138,#5676,#5678,.T.);
#5676 = VERTEX_POINT('',#5677);
#5677 = CARTESIAN_POINT('',(0.16,-12.86,-3.));
#5678 = LINE('',#5679,#5680);
#5679 = CARTESIAN_POINT('',(0.16,-12.86,-3.));
#5680 = VECTOR('',#5681,1.);
#5681 = DIRECTION('',(-0.57735026919,0.57735026919,-0.57735026919));
#5682 = ORIENTED_EDGE('',*,*,#5683,.F.);
#5683 = EDGE_CURVE('',#5650,#5676,#5684,.T.);
#5684 = LINE('',#5685,#5686);
#5685 = CARTESIAN_POINT('',(-0.32,-12.86,-3.));
#5686 = VECTOR('',#5687,1.);
#5687 = DIRECTION('',(1.,0.,0.));
#5688 = PLANE('',#5689);
#5689 = AXIS2_PLACEMENT_3D('',#5690,#5691,#5692);
#5690 = CARTESIAN_POINT('',(-0.32,-12.94,-2.92));
#5691 = DIRECTION('',(1.735167508357E-18,-0.707106781187,-0.707106781187
    ));
#5692 = DIRECTION('',(-1.,-1.226948711654E-18,-1.226948711654E-18));
#5693 = ADVANCED_FACE('',(#5694),#5705,.F.);
#5694 = FACE_BOUND('',#5695,.F.);
#5695 = EDGE_LOOP('',(#5696,#5697,#5698,#5699));
#5696 = ORIENTED_EDGE('',*,*,#5675,.F.);
#5697 = ORIENTED_EDGE('',*,*,#4162,.T.);
#5698 = ORIENTED_EDGE('',*,*,#5627,.T.);
#5699 = ORIENTED_EDGE('',*,*,#5700,.F.);
#5700 = EDGE_CURVE('',#5676,#5628,#5701,.T.);
#5701 = LINE('',#5702,#5703);
#5702 = CARTESIAN_POINT('',(0.16,-13.02,-3.));
#5703 = VECTOR('',#5704,1.);
#5704 = DIRECTION('',(0.,1.,0.));
#5705 = PLANE('',#5706);
#5706 = AXIS2_PLACEMENT_3D('',#5707,#5708,#5709);
#5707 = CARTESIAN_POINT('',(0.24,-13.02,-2.92));
#5708 = DIRECTION('',(-0.707106781187,1.735167508357E-18,0.707106781187)
  );
#5709 = DIRECTION('',(1.226948711654E-18,1.,-1.226948711654E-18));
#5710 = ADVANCED_FACE('',(#5711),#5736,.F.);
#5711 = FACE_BOUND('',#5712,.F.);
#5712 = EDGE_LOOP('',(#5713,#5721,#5722,#5730));
#5713 = ORIENTED_EDGE('',*,*,#5714,.F.);
#5714 = EDGE_CURVE('',#4179,#5715,#5717,.T.);
#5715 = VERTEX_POINT('',#5716);
#5716 = CARTESIAN_POINT('',(0.16,-10.32,-3.));
#5717 = LINE('',#5718,#5719);
#5718 = CARTESIAN_POINT('',(0.16,-10.32,-3.));
#5719 = VECTOR('',#5720,1.);
#5720 = DIRECTION('',(-0.57735026919,0.57735026919,-0.57735026919));
#5721 = ORIENTED_EDGE('',*,*,#4186,.T.);
#5722 = ORIENTED_EDGE('',*,*,#5723,.T.);
#5723 = EDGE_CURVE('',#4187,#5724,#5726,.T.);
#5724 = VERTEX_POINT('',#5725);
#5725 = CARTESIAN_POINT('',(0.16,-10.,-3.));
#5726 = LINE('',#5727,#5728);
#5727 = CARTESIAN_POINT('',(5.333333333333E-02,-10.10666666666,
    -3.106666666667));
#5728 = VECTOR('',#5729,1.);
#5729 = DIRECTION('',(-0.57735026919,-0.57735026919,-0.57735026919));
#5730 = ORIENTED_EDGE('',*,*,#5731,.F.);
#5731 = EDGE_CURVE('',#5715,#5724,#5732,.T.);
#5732 = LINE('',#5733,#5734);
#5733 = CARTESIAN_POINT('',(0.16,-10.48,-3.));
#5734 = VECTOR('',#5735,1.);
#5735 = DIRECTION('',(0.,1.,0.));
#5736 = PLANE('',#5737);
#5737 = AXIS2_PLACEMENT_3D('',#5738,#5739,#5740);
#5738 = CARTESIAN_POINT('',(0.24,-10.48,-2.92));
#5739 = DIRECTION('',(-0.707106781187,1.735167508357E-18,0.707106781187)
  );
#5740 = DIRECTION('',(1.226948711654E-18,1.,-1.226948711654E-18));
#5741 = ADVANCED_FACE('',(#5742),#5760,.F.);
#5742 = FACE_BOUND('',#5743,.T.);
#5743 = EDGE_LOOP('',(#5744,#5752,#5753,#5754));
#5744 = ORIENTED_EDGE('',*,*,#5745,.F.);
#5745 = EDGE_CURVE('',#4211,#5746,#5748,.T.);
#5746 = VERTEX_POINT('',#5747);
#5747 = CARTESIAN_POINT('',(-0.16,-10.,-3.));
#5748 = LINE('',#5749,#5750);
#5749 = CARTESIAN_POINT('',(-0.16,-10.,-3.));
#5750 = VECTOR('',#5751,1.);
#5751 = DIRECTION('',(0.57735026919,-0.57735026919,-0.57735026919));
#5752 = ORIENTED_EDGE('',*,*,#4210,.T.);
#5753 = ORIENTED_EDGE('',*,*,#5723,.T.);
#5754 = ORIENTED_EDGE('',*,*,#5755,.F.);
#5755 = EDGE_CURVE('',#5746,#5724,#5756,.T.);
#5756 = LINE('',#5757,#5758);
#5757 = CARTESIAN_POINT('',(-0.32,-10.,-3.));
#5758 = VECTOR('',#5759,1.);
#5759 = DIRECTION('',(1.,0.,0.));
#5760 = PLANE('',#5761);
#5761 = AXIS2_PLACEMENT_3D('',#5762,#5763,#5764);
#5762 = CARTESIAN_POINT('',(-0.32,-9.92,-2.92));
#5763 = DIRECTION('',(-1.735167508357E-18,-0.707106781187,0.707106781187
    ));
#5764 = DIRECTION('',(-1.,1.226948711654E-18,-1.226948711654E-18));
#5765 = ADVANCED_FACE('',(#5766),#5784,.T.);
#5766 = FACE_BOUND('',#5767,.T.);
#5767 = EDGE_LOOP('',(#5768,#5776,#5777,#5778));
#5768 = ORIENTED_EDGE('',*,*,#5769,.F.);
#5769 = EDGE_CURVE('',#4234,#5770,#5772,.T.);
#5770 = VERTEX_POINT('',#5771);
#5771 = CARTESIAN_POINT('',(-0.16,-10.32,-3.));
#5772 = LINE('',#5773,#5774);
#5773 = CARTESIAN_POINT('',(-0.266666666667,-10.42666666666,
    -2.893333333333));
#5774 = VECTOR('',#5775,1.);
#5775 = DIRECTION('',(0.57735026919,0.57735026919,-0.57735026919));
#5776 = ORIENTED_EDGE('',*,*,#4241,.T.);
#5777 = ORIENTED_EDGE('',*,*,#5745,.T.);
#5778 = ORIENTED_EDGE('',*,*,#5779,.F.);
#5779 = EDGE_CURVE('',#5770,#5746,#5780,.T.);
#5780 = LINE('',#5781,#5782);
#5781 = CARTESIAN_POINT('',(-0.16,-10.48,-3.));
#5782 = VECTOR('',#5783,1.);
#5783 = DIRECTION('',(0.,1.,0.));
#5784 = PLANE('',#5785);
#5785 = AXIS2_PLACEMENT_3D('',#5786,#5787,#5788);
#5786 = CARTESIAN_POINT('',(-0.24,-10.48,-2.92));
#5787 = DIRECTION('',(-0.707106781187,-1.735167508357E-18,
    -0.707106781187));
#5788 = DIRECTION('',(-1.226948711654E-18,1.,-1.226948711654E-18));
#5789 = ADVANCED_FACE('',(#5790),#5801,.T.);
#5790 = FACE_BOUND('',#5791,.F.);
#5791 = EDGE_LOOP('',(#5792,#5793,#5794,#5795));
#5792 = ORIENTED_EDGE('',*,*,#5769,.F.);
#5793 = ORIENTED_EDGE('',*,*,#4258,.T.);
#5794 = ORIENTED_EDGE('',*,*,#5714,.T.);
#5795 = ORIENTED_EDGE('',*,*,#5796,.F.);
#5796 = EDGE_CURVE('',#5770,#5715,#5797,.T.);
#5797 = LINE('',#5798,#5799);
#5798 = CARTESIAN_POINT('',(-0.32,-10.32,-3.));
#5799 = VECTOR('',#5800,1.);
#5800 = DIRECTION('',(1.,0.,0.));
#5801 = PLANE('',#5802);
#5802 = AXIS2_PLACEMENT_3D('',#5803,#5804,#5805);
#5803 = CARTESIAN_POINT('',(-0.32,-10.4,-2.92));
#5804 = DIRECTION('',(1.735167508357E-18,-0.707106781187,-0.707106781187
    ));
#5805 = DIRECTION('',(-1.,-1.226948711654E-18,-1.226948711654E-18));
#5806 = ADVANCED_FACE('',(#5807),#5832,.F.);
#5807 = FACE_BOUND('',#5808,.T.);
#5808 = EDGE_LOOP('',(#5809,#5817,#5818,#5826));
#5809 = ORIENTED_EDGE('',*,*,#5810,.F.);
#5810 = EDGE_CURVE('',#4283,#5811,#5813,.T.);
#5811 = VERTEX_POINT('',#5812);
#5812 = CARTESIAN_POINT('',(-0.16,-2.38,-3.));
#5813 = LINE('',#5814,#5815);
#5814 = CARTESIAN_POINT('',(-0.16,-2.38,-3.));
#5815 = VECTOR('',#5816,1.);
#5816 = DIRECTION('',(0.57735026919,-0.57735026919,-0.57735026919));
#5817 = ORIENTED_EDGE('',*,*,#4282,.T.);
#5818 = ORIENTED_EDGE('',*,*,#5819,.T.);
#5819 = EDGE_CURVE('',#4275,#5820,#5822,.T.);
#5820 = VERTEX_POINT('',#5821);
#5821 = CARTESIAN_POINT('',(0.16,-2.38,-3.));
#5822 = LINE('',#5823,#5824);
#5823 = CARTESIAN_POINT('',(5.333333333333E-02,-2.486666666667,
    -3.106666666667));
#5824 = VECTOR('',#5825,1.);
#5825 = DIRECTION('',(-0.57735026919,-0.57735026919,-0.57735026919));
#5826 = ORIENTED_EDGE('',*,*,#5827,.F.);
#5827 = EDGE_CURVE('',#5811,#5820,#5828,.T.);
#5828 = LINE('',#5829,#5830);
#5829 = CARTESIAN_POINT('',(-0.32,-2.38,-3.));
#5830 = VECTOR('',#5831,1.);
#5831 = DIRECTION('',(1.,0.,0.));
#5832 = PLANE('',#5833);
#5833 = AXIS2_PLACEMENT_3D('',#5834,#5835,#5836);
#5834 = CARTESIAN_POINT('',(-0.32,-2.3,-2.92));
#5835 = DIRECTION('',(-1.735167508357E-18,-0.707106781187,0.707106781187
    ));
#5836 = DIRECTION('',(-1.,1.226948711654E-18,-1.226948711654E-18));
#5837 = ADVANCED_FACE('',(#5838),#5856,.T.);
#5838 = FACE_BOUND('',#5839,.T.);
#5839 = EDGE_LOOP('',(#5840,#5848,#5849,#5850));
#5840 = ORIENTED_EDGE('',*,*,#5841,.F.);
#5841 = EDGE_CURVE('',#4306,#5842,#5844,.T.);
#5842 = VERTEX_POINT('',#5843);
#5843 = CARTESIAN_POINT('',(-0.16,-2.7,-3.));
#5844 = LINE('',#5845,#5846);
#5845 = CARTESIAN_POINT('',(-0.266666666667,-2.806666666667,
    -2.893333333333));
#5846 = VECTOR('',#5847,1.);
#5847 = DIRECTION('',(0.57735026919,0.57735026919,-0.57735026919));
#5848 = ORIENTED_EDGE('',*,*,#4313,.T.);
#5849 = ORIENTED_EDGE('',*,*,#5810,.T.);
#5850 = ORIENTED_EDGE('',*,*,#5851,.F.);
#5851 = EDGE_CURVE('',#5842,#5811,#5852,.T.);
#5852 = LINE('',#5853,#5854);
#5853 = CARTESIAN_POINT('',(-0.16,-2.86,-3.));
#5854 = VECTOR('',#5855,1.);
#5855 = DIRECTION('',(0.,1.,0.));
#5856 = PLANE('',#5857);
#5857 = AXIS2_PLACEMENT_3D('',#5858,#5859,#5860);
#5858 = CARTESIAN_POINT('',(-0.24,-2.86,-2.92));
#5859 = DIRECTION('',(-0.707106781187,-1.735167508357E-18,
    -0.707106781187));
#5860 = DIRECTION('',(-1.226948711654E-18,1.,-1.226948711654E-18));
#5861 = ADVANCED_FACE('',(#5862),#5880,.T.);
#5862 = FACE_BOUND('',#5863,.F.);
#5863 = EDGE_LOOP('',(#5864,#5865,#5866,#5874));
#5864 = ORIENTED_EDGE('',*,*,#5841,.F.);
#5865 = ORIENTED_EDGE('',*,*,#4337,.T.);
#5866 = ORIENTED_EDGE('',*,*,#5867,.T.);
#5867 = EDGE_CURVE('',#4330,#5868,#5870,.T.);
#5868 = VERTEX_POINT('',#5869);
#5869 = CARTESIAN_POINT('',(0.16,-2.7,-3.));
#5870 = LINE('',#5871,#5872);
#5871 = CARTESIAN_POINT('',(0.16,-2.7,-3.));
#5872 = VECTOR('',#5873,1.);
#5873 = DIRECTION('',(-0.57735026919,0.57735026919,-0.57735026919));
#5874 = ORIENTED_EDGE('',*,*,#5875,.F.);
#5875 = EDGE_CURVE('',#5842,#5868,#5876,.T.);
#5876 = LINE('',#5877,#5878);
#5877 = CARTESIAN_POINT('',(-0.32,-2.7,-3.));
#5878 = VECTOR('',#5879,1.);
#5879 = DIRECTION('',(1.,0.,0.));
#5880 = PLANE('',#5881);
#5881 = AXIS2_PLACEMENT_3D('',#5882,#5883,#5884);
#5882 = CARTESIAN_POINT('',(-0.32,-2.78,-2.92));
#5883 = DIRECTION('',(1.735167508357E-18,-0.707106781187,-0.707106781187
    ));
#5884 = DIRECTION('',(-1.,-1.226948711654E-18,-1.226948711654E-18));
#5885 = ADVANCED_FACE('',(#5886),#5897,.F.);
#5886 = FACE_BOUND('',#5887,.F.);
#5887 = EDGE_LOOP('',(#5888,#5889,#5890,#5891));
#5888 = ORIENTED_EDGE('',*,*,#5867,.F.);
#5889 = ORIENTED_EDGE('',*,*,#4354,.T.);
#5890 = ORIENTED_EDGE('',*,*,#5819,.T.);
#5891 = ORIENTED_EDGE('',*,*,#5892,.F.);
#5892 = EDGE_CURVE('',#5868,#5820,#5893,.T.);
#5893 = LINE('',#5894,#5895);
#5894 = CARTESIAN_POINT('',(0.16,-2.86,-3.));
#5895 = VECTOR('',#5896,1.);
#5896 = DIRECTION('',(0.,1.,0.));
#5897 = PLANE('',#5898);
#5898 = AXIS2_PLACEMENT_3D('',#5899,#5900,#5901);
#5899 = CARTESIAN_POINT('',(0.24,-2.86,-2.92));
#5900 = DIRECTION('',(-0.707106781187,1.735167508357E-18,0.707106781187)
  );
#5901 = DIRECTION('',(1.226948711654E-18,1.,-1.226948711654E-18));
#5902 = ADVANCED_FACE('',(#5903),#5928,.T.);
#5903 = FACE_BOUND('',#5904,.F.);
#5904 = EDGE_LOOP('',(#5905,#5913,#5914,#5922));
#5905 = ORIENTED_EDGE('',*,*,#5906,.F.);
#5906 = EDGE_CURVE('',#4379,#5907,#5909,.T.);
#5907 = VERTEX_POINT('',#5908);
#5908 = CARTESIAN_POINT('',(-0.16,-5.24,-3.));
#5909 = LINE('',#5910,#5911);
#5910 = CARTESIAN_POINT('',(-0.266666666667,-5.346666666667,
    -2.893333333333));
#5911 = VECTOR('',#5912,1.);
#5912 = DIRECTION('',(0.57735026919,0.57735026919,-0.57735026919));
#5913 = ORIENTED_EDGE('',*,*,#4378,.T.);
#5914 = ORIENTED_EDGE('',*,*,#5915,.T.);
#5915 = EDGE_CURVE('',#4371,#5916,#5918,.T.);
#5916 = VERTEX_POINT('',#5917);
#5917 = CARTESIAN_POINT('',(0.16,-5.24,-3.));
#5918 = LINE('',#5919,#5920);
#5919 = CARTESIAN_POINT('',(0.16,-5.24,-3.));
#5920 = VECTOR('',#5921,1.);
#5921 = DIRECTION('',(-0.57735026919,0.57735026919,-0.57735026919));
#5922 = ORIENTED_EDGE('',*,*,#5923,.F.);
#5923 = EDGE_CURVE('',#5907,#5916,#5924,.T.);
#5924 = LINE('',#5925,#5926);
#5925 = CARTESIAN_POINT('',(-0.32,-5.24,-3.));
#5926 = VECTOR('',#5927,1.);
#5927 = DIRECTION('',(1.,0.,0.));
#5928 = PLANE('',#5929);
#5929 = AXIS2_PLACEMENT_3D('',#5930,#5931,#5932);
#5930 = CARTESIAN_POINT('',(-0.32,-5.32,-2.92));
#5931 = DIRECTION('',(1.735167508357E-18,-0.707106781187,-0.707106781187
    ));
#5932 = DIRECTION('',(-1.,-1.226948711654E-18,-1.226948711654E-18));
#5933 = ADVANCED_FACE('',(#5934),#5952,.F.);
#5934 = FACE_BOUND('',#5935,.F.);
#5935 = EDGE_LOOP('',(#5936,#5937,#5938,#5946));
#5936 = ORIENTED_EDGE('',*,*,#5915,.F.);
#5937 = ORIENTED_EDGE('',*,*,#4402,.T.);
#5938 = ORIENTED_EDGE('',*,*,#5939,.T.);
#5939 = EDGE_CURVE('',#4403,#5940,#5942,.T.);
#5940 = VERTEX_POINT('',#5941);
#5941 = CARTESIAN_POINT('',(0.16,-4.92,-3.));
#5942 = LINE('',#5943,#5944);
#5943 = CARTESIAN_POINT('',(5.333333333333E-02,-5.026666666667,
    -3.106666666667));
#5944 = VECTOR('',#5945,1.);
#5945 = DIRECTION('',(-0.57735026919,-0.57735026919,-0.57735026919));
#5946 = ORIENTED_EDGE('',*,*,#5947,.F.);
#5947 = EDGE_CURVE('',#5916,#5940,#5948,.T.);
#5948 = LINE('',#5949,#5950);
#5949 = CARTESIAN_POINT('',(0.16,-5.4,-3.));
#5950 = VECTOR('',#5951,1.);
#5951 = DIRECTION('',(0.,1.,0.));
#5952 = PLANE('',#5953);
#5953 = AXIS2_PLACEMENT_3D('',#5954,#5955,#5956);
#5954 = CARTESIAN_POINT('',(0.24,-5.4,-2.92));
#5955 = DIRECTION('',(-0.707106781187,1.735167508357E-18,0.707106781187)
  );
#5956 = DIRECTION('',(1.226948711654E-18,1.,-1.226948711654E-18));
#5957 = ADVANCED_FACE('',(#5958),#5976,.F.);
#5958 = FACE_BOUND('',#5959,.T.);
#5959 = EDGE_LOOP('',(#5960,#5968,#5969,#5970));
#5960 = ORIENTED_EDGE('',*,*,#5961,.F.);
#5961 = EDGE_CURVE('',#4427,#5962,#5964,.T.);
#5962 = VERTEX_POINT('',#5963);
#5963 = CARTESIAN_POINT('',(-0.16,-4.92,-3.));
#5964 = LINE('',#5965,#5966);
#5965 = CARTESIAN_POINT('',(-0.16,-4.92,-3.));
#5966 = VECTOR('',#5967,1.);
#5967 = DIRECTION('',(0.57735026919,-0.57735026919,-0.57735026919));
#5968 = ORIENTED_EDGE('',*,*,#4426,.T.);
#5969 = ORIENTED_EDGE('',*,*,#5939,.T.);
#5970 = ORIENTED_EDGE('',*,*,#5971,.F.);
#5971 = EDGE_CURVE('',#5962,#5940,#5972,.T.);
#5972 = LINE('',#5973,#5974);
#5973 = CARTESIAN_POINT('',(-0.32,-4.92,-3.));
#5974 = VECTOR('',#5975,1.);
#5975 = DIRECTION('',(1.,0.,0.));
#5976 = PLANE('',#5977);
#5977 = AXIS2_PLACEMENT_3D('',#5978,#5979,#5980);
#5978 = CARTESIAN_POINT('',(-0.32,-4.84,-2.92));
#5979 = DIRECTION('',(-1.735167508357E-18,-0.707106781187,0.707106781187
    ));
#5980 = DIRECTION('',(-1.,1.226948711654E-18,-1.226948711654E-18));
#5981 = ADVANCED_FACE('',(#5982),#5993,.T.);
#5982 = FACE_BOUND('',#5983,.T.);
#5983 = EDGE_LOOP('',(#5984,#5985,#5986,#5987));
#5984 = ORIENTED_EDGE('',*,*,#5906,.F.);
#5985 = ORIENTED_EDGE('',*,*,#4450,.T.);
#5986 = ORIENTED_EDGE('',*,*,#5961,.T.);
#5987 = ORIENTED_EDGE('',*,*,#5988,.F.);
#5988 = EDGE_CURVE('',#5907,#5962,#5989,.T.);
#5989 = LINE('',#5990,#5991);
#5990 = CARTESIAN_POINT('',(-0.16,-5.4,-3.));
#5991 = VECTOR('',#5992,1.);
#5992 = DIRECTION('',(0.,1.,0.));
#5993 = PLANE('',#5994);
#5994 = AXIS2_PLACEMENT_3D('',#5995,#5996,#5997);
#5995 = CARTESIAN_POINT('',(-0.24,-5.4,-2.92));
#5996 = DIRECTION('',(-0.707106781187,-1.735167508357E-18,
    -0.707106781187));
#5997 = DIRECTION('',(-1.226948711654E-18,1.,-1.226948711654E-18));
#5998 = ADVANCED_FACE('',(#5999),#6024,.F.);
#5999 = FACE_BOUND('',#6000,.F.);
#6000 = EDGE_LOOP('',(#6001,#6009,#6010,#6018));
#6001 = ORIENTED_EDGE('',*,*,#6002,.F.);
#6002 = EDGE_CURVE('',#4467,#6003,#6005,.T.);
#6003 = VERTEX_POINT('',#6004);
#6004 = CARTESIAN_POINT('',(0.16,-0.16,-3.));
#6005 = LINE('',#6006,#6007);
#6006 = CARTESIAN_POINT('',(0.16,-0.16,-3.));
#6007 = VECTOR('',#6008,1.);
#6008 = DIRECTION('',(-0.57735026919,0.57735026919,-0.57735026919));
#6009 = ORIENTED_EDGE('',*,*,#4474,.T.);
#6010 = ORIENTED_EDGE('',*,*,#6011,.T.);
#6011 = EDGE_CURVE('',#4475,#6012,#6014,.T.);
#6012 = VERTEX_POINT('',#6013);
#6013 = CARTESIAN_POINT('',(0.16,0.16,-3.));
#6014 = LINE('',#6015,#6016);
#6015 = CARTESIAN_POINT('',(5.333333333333E-02,5.333333333333E-02,
    -3.106666666667));
#6016 = VECTOR('',#6017,1.);
#6017 = DIRECTION('',(-0.57735026919,-0.57735026919,-0.57735026919));
#6018 = ORIENTED_EDGE('',*,*,#6019,.F.);
#6019 = EDGE_CURVE('',#6003,#6012,#6020,.T.);
#6020 = LINE('',#6021,#6022);
#6021 = CARTESIAN_POINT('',(0.16,-0.32,-3.));
#6022 = VECTOR('',#6023,1.);
#6023 = DIRECTION('',(0.,1.,0.));
#6024 = PLANE('',#6025);
#6025 = AXIS2_PLACEMENT_3D('',#6026,#6027,#6028);
#6026 = CARTESIAN_POINT('',(0.24,-0.32,-2.92));
#6027 = DIRECTION('',(-0.707106781187,1.735167508357E-18,0.707106781187)
  );
#6028 = DIRECTION('',(1.226948711654E-18,1.,-1.226948711654E-18));
#6029 = ADVANCED_FACE('',(#6030),#6048,.F.);
#6030 = FACE_BOUND('',#6031,.T.);
#6031 = EDGE_LOOP('',(#6032,#6040,#6041,#6042));
#6032 = ORIENTED_EDGE('',*,*,#6033,.F.);
#6033 = EDGE_CURVE('',#4499,#6034,#6036,.T.);
#6034 = VERTEX_POINT('',#6035);
#6035 = CARTESIAN_POINT('',(-0.16,0.16,-3.));
#6036 = LINE('',#6037,#6038);
#6037 = CARTESIAN_POINT('',(-0.16,0.16,-3.));
#6038 = VECTOR('',#6039,1.);
#6039 = DIRECTION('',(0.57735026919,-0.57735026919,-0.57735026919));
#6040 = ORIENTED_EDGE('',*,*,#4498,.T.);
#6041 = ORIENTED_EDGE('',*,*,#6011,.T.);
#6042 = ORIENTED_EDGE('',*,*,#6043,.F.);
#6043 = EDGE_CURVE('',#6034,#6012,#6044,.T.);
#6044 = LINE('',#6045,#6046);
#6045 = CARTESIAN_POINT('',(-0.32,0.16,-3.));
#6046 = VECTOR('',#6047,1.);
#6047 = DIRECTION('',(1.,0.,0.));
#6048 = PLANE('',#6049);
#6049 = AXIS2_PLACEMENT_3D('',#6050,#6051,#6052);
#6050 = CARTESIAN_POINT('',(-0.32,0.24,-2.92));
#6051 = DIRECTION('',(-1.735167508357E-18,-0.707106781187,0.707106781187
    ));
#6052 = DIRECTION('',(-1.,1.226948711654E-18,-1.226948711654E-18));
#6053 = ADVANCED_FACE('',(#6054),#6072,.T.);
#6054 = FACE_BOUND('',#6055,.T.);
#6055 = EDGE_LOOP('',(#6056,#6064,#6065,#6066));
#6056 = ORIENTED_EDGE('',*,*,#6057,.F.);
#6057 = EDGE_CURVE('',#4522,#6058,#6060,.T.);
#6058 = VERTEX_POINT('',#6059);
#6059 = CARTESIAN_POINT('',(-0.16,-0.16,-3.));
#6060 = LINE('',#6061,#6062);
#6061 = CARTESIAN_POINT('',(-0.266666666667,-0.266666666667,
    -2.893333333333));
#6062 = VECTOR('',#6063,1.);
#6063 = DIRECTION('',(0.57735026919,0.57735026919,-0.57735026919));
#6064 = ORIENTED_EDGE('',*,*,#4529,.T.);
#6065 = ORIENTED_EDGE('',*,*,#6033,.T.);
#6066 = ORIENTED_EDGE('',*,*,#6067,.F.);
#6067 = EDGE_CURVE('',#6058,#6034,#6068,.T.);
#6068 = LINE('',#6069,#6070);
#6069 = CARTESIAN_POINT('',(-0.16,-0.32,-3.));
#6070 = VECTOR('',#6071,1.);
#6071 = DIRECTION('',(0.,1.,0.));
#6072 = PLANE('',#6073);
#6073 = AXIS2_PLACEMENT_3D('',#6074,#6075,#6076);
#6074 = CARTESIAN_POINT('',(-0.24,-0.32,-2.92));
#6075 = DIRECTION('',(-0.707106781187,-1.735167508357E-18,
    -0.707106781187));
#6076 = DIRECTION('',(-1.226948711654E-18,1.,-1.226948711654E-18));
#6077 = ADVANCED_FACE('',(#6078),#6089,.T.);
#6078 = FACE_BOUND('',#6079,.F.);
#6079 = EDGE_LOOP('',(#6080,#6081,#6082,#6083));
#6080 = ORIENTED_EDGE('',*,*,#6057,.F.);
#6081 = ORIENTED_EDGE('',*,*,#4546,.T.);
#6082 = ORIENTED_EDGE('',*,*,#6002,.T.);
#6083 = ORIENTED_EDGE('',*,*,#6084,.F.);
#6084 = EDGE_CURVE('',#6058,#6003,#6085,.T.);
#6085 = LINE('',#6086,#6087);
#6086 = CARTESIAN_POINT('',(-0.32,-0.16,-3.));
#6087 = VECTOR('',#6088,1.);
#6088 = DIRECTION('',(1.,0.,0.));
#6089 = PLANE('',#6090);
#6090 = AXIS2_PLACEMENT_3D('',#6091,#6092,#6093);
#6091 = CARTESIAN_POINT('',(-0.32,-0.24,-2.92));
#6092 = DIRECTION('',(1.735167508357E-18,-0.707106781187,-0.707106781187
    ));
#6093 = DIRECTION('',(-1.,-1.226948711654E-18,-1.226948711654E-18));
#6094 = ADVANCED_FACE('',(#6095),#6120,.F.);
#6095 = FACE_BOUND('',#6096,.T.);
#6096 = EDGE_LOOP('',(#6097,#6105,#6106,#6114));
#6097 = ORIENTED_EDGE('',*,*,#6098,.F.);
#6098 = EDGE_CURVE('',#4572,#6099,#6101,.T.);
#6099 = VERTEX_POINT('',#6100);
#6100 = CARTESIAN_POINT('',(-0.16,-17.94,8.54));
#6101 = LINE('',#6102,#6103);
#6102 = CARTESIAN_POINT('',(-0.266666666667,-18.04666666666,
    8.433333333333));
#6103 = VECTOR('',#6104,1.);
#6104 = DIRECTION('',(0.57735026919,0.57735026919,0.57735026919));
#6105 = ORIENTED_EDGE('',*,*,#4579,.T.);
#6106 = ORIENTED_EDGE('',*,*,#6107,.T.);
#6107 = EDGE_CURVE('',#4563,#6108,#6110,.T.);
#6108 = VERTEX_POINT('',#6109);
#6109 = CARTESIAN_POINT('',(0.16,-17.94,8.54));
#6110 = LINE('',#6111,#6112);
#6111 = CARTESIAN_POINT('',(0.16,-17.94,8.54));
#6112 = VECTOR('',#6113,1.);
#6113 = DIRECTION('',(-0.57735026919,0.57735026919,0.57735026919));
#6114 = ORIENTED_EDGE('',*,*,#6115,.F.);
#6115 = EDGE_CURVE('',#6099,#6108,#6116,.T.);
#6116 = LINE('',#6117,#6118);
#6117 = CARTESIAN_POINT('',(-0.32,-17.94,8.54));
#6118 = VECTOR('',#6119,1.);
#6119 = DIRECTION('',(1.,0.,0.));
#6120 = PLANE('',#6121);
#6121 = AXIS2_PLACEMENT_3D('',#6122,#6123,#6124);
#6122 = CARTESIAN_POINT('',(-0.32,-18.02,8.46));
#6123 = DIRECTION('',(-1.735167508357E-18,0.707106781187,-0.707106781187
    ));
#6124 = DIRECTION('',(-1.,-1.226948711654E-18,1.226948711654E-18));
#6125 = ADVANCED_FACE('',(#6126),#6144,.T.);
#6126 = FACE_BOUND('',#6127,.T.);
#6127 = EDGE_LOOP('',(#6128,#6129,#6130,#6138));
#6128 = ORIENTED_EDGE('',*,*,#6107,.F.);
#6129 = ORIENTED_EDGE('',*,*,#4603,.T.);
#6130 = ORIENTED_EDGE('',*,*,#6131,.T.);
#6131 = EDGE_CURVE('',#4596,#6132,#6134,.T.);
#6132 = VERTEX_POINT('',#6133);
#6133 = CARTESIAN_POINT('',(0.16,-17.62,8.54));
#6134 = LINE('',#6135,#6136);
#6135 = CARTESIAN_POINT('',(5.333333333333E-02,-17.72666666666,
    8.646666666667));
#6136 = VECTOR('',#6137,1.);
#6137 = DIRECTION('',(-0.57735026919,-0.57735026919,0.57735026919));
#6138 = ORIENTED_EDGE('',*,*,#6139,.F.);
#6139 = EDGE_CURVE('',#6108,#6132,#6140,.T.);
#6140 = LINE('',#6141,#6142);
#6141 = CARTESIAN_POINT('',(0.16,-18.1,8.54));
#6142 = VECTOR('',#6143,1.);
#6143 = DIRECTION('',(0.,1.,0.));
#6144 = PLANE('',#6145);
#6145 = AXIS2_PLACEMENT_3D('',#6146,#6147,#6148);
#6146 = CARTESIAN_POINT('',(0.24,-18.1,8.46));
#6147 = DIRECTION('',(0.707106781187,-1.735167508357E-18,0.707106781187)
  );
#6148 = DIRECTION('',(1.226948711654E-18,1.,1.226948711654E-18));
#6149 = ADVANCED_FACE('',(#6150),#6168,.T.);
#6150 = FACE_BOUND('',#6151,.F.);
#6151 = EDGE_LOOP('',(#6152,#6160,#6161,#6162));
#6152 = ORIENTED_EDGE('',*,*,#6153,.F.);
#6153 = EDGE_CURVE('',#4620,#6154,#6156,.T.);
#6154 = VERTEX_POINT('',#6155);
#6155 = CARTESIAN_POINT('',(-0.16,-17.62,8.54));
#6156 = LINE('',#6157,#6158);
#6157 = CARTESIAN_POINT('',(-0.16,-17.62,8.54));
#6158 = VECTOR('',#6159,1.);
#6159 = DIRECTION('',(0.57735026919,-0.57735026919,0.57735026919));
#6160 = ORIENTED_EDGE('',*,*,#4627,.T.);
#6161 = ORIENTED_EDGE('',*,*,#6131,.T.);
#6162 = ORIENTED_EDGE('',*,*,#6163,.F.);
#6163 = EDGE_CURVE('',#6154,#6132,#6164,.T.);
#6164 = LINE('',#6165,#6166);
#6165 = CARTESIAN_POINT('',(-0.32,-17.62,8.54));
#6166 = VECTOR('',#6167,1.);
#6167 = DIRECTION('',(1.,0.,0.));
#6168 = PLANE('',#6169);
#6169 = AXIS2_PLACEMENT_3D('',#6170,#6171,#6172);
#6170 = CARTESIAN_POINT('',(-0.32,-17.54,8.46));
#6171 = DIRECTION('',(1.735167508357E-18,0.707106781187,0.707106781187)
  );
#6172 = DIRECTION('',(-1.,1.226948711654E-18,1.226948711654E-18));
#6173 = ADVANCED_FACE('',(#6174),#6185,.F.);
#6174 = FACE_BOUND('',#6175,.F.);
#6175 = EDGE_LOOP('',(#6176,#6177,#6178,#6179));
#6176 = ORIENTED_EDGE('',*,*,#6098,.F.);
#6177 = ORIENTED_EDGE('',*,*,#4644,.T.);
#6178 = ORIENTED_EDGE('',*,*,#6153,.T.);
#6179 = ORIENTED_EDGE('',*,*,#6180,.F.);
#6180 = EDGE_CURVE('',#6099,#6154,#6181,.T.);
#6181 = LINE('',#6182,#6183);
#6182 = CARTESIAN_POINT('',(-0.16,-18.1,8.54));
#6183 = VECTOR('',#6184,1.);
#6184 = DIRECTION('',(0.,1.,0.));
#6185 = PLANE('',#6186);
#6186 = AXIS2_PLACEMENT_3D('',#6187,#6188,#6189);
#6187 = CARTESIAN_POINT('',(-0.24,-18.1,8.46));
#6188 = DIRECTION('',(0.707106781187,1.735167508357E-18,-0.707106781187)
  );
#6189 = DIRECTION('',(-1.226948711654E-18,1.,1.226948711654E-18));
#6190 = ADVANCED_FACE('',(#6191),#6216,.T.);
#6191 = FACE_BOUND('',#6192,.F.);
#6192 = EDGE_LOOP('',(#6193,#6201,#6202,#6210));
#6193 = ORIENTED_EDGE('',*,*,#6194,.F.);
#6194 = EDGE_CURVE('',#4668,#6195,#6197,.T.);
#6195 = VERTEX_POINT('',#6196);
#6196 = CARTESIAN_POINT('',(-0.16,-15.08,8.54));
#6197 = LINE('',#6198,#6199);
#6198 = CARTESIAN_POINT('',(-0.16,-15.08,8.54));
#6199 = VECTOR('',#6200,1.);
#6200 = DIRECTION('',(0.57735026919,-0.57735026919,0.57735026919));
#6201 = ORIENTED_EDGE('',*,*,#4675,.T.);
#6202 = ORIENTED_EDGE('',*,*,#6203,.T.);
#6203 = EDGE_CURVE('',#4659,#6204,#6206,.T.);
#6204 = VERTEX_POINT('',#6205);
#6205 = CARTESIAN_POINT('',(0.16,-15.08,8.54));
#6206 = LINE('',#6207,#6208);
#6207 = CARTESIAN_POINT('',(5.333333333333E-02,-15.18666666666,
    8.646666666667));
#6208 = VECTOR('',#6209,1.);
#6209 = DIRECTION('',(-0.57735026919,-0.57735026919,0.57735026919));
#6210 = ORIENTED_EDGE('',*,*,#6211,.F.);
#6211 = EDGE_CURVE('',#6195,#6204,#6212,.T.);
#6212 = LINE('',#6213,#6214);
#6213 = CARTESIAN_POINT('',(-0.32,-15.08,8.54));
#6214 = VECTOR('',#6215,1.);
#6215 = DIRECTION('',(1.,0.,0.));
#6216 = PLANE('',#6217);
#6217 = AXIS2_PLACEMENT_3D('',#6218,#6219,#6220);
#6218 = CARTESIAN_POINT('',(-0.32,-15.,8.46));
#6219 = DIRECTION('',(1.735167508357E-18,0.707106781187,0.707106781187)
  );
#6220 = DIRECTION('',(-1.,1.226948711654E-18,1.226948711654E-18));
#6221 = ADVANCED_FACE('',(#6222),#6240,.F.);
#6222 = FACE_BOUND('',#6223,.F.);
#6223 = EDGE_LOOP('',(#6224,#6232,#6233,#6234));
#6224 = ORIENTED_EDGE('',*,*,#6225,.F.);
#6225 = EDGE_CURVE('',#4690,#6226,#6228,.T.);
#6226 = VERTEX_POINT('',#6227);
#6227 = CARTESIAN_POINT('',(-0.16,-15.4,8.54));
#6228 = LINE('',#6229,#6230);
#6229 = CARTESIAN_POINT('',(-0.266666666667,-15.50666666666,
    8.433333333333));
#6230 = VECTOR('',#6231,1.);
#6231 = DIRECTION('',(0.57735026919,0.57735026919,0.57735026919));
#6232 = ORIENTED_EDGE('',*,*,#4699,.T.);
#6233 = ORIENTED_EDGE('',*,*,#6194,.T.);
#6234 = ORIENTED_EDGE('',*,*,#6235,.F.);
#6235 = EDGE_CURVE('',#6226,#6195,#6236,.T.);
#6236 = LINE('',#6237,#6238);
#6237 = CARTESIAN_POINT('',(-0.16,-15.56,8.54));
#6238 = VECTOR('',#6239,1.);
#6239 = DIRECTION('',(0.,1.,0.));
#6240 = PLANE('',#6241);
#6241 = AXIS2_PLACEMENT_3D('',#6242,#6243,#6244);
#6242 = CARTESIAN_POINT('',(-0.24,-15.56,8.46));
#6243 = DIRECTION('',(0.707106781187,1.735167508357E-18,-0.707106781187)
  );
#6244 = DIRECTION('',(-1.226948711654E-18,1.,1.226948711654E-18));
#6245 = ADVANCED_FACE('',(#6246),#6264,.F.);
#6246 = FACE_BOUND('',#6247,.T.);
#6247 = EDGE_LOOP('',(#6248,#6249,#6250,#6258));
#6248 = ORIENTED_EDGE('',*,*,#6225,.F.);
#6249 = ORIENTED_EDGE('',*,*,#4723,.T.);
#6250 = ORIENTED_EDGE('',*,*,#6251,.T.);
#6251 = EDGE_CURVE('',#4714,#6252,#6254,.T.);
#6252 = VERTEX_POINT('',#6253);
#6253 = CARTESIAN_POINT('',(0.16,-15.4,8.54));
#6254 = LINE('',#6255,#6256);
#6255 = CARTESIAN_POINT('',(0.16,-15.4,8.54));
#6256 = VECTOR('',#6257,1.);
#6257 = DIRECTION('',(-0.57735026919,0.57735026919,0.57735026919));
#6258 = ORIENTED_EDGE('',*,*,#6259,.F.);
#6259 = EDGE_CURVE('',#6226,#6252,#6260,.T.);
#6260 = LINE('',#6261,#6262);
#6261 = CARTESIAN_POINT('',(-0.32,-15.4,8.54));
#6262 = VECTOR('',#6263,1.);
#6263 = DIRECTION('',(1.,0.,0.));
#6264 = PLANE('',#6265);
#6265 = AXIS2_PLACEMENT_3D('',#6266,#6267,#6268);
#6266 = CARTESIAN_POINT('',(-0.32,-15.48,8.46));
#6267 = DIRECTION('',(-1.735167508357E-18,0.707106781187,-0.707106781187
    ));
#6268 = DIRECTION('',(-1.,-1.226948711654E-18,1.226948711654E-18));
#6269 = ADVANCED_FACE('',(#6270),#6281,.T.);
#6270 = FACE_BOUND('',#6271,.T.);
#6271 = EDGE_LOOP('',(#6272,#6273,#6274,#6275));
#6272 = ORIENTED_EDGE('',*,*,#6251,.F.);
#6273 = ORIENTED_EDGE('',*,*,#4740,.T.);
#6274 = ORIENTED_EDGE('',*,*,#6203,.T.);
#6275 = ORIENTED_EDGE('',*,*,#6276,.F.);
#6276 = EDGE_CURVE('',#6252,#6204,#6277,.T.);
#6277 = LINE('',#6278,#6279);
#6278 = CARTESIAN_POINT('',(0.16,-15.56,8.54));
#6279 = VECTOR('',#6280,1.);
#6280 = DIRECTION('',(0.,1.,0.));
#6281 = PLANE('',#6282);
#6282 = AXIS2_PLACEMENT_3D('',#6283,#6284,#6285);
#6283 = CARTESIAN_POINT('',(0.24,-15.56,8.46));
#6284 = DIRECTION('',(0.707106781187,-1.735167508357E-18,0.707106781187)
  );
#6285 = DIRECTION('',(1.226948711654E-18,1.,1.226948711654E-18));
#6286 = ADVANCED_FACE('',(#6287),#6312,.T.);
#6287 = FACE_BOUND('',#6288,.T.);
#6288 = EDGE_LOOP('',(#6289,#6297,#6298,#6306));
#6289 = ORIENTED_EDGE('',*,*,#6290,.F.);
#6290 = EDGE_CURVE('',#4755,#6291,#6293,.T.);
#6291 = VERTEX_POINT('',#6292);
#6292 = CARTESIAN_POINT('',(0.16,-7.78,8.54));
#6293 = LINE('',#6294,#6295);
#6294 = CARTESIAN_POINT('',(0.16,-7.78,8.54));
#6295 = VECTOR('',#6296,1.);
#6296 = DIRECTION('',(-0.57735026919,0.57735026919,0.57735026919));
#6297 = ORIENTED_EDGE('',*,*,#4771,.T.);
#6298 = ORIENTED_EDGE('',*,*,#6299,.T.);
#6299 = EDGE_CURVE('',#4764,#6300,#6302,.T.);
#6300 = VERTEX_POINT('',#6301);
#6301 = CARTESIAN_POINT('',(0.16,-7.46,8.54));
#6302 = LINE('',#6303,#6304);
#6303 = CARTESIAN_POINT('',(5.333333333333E-02,-7.566666666667,
    8.646666666667));
#6304 = VECTOR('',#6305,1.);
#6305 = DIRECTION('',(-0.57735026919,-0.57735026919,0.57735026919));
#6306 = ORIENTED_EDGE('',*,*,#6307,.F.);
#6307 = EDGE_CURVE('',#6291,#6300,#6308,.T.);
#6308 = LINE('',#6309,#6310);
#6309 = CARTESIAN_POINT('',(0.16,-7.94,8.54));
#6310 = VECTOR('',#6311,1.);
#6311 = DIRECTION('',(0.,1.,0.));
#6312 = PLANE('',#6313);
#6313 = AXIS2_PLACEMENT_3D('',#6314,#6315,#6316);
#6314 = CARTESIAN_POINT('',(0.24,-7.94,8.46));
#6315 = DIRECTION('',(0.707106781187,-1.735167508357E-18,0.707106781187)
  );
#6316 = DIRECTION('',(1.226948711654E-18,1.,1.226948711654E-18));
#6317 = ADVANCED_FACE('',(#6318),#6336,.T.);
#6318 = FACE_BOUND('',#6319,.F.);
#6319 = EDGE_LOOP('',(#6320,#6328,#6329,#6330));
#6320 = ORIENTED_EDGE('',*,*,#6321,.F.);
#6321 = EDGE_CURVE('',#4788,#6322,#6324,.T.);
#6322 = VERTEX_POINT('',#6323);
#6323 = CARTESIAN_POINT('',(-0.16,-7.46,8.54));
#6324 = LINE('',#6325,#6326);
#6325 = CARTESIAN_POINT('',(-0.16,-7.46,8.54));
#6326 = VECTOR('',#6327,1.);
#6327 = DIRECTION('',(0.57735026919,-0.57735026919,0.57735026919));
#6328 = ORIENTED_EDGE('',*,*,#4795,.T.);
#6329 = ORIENTED_EDGE('',*,*,#6299,.T.);
#6330 = ORIENTED_EDGE('',*,*,#6331,.F.);
#6331 = EDGE_CURVE('',#6322,#6300,#6332,.T.);
#6332 = LINE('',#6333,#6334);
#6333 = CARTESIAN_POINT('',(-0.32,-7.46,8.54));
#6334 = VECTOR('',#6335,1.);
#6335 = DIRECTION('',(1.,0.,0.));
#6336 = PLANE('',#6337);
#6337 = AXIS2_PLACEMENT_3D('',#6338,#6339,#6340);
#6338 = CARTESIAN_POINT('',(-0.32,-7.38,8.46));
#6339 = DIRECTION('',(1.735167508357E-18,0.707106781187,0.707106781187)
  );
#6340 = DIRECTION('',(-1.,1.226948711654E-18,1.226948711654E-18));
#6341 = ADVANCED_FACE('',(#6342),#6360,.F.);
#6342 = FACE_BOUND('',#6343,.F.);
#6343 = EDGE_LOOP('',(#6344,#6352,#6353,#6354));
#6344 = ORIENTED_EDGE('',*,*,#6345,.F.);
#6345 = EDGE_CURVE('',#4810,#6346,#6348,.T.);
#6346 = VERTEX_POINT('',#6347);
#6347 = CARTESIAN_POINT('',(-0.16,-7.78,8.54));
#6348 = LINE('',#6349,#6350);
#6349 = CARTESIAN_POINT('',(-0.266666666667,-7.886666666667,
    8.433333333333));
#6350 = VECTOR('',#6351,1.);
#6351 = DIRECTION('',(0.57735026919,0.57735026919,0.57735026919));
#6352 = ORIENTED_EDGE('',*,*,#4819,.T.);
#6353 = ORIENTED_EDGE('',*,*,#6321,.T.);
#6354 = ORIENTED_EDGE('',*,*,#6355,.F.);
#6355 = EDGE_CURVE('',#6346,#6322,#6356,.T.);
#6356 = LINE('',#6357,#6358);
#6357 = CARTESIAN_POINT('',(-0.16,-7.94,8.54));
#6358 = VECTOR('',#6359,1.);
#6359 = DIRECTION('',(0.,1.,0.));
#6360 = PLANE('',#6361);
#6361 = AXIS2_PLACEMENT_3D('',#6362,#6363,#6364);
#6362 = CARTESIAN_POINT('',(-0.24,-7.94,8.46));
#6363 = DIRECTION('',(0.707106781187,1.735167508357E-18,-0.707106781187)
  );
#6364 = DIRECTION('',(-1.226948711654E-18,1.,1.226948711654E-18));
#6365 = ADVANCED_FACE('',(#6366),#6377,.F.);
#6366 = FACE_BOUND('',#6367,.T.);
#6367 = EDGE_LOOP('',(#6368,#6369,#6370,#6371));
#6368 = ORIENTED_EDGE('',*,*,#6345,.F.);
#6369 = ORIENTED_EDGE('',*,*,#4836,.T.);
#6370 = ORIENTED_EDGE('',*,*,#6290,.T.);
#6371 = ORIENTED_EDGE('',*,*,#6372,.F.);
#6372 = EDGE_CURVE('',#6346,#6291,#6373,.T.);
#6373 = LINE('',#6374,#6375);
#6374 = CARTESIAN_POINT('',(-0.32,-7.78,8.54));
#6375 = VECTOR('',#6376,1.);
#6376 = DIRECTION('',(1.,0.,0.));
#6377 = PLANE('',#6378);
#6378 = AXIS2_PLACEMENT_3D('',#6379,#6380,#6381);
#6379 = CARTESIAN_POINT('',(-0.32,-7.86,8.46));
#6380 = DIRECTION('',(-1.735167508357E-18,0.707106781187,-0.707106781187
    ));
#6381 = DIRECTION('',(-1.,-1.226948711654E-18,1.226948711654E-18));
#6382 = ADVANCED_FACE('',(#6383),#6408,.T.);
#6383 = FACE_BOUND('',#6384,.F.);
#6384 = EDGE_LOOP('',(#6385,#6393,#6394,#6402));
#6385 = ORIENTED_EDGE('',*,*,#6386,.F.);
#6386 = EDGE_CURVE('',#4860,#6387,#6389,.T.);
#6387 = VERTEX_POINT('',#6388);
#6388 = CARTESIAN_POINT('',(-0.16,-12.54,8.54));
#6389 = LINE('',#6390,#6391);
#6390 = CARTESIAN_POINT('',(-0.16,-12.54,8.54));
#6391 = VECTOR('',#6392,1.);
#6392 = DIRECTION('',(0.57735026919,-0.57735026919,0.57735026919));
#6393 = ORIENTED_EDGE('',*,*,#4867,.T.);
#6394 = ORIENTED_EDGE('',*,*,#6395,.T.);
#6395 = EDGE_CURVE('',#4851,#6396,#6398,.T.);
#6396 = VERTEX_POINT('',#6397);
#6397 = CARTESIAN_POINT('',(0.16,-12.54,8.54));
#6398 = LINE('',#6399,#6400);
#6399 = CARTESIAN_POINT('',(5.333333333333E-02,-12.64666666666,
    8.646666666667));
#6400 = VECTOR('',#6401,1.);
#6401 = DIRECTION('',(-0.57735026919,-0.57735026919,0.57735026919));
#6402 = ORIENTED_EDGE('',*,*,#6403,.F.);
#6403 = EDGE_CURVE('',#6387,#6396,#6404,.T.);
#6404 = LINE('',#6405,#6406);
#6405 = CARTESIAN_POINT('',(-0.32,-12.54,8.54));
#6406 = VECTOR('',#6407,1.);
#6407 = DIRECTION('',(1.,0.,0.));
#6408 = PLANE('',#6409);
#6409 = AXIS2_PLACEMENT_3D('',#6410,#6411,#6412);
#6410 = CARTESIAN_POINT('',(-0.32,-12.46,8.46));
#6411 = DIRECTION('',(1.735167508357E-18,0.707106781187,0.707106781187)
  );
#6412 = DIRECTION('',(-1.,1.226948711654E-18,1.226948711654E-18));
#6413 = ADVANCED_FACE('',(#6414),#6432,.F.);
#6414 = FACE_BOUND('',#6415,.F.);
#6415 = EDGE_LOOP('',(#6416,#6424,#6425,#6426));
#6416 = ORIENTED_EDGE('',*,*,#6417,.F.);
#6417 = EDGE_CURVE('',#4882,#6418,#6420,.T.);
#6418 = VERTEX_POINT('',#6419);
#6419 = CARTESIAN_POINT('',(-0.16,-12.86,8.54));
#6420 = LINE('',#6421,#6422);
#6421 = CARTESIAN_POINT('',(-0.266666666667,-12.96666666666,
    8.433333333333));
#6422 = VECTOR('',#6423,1.);
#6423 = DIRECTION('',(0.57735026919,0.57735026919,0.57735026919));
#6424 = ORIENTED_EDGE('',*,*,#4891,.T.);
#6425 = ORIENTED_EDGE('',*,*,#6386,.T.);
#6426 = ORIENTED_EDGE('',*,*,#6427,.F.);
#6427 = EDGE_CURVE('',#6418,#6387,#6428,.T.);
#6428 = LINE('',#6429,#6430);
#6429 = CARTESIAN_POINT('',(-0.16,-13.02,8.54));
#6430 = VECTOR('',#6431,1.);
#6431 = DIRECTION('',(0.,1.,0.));
#6432 = PLANE('',#6433);
#6433 = AXIS2_PLACEMENT_3D('',#6434,#6435,#6436);
#6434 = CARTESIAN_POINT('',(-0.24,-13.02,8.46));
#6435 = DIRECTION('',(0.707106781187,1.735167508357E-18,-0.707106781187)
  );
#6436 = DIRECTION('',(-1.226948711654E-18,1.,1.226948711654E-18));
#6437 = ADVANCED_FACE('',(#6438),#6456,.F.);
#6438 = FACE_BOUND('',#6439,.T.);
#6439 = EDGE_LOOP('',(#6440,#6441,#6442,#6450));
#6440 = ORIENTED_EDGE('',*,*,#6417,.F.);
#6441 = ORIENTED_EDGE('',*,*,#4915,.T.);
#6442 = ORIENTED_EDGE('',*,*,#6443,.T.);
#6443 = EDGE_CURVE('',#4906,#6444,#6446,.T.);
#6444 = VERTEX_POINT('',#6445);
#6445 = CARTESIAN_POINT('',(0.16,-12.86,8.54));
#6446 = LINE('',#6447,#6448);
#6447 = CARTESIAN_POINT('',(0.16,-12.86,8.54));
#6448 = VECTOR('',#6449,1.);
#6449 = DIRECTION('',(-0.57735026919,0.57735026919,0.57735026919));
#6450 = ORIENTED_EDGE('',*,*,#6451,.F.);
#6451 = EDGE_CURVE('',#6418,#6444,#6452,.T.);
#6452 = LINE('',#6453,#6454);
#6453 = CARTESIAN_POINT('',(-0.32,-12.86,8.54));
#6454 = VECTOR('',#6455,1.);
#6455 = DIRECTION('',(1.,0.,0.));
#6456 = PLANE('',#6457);
#6457 = AXIS2_PLACEMENT_3D('',#6458,#6459,#6460);
#6458 = CARTESIAN_POINT('',(-0.32,-12.94,8.46));
#6459 = DIRECTION('',(-1.735167508357E-18,0.707106781187,-0.707106781187
    ));
#6460 = DIRECTION('',(-1.,-1.226948711654E-18,1.226948711654E-18));
#6461 = ADVANCED_FACE('',(#6462),#6473,.T.);
#6462 = FACE_BOUND('',#6463,.T.);
#6463 = EDGE_LOOP('',(#6464,#6465,#6466,#6467));
#6464 = ORIENTED_EDGE('',*,*,#6443,.F.);
#6465 = ORIENTED_EDGE('',*,*,#4932,.T.);
#6466 = ORIENTED_EDGE('',*,*,#6395,.T.);
#6467 = ORIENTED_EDGE('',*,*,#6468,.F.);
#6468 = EDGE_CURVE('',#6444,#6396,#6469,.T.);
#6469 = LINE('',#6470,#6471);
#6470 = CARTESIAN_POINT('',(0.16,-13.02,8.54));
#6471 = VECTOR('',#6472,1.);
#6472 = DIRECTION('',(0.,1.,0.));
#6473 = PLANE('',#6474);
#6474 = AXIS2_PLACEMENT_3D('',#6475,#6476,#6477);
#6475 = CARTESIAN_POINT('',(0.24,-13.02,8.46));
#6476 = DIRECTION('',(0.707106781187,-1.735167508357E-18,0.707106781187)
  );
#6477 = DIRECTION('',(1.226948711654E-18,1.,1.226948711654E-18));
#6478 = ADVANCED_FACE('',(#6479),#6504,.T.);
#6479 = FACE_BOUND('',#6480,.T.);
#6480 = EDGE_LOOP('',(#6481,#6489,#6490,#6498));
#6481 = ORIENTED_EDGE('',*,*,#6482,.F.);
#6482 = EDGE_CURVE('',#4947,#6483,#6485,.T.);
#6483 = VERTEX_POINT('',#6484);
#6484 = CARTESIAN_POINT('',(0.16,-10.32,8.54));
#6485 = LINE('',#6486,#6487);
#6486 = CARTESIAN_POINT('',(0.16,-10.32,8.54));
#6487 = VECTOR('',#6488,1.);
#6488 = DIRECTION('',(-0.57735026919,0.57735026919,0.57735026919));
#6489 = ORIENTED_EDGE('',*,*,#4963,.T.);
#6490 = ORIENTED_EDGE('',*,*,#6491,.T.);
#6491 = EDGE_CURVE('',#4956,#6492,#6494,.T.);
#6492 = VERTEX_POINT('',#6493);
#6493 = CARTESIAN_POINT('',(0.16,-10.,8.54));
#6494 = LINE('',#6495,#6496);
#6495 = CARTESIAN_POINT('',(5.333333333333E-02,-10.10666666666,
    8.646666666667));
#6496 = VECTOR('',#6497,1.);
#6497 = DIRECTION('',(-0.57735026919,-0.57735026919,0.57735026919));
#6498 = ORIENTED_EDGE('',*,*,#6499,.F.);
#6499 = EDGE_CURVE('',#6483,#6492,#6500,.T.);
#6500 = LINE('',#6501,#6502);
#6501 = CARTESIAN_POINT('',(0.16,-10.48,8.54));
#6502 = VECTOR('',#6503,1.);
#6503 = DIRECTION('',(0.,1.,0.));
#6504 = PLANE('',#6505);
#6505 = AXIS2_PLACEMENT_3D('',#6506,#6507,#6508);
#6506 = CARTESIAN_POINT('',(0.24,-10.48,8.46));
#6507 = DIRECTION('',(0.707106781187,-1.735167508357E-18,0.707106781187)
  );
#6508 = DIRECTION('',(1.226948711654E-18,1.,1.226948711654E-18));
#6509 = ADVANCED_FACE('',(#6510),#6528,.T.);
#6510 = FACE_BOUND('',#6511,.F.);
#6511 = EDGE_LOOP('',(#6512,#6520,#6521,#6522));
#6512 = ORIENTED_EDGE('',*,*,#6513,.F.);
#6513 = EDGE_CURVE('',#4980,#6514,#6516,.T.);
#6514 = VERTEX_POINT('',#6515);
#6515 = CARTESIAN_POINT('',(-0.16,-10.,8.54));
#6516 = LINE('',#6517,#6518);
#6517 = CARTESIAN_POINT('',(-0.16,-10.,8.54));
#6518 = VECTOR('',#6519,1.);
#6519 = DIRECTION('',(0.57735026919,-0.57735026919,0.57735026919));
#6520 = ORIENTED_EDGE('',*,*,#4987,.T.);
#6521 = ORIENTED_EDGE('',*,*,#6491,.T.);
#6522 = ORIENTED_EDGE('',*,*,#6523,.F.);
#6523 = EDGE_CURVE('',#6514,#6492,#6524,.T.);
#6524 = LINE('',#6525,#6526);
#6525 = CARTESIAN_POINT('',(-0.32,-10.,8.54));
#6526 = VECTOR('',#6527,1.);
#6527 = DIRECTION('',(1.,0.,0.));
#6528 = PLANE('',#6529);
#6529 = AXIS2_PLACEMENT_3D('',#6530,#6531,#6532);
#6530 = CARTESIAN_POINT('',(-0.32,-9.92,8.46));
#6531 = DIRECTION('',(1.735167508357E-18,0.707106781187,0.707106781187)
  );
#6532 = DIRECTION('',(-1.,1.226948711654E-18,1.226948711654E-18));
#6533 = ADVANCED_FACE('',(#6534),#6552,.F.);
#6534 = FACE_BOUND('',#6535,.F.);
#6535 = EDGE_LOOP('',(#6536,#6544,#6545,#6546));
#6536 = ORIENTED_EDGE('',*,*,#6537,.F.);
#6537 = EDGE_CURVE('',#5002,#6538,#6540,.T.);
#6538 = VERTEX_POINT('',#6539);
#6539 = CARTESIAN_POINT('',(-0.16,-10.32,8.54));
#6540 = LINE('',#6541,#6542);
#6541 = CARTESIAN_POINT('',(-0.266666666667,-10.42666666666,
    8.433333333333));
#6542 = VECTOR('',#6543,1.);
#6543 = DIRECTION('',(0.57735026919,0.57735026919,0.57735026919));
#6544 = ORIENTED_EDGE('',*,*,#5011,.T.);
#6545 = ORIENTED_EDGE('',*,*,#6513,.T.);
#6546 = ORIENTED_EDGE('',*,*,#6547,.F.);
#6547 = EDGE_CURVE('',#6538,#6514,#6548,.T.);
#6548 = LINE('',#6549,#6550);
#6549 = CARTESIAN_POINT('',(-0.16,-10.48,8.54));
#6550 = VECTOR('',#6551,1.);
#6551 = DIRECTION('',(0.,1.,0.));
#6552 = PLANE('',#6553);
#6553 = AXIS2_PLACEMENT_3D('',#6554,#6555,#6556);
#6554 = CARTESIAN_POINT('',(-0.24,-10.48,8.46));
#6555 = DIRECTION('',(0.707106781187,1.735167508357E-18,-0.707106781187)
  );
#6556 = DIRECTION('',(-1.226948711654E-18,1.,1.226948711654E-18));
#6557 = ADVANCED_FACE('',(#6558),#6569,.F.);
#6558 = FACE_BOUND('',#6559,.T.);
#6559 = EDGE_LOOP('',(#6560,#6561,#6562,#6563));
#6560 = ORIENTED_EDGE('',*,*,#6537,.F.);
#6561 = ORIENTED_EDGE('',*,*,#5028,.T.);
#6562 = ORIENTED_EDGE('',*,*,#6482,.T.);
#6563 = ORIENTED_EDGE('',*,*,#6564,.F.);
#6564 = EDGE_CURVE('',#6538,#6483,#6565,.T.);
#6565 = LINE('',#6566,#6567);
#6566 = CARTESIAN_POINT('',(-0.32,-10.32,8.54));
#6567 = VECTOR('',#6568,1.);
#6568 = DIRECTION('',(1.,0.,0.));
#6569 = PLANE('',#6570);
#6570 = AXIS2_PLACEMENT_3D('',#6571,#6572,#6573);
#6571 = CARTESIAN_POINT('',(-0.32,-10.4,8.46));
#6572 = DIRECTION('',(-1.735167508357E-18,0.707106781187,-0.707106781187
    ));
#6573 = DIRECTION('',(-1.,-1.226948711654E-18,1.226948711654E-18));
#6574 = ADVANCED_FACE('',(#6575),#6600,.T.);
#6575 = FACE_BOUND('',#6576,.F.);
#6576 = EDGE_LOOP('',(#6577,#6585,#6586,#6594));
#6577 = ORIENTED_EDGE('',*,*,#6578,.F.);
#6578 = EDGE_CURVE('',#5052,#6579,#6581,.T.);
#6579 = VERTEX_POINT('',#6580);
#6580 = CARTESIAN_POINT('',(-0.16,-2.38,8.54));
#6581 = LINE('',#6582,#6583);
#6582 = CARTESIAN_POINT('',(-0.16,-2.38,8.54));
#6583 = VECTOR('',#6584,1.);
#6584 = DIRECTION('',(0.57735026919,-0.57735026919,0.57735026919));
#6585 = ORIENTED_EDGE('',*,*,#5059,.T.);
#6586 = ORIENTED_EDGE('',*,*,#6587,.T.);
#6587 = EDGE_CURVE('',#5043,#6588,#6590,.T.);
#6588 = VERTEX_POINT('',#6589);
#6589 = CARTESIAN_POINT('',(0.16,-2.38,8.54));
#6590 = LINE('',#6591,#6592);
#6591 = CARTESIAN_POINT('',(5.333333333333E-02,-2.486666666667,
    8.646666666667));
#6592 = VECTOR('',#6593,1.);
#6593 = DIRECTION('',(-0.57735026919,-0.57735026919,0.57735026919));
#6594 = ORIENTED_EDGE('',*,*,#6595,.F.);
#6595 = EDGE_CURVE('',#6579,#6588,#6596,.T.);
#6596 = LINE('',#6597,#6598);
#6597 = CARTESIAN_POINT('',(-0.32,-2.38,8.54));
#6598 = VECTOR('',#6599,1.);
#6599 = DIRECTION('',(1.,0.,0.));
#6600 = PLANE('',#6601);
#6601 = AXIS2_PLACEMENT_3D('',#6602,#6603,#6604);
#6602 = CARTESIAN_POINT('',(-0.32,-2.3,8.46));
#6603 = DIRECTION('',(1.735167508357E-18,0.707106781187,0.707106781187)
  );
#6604 = DIRECTION('',(-1.,1.226948711654E-18,1.226948711654E-18));
#6605 = ADVANCED_FACE('',(#6606),#6624,.F.);
#6606 = FACE_BOUND('',#6607,.F.);
#6607 = EDGE_LOOP('',(#6608,#6616,#6617,#6618));
#6608 = ORIENTED_EDGE('',*,*,#6609,.F.);
#6609 = EDGE_CURVE('',#5074,#6610,#6612,.T.);
#6610 = VERTEX_POINT('',#6611);
#6611 = CARTESIAN_POINT('',(-0.16,-2.7,8.54));
#6612 = LINE('',#6613,#6614);
#6613 = CARTESIAN_POINT('',(-0.266666666667,-2.806666666667,
    8.433333333333));
#6614 = VECTOR('',#6615,1.);
#6615 = DIRECTION('',(0.57735026919,0.57735026919,0.57735026919));
#6616 = ORIENTED_EDGE('',*,*,#5083,.T.);
#6617 = ORIENTED_EDGE('',*,*,#6578,.T.);
#6618 = ORIENTED_EDGE('',*,*,#6619,.F.);
#6619 = EDGE_CURVE('',#6610,#6579,#6620,.T.);
#6620 = LINE('',#6621,#6622);
#6621 = CARTESIAN_POINT('',(-0.16,-2.86,8.54));
#6622 = VECTOR('',#6623,1.);
#6623 = DIRECTION('',(0.,1.,0.));
#6624 = PLANE('',#6625);
#6625 = AXIS2_PLACEMENT_3D('',#6626,#6627,#6628);
#6626 = CARTESIAN_POINT('',(-0.24,-2.86,8.46));
#6627 = DIRECTION('',(0.707106781187,1.735167508357E-18,-0.707106781187)
  );
#6628 = DIRECTION('',(-1.226948711654E-18,1.,1.226948711654E-18));
#6629 = ADVANCED_FACE('',(#6630),#6648,.F.);
#6630 = FACE_BOUND('',#6631,.T.);
#6631 = EDGE_LOOP('',(#6632,#6633,#6634,#6642));
#6632 = ORIENTED_EDGE('',*,*,#6609,.F.);
#6633 = ORIENTED_EDGE('',*,*,#5107,.T.);
#6634 = ORIENTED_EDGE('',*,*,#6635,.T.);
#6635 = EDGE_CURVE('',#5098,#6636,#6638,.T.);
#6636 = VERTEX_POINT('',#6637);
#6637 = CARTESIAN_POINT('',(0.16,-2.7,8.54));
#6638 = LINE('',#6639,#6640);
#6639 = CARTESIAN_POINT('',(0.16,-2.7,8.54));
#6640 = VECTOR('',#6641,1.);
#6641 = DIRECTION('',(-0.57735026919,0.57735026919,0.57735026919));
#6642 = ORIENTED_EDGE('',*,*,#6643,.F.);
#6643 = EDGE_CURVE('',#6610,#6636,#6644,.T.);
#6644 = LINE('',#6645,#6646);
#6645 = CARTESIAN_POINT('',(-0.32,-2.7,8.54));
#6646 = VECTOR('',#6647,1.);
#6647 = DIRECTION('',(1.,0.,0.));
#6648 = PLANE('',#6649);
#6649 = AXIS2_PLACEMENT_3D('',#6650,#6651,#6652);
#6650 = CARTESIAN_POINT('',(-0.32,-2.78,8.46));
#6651 = DIRECTION('',(-1.735167508357E-18,0.707106781187,-0.707106781187
    ));
#6652 = DIRECTION('',(-1.,-1.226948711654E-18,1.226948711654E-18));
#6653 = ADVANCED_FACE('',(#6654),#6665,.T.);
#6654 = FACE_BOUND('',#6655,.T.);
#6655 = EDGE_LOOP('',(#6656,#6657,#6658,#6659));
#6656 = ORIENTED_EDGE('',*,*,#6635,.F.);
#6657 = ORIENTED_EDGE('',*,*,#5124,.T.);
#6658 = ORIENTED_EDGE('',*,*,#6587,.T.);
#6659 = ORIENTED_EDGE('',*,*,#6660,.F.);
#6660 = EDGE_CURVE('',#6636,#6588,#6661,.T.);
#6661 = LINE('',#6662,#6663);
#6662 = CARTESIAN_POINT('',(0.16,-2.86,8.54));
#6663 = VECTOR('',#6664,1.);
#6664 = DIRECTION('',(0.,1.,0.));
#6665 = PLANE('',#6666);
#6666 = AXIS2_PLACEMENT_3D('',#6667,#6668,#6669);
#6667 = CARTESIAN_POINT('',(0.24,-2.86,8.46));
#6668 = DIRECTION('',(0.707106781187,-1.735167508357E-18,0.707106781187)
  );
#6669 = DIRECTION('',(1.226948711654E-18,1.,1.226948711654E-18));
#6670 = ADVANCED_FACE('',(#6671),#6696,.F.);
#6671 = FACE_BOUND('',#6672,.T.);
#6672 = EDGE_LOOP('',(#6673,#6681,#6682,#6690));
#6673 = ORIENTED_EDGE('',*,*,#6674,.F.);
#6674 = EDGE_CURVE('',#5148,#6675,#6677,.T.);
#6675 = VERTEX_POINT('',#6676);
#6676 = CARTESIAN_POINT('',(-0.16,-5.24,8.54));
#6677 = LINE('',#6678,#6679);
#6678 = CARTESIAN_POINT('',(-0.266666666667,-5.346666666667,
    8.433333333333));
#6679 = VECTOR('',#6680,1.);
#6680 = DIRECTION('',(0.57735026919,0.57735026919,0.57735026919));
#6681 = ORIENTED_EDGE('',*,*,#5155,.T.);
#6682 = ORIENTED_EDGE('',*,*,#6683,.T.);
#6683 = EDGE_CURVE('',#5139,#6684,#6686,.T.);
#6684 = VERTEX_POINT('',#6685);
#6685 = CARTESIAN_POINT('',(0.16,-5.24,8.54));
#6686 = LINE('',#6687,#6688);
#6687 = CARTESIAN_POINT('',(0.16,-5.24,8.54));
#6688 = VECTOR('',#6689,1.);
#6689 = DIRECTION('',(-0.57735026919,0.57735026919,0.57735026919));
#6690 = ORIENTED_EDGE('',*,*,#6691,.F.);
#6691 = EDGE_CURVE('',#6675,#6684,#6692,.T.);
#6692 = LINE('',#6693,#6694);
#6693 = CARTESIAN_POINT('',(-0.32,-5.24,8.54));
#6694 = VECTOR('',#6695,1.);
#6695 = DIRECTION('',(1.,0.,0.));
#6696 = PLANE('',#6697);
#6697 = AXIS2_PLACEMENT_3D('',#6698,#6699,#6700);
#6698 = CARTESIAN_POINT('',(-0.32,-5.32,8.46));
#6699 = DIRECTION('',(-1.735167508357E-18,0.707106781187,-0.707106781187
    ));
#6700 = DIRECTION('',(-1.,-1.226948711654E-18,1.226948711654E-18));
#6701 = ADVANCED_FACE('',(#6702),#6720,.T.);
#6702 = FACE_BOUND('',#6703,.T.);
#6703 = EDGE_LOOP('',(#6704,#6705,#6706,#6714));
#6704 = ORIENTED_EDGE('',*,*,#6683,.F.);
#6705 = ORIENTED_EDGE('',*,*,#5179,.T.);
#6706 = ORIENTED_EDGE('',*,*,#6707,.T.);
#6707 = EDGE_CURVE('',#5172,#6708,#6710,.T.);
#6708 = VERTEX_POINT('',#6709);
#6709 = CARTESIAN_POINT('',(0.16,-4.92,8.54));
#6710 = LINE('',#6711,#6712);
#6711 = CARTESIAN_POINT('',(5.333333333333E-02,-5.026666666667,
    8.646666666667));
#6712 = VECTOR('',#6713,1.);
#6713 = DIRECTION('',(-0.57735026919,-0.57735026919,0.57735026919));
#6714 = ORIENTED_EDGE('',*,*,#6715,.F.);
#6715 = EDGE_CURVE('',#6684,#6708,#6716,.T.);
#6716 = LINE('',#6717,#6718);
#6717 = CARTESIAN_POINT('',(0.16,-5.4,8.54));
#6718 = VECTOR('',#6719,1.);
#6719 = DIRECTION('',(0.,1.,0.));
#6720 = PLANE('',#6721);
#6721 = AXIS2_PLACEMENT_3D('',#6722,#6723,#6724);
#6722 = CARTESIAN_POINT('',(0.24,-5.4,8.46));
#6723 = DIRECTION('',(0.707106781187,-1.735167508357E-18,0.707106781187)
  );
#6724 = DIRECTION('',(1.226948711654E-18,1.,1.226948711654E-18));
#6725 = ADVANCED_FACE('',(#6726),#6744,.T.);
#6726 = FACE_BOUND('',#6727,.F.);
#6727 = EDGE_LOOP('',(#6728,#6736,#6737,#6738));
#6728 = ORIENTED_EDGE('',*,*,#6729,.F.);
#6729 = EDGE_CURVE('',#5196,#6730,#6732,.T.);
#6730 = VERTEX_POINT('',#6731);
#6731 = CARTESIAN_POINT('',(-0.16,-4.92,8.54));
#6732 = LINE('',#6733,#6734);
#6733 = CARTESIAN_POINT('',(-0.16,-4.92,8.54));
#6734 = VECTOR('',#6735,1.);
#6735 = DIRECTION('',(0.57735026919,-0.57735026919,0.57735026919));
#6736 = ORIENTED_EDGE('',*,*,#5203,.T.);
#6737 = ORIENTED_EDGE('',*,*,#6707,.T.);
#6738 = ORIENTED_EDGE('',*,*,#6739,.F.);
#6739 = EDGE_CURVE('',#6730,#6708,#6740,.T.);
#6740 = LINE('',#6741,#6742);
#6741 = CARTESIAN_POINT('',(-0.32,-4.92,8.54));
#6742 = VECTOR('',#6743,1.);
#6743 = DIRECTION('',(1.,0.,0.));
#6744 = PLANE('',#6745);
#6745 = AXIS2_PLACEMENT_3D('',#6746,#6747,#6748);
#6746 = CARTESIAN_POINT('',(-0.32,-4.84,8.46));
#6747 = DIRECTION('',(1.735167508357E-18,0.707106781187,0.707106781187)
  );
#6748 = DIRECTION('',(-1.,1.226948711654E-18,1.226948711654E-18));
#6749 = ADVANCED_FACE('',(#6750),#6761,.F.);
#6750 = FACE_BOUND('',#6751,.F.);
#6751 = EDGE_LOOP('',(#6752,#6753,#6754,#6755));
#6752 = ORIENTED_EDGE('',*,*,#6674,.F.);
#6753 = ORIENTED_EDGE('',*,*,#5220,.T.);
#6754 = ORIENTED_EDGE('',*,*,#6729,.T.);
#6755 = ORIENTED_EDGE('',*,*,#6756,.F.);
#6756 = EDGE_CURVE('',#6675,#6730,#6757,.T.);
#6757 = LINE('',#6758,#6759);
#6758 = CARTESIAN_POINT('',(-0.16,-5.4,8.54));
#6759 = VECTOR('',#6760,1.);
#6760 = DIRECTION('',(0.,1.,0.));
#6761 = PLANE('',#6762);
#6762 = AXIS2_PLACEMENT_3D('',#6763,#6764,#6765);
#6763 = CARTESIAN_POINT('',(-0.24,-5.4,8.46));
#6764 = DIRECTION('',(0.707106781187,1.735167508357E-18,-0.707106781187)
  );
#6765 = DIRECTION('',(-1.226948711654E-18,1.,1.226948711654E-18));
#6766 = ADVANCED_FACE('',(#6767),#6792,.T.);
#6767 = FACE_BOUND('',#6768,.T.);
#6768 = EDGE_LOOP('',(#6769,#6777,#6778,#6786));
#6769 = ORIENTED_EDGE('',*,*,#6770,.F.);
#6770 = EDGE_CURVE('',#5235,#6771,#6773,.T.);
#6771 = VERTEX_POINT('',#6772);
#6772 = CARTESIAN_POINT('',(0.16,-0.16,8.54));
#6773 = LINE('',#6774,#6775);
#6774 = CARTESIAN_POINT('',(0.16,-0.16,8.54));
#6775 = VECTOR('',#6776,1.);
#6776 = DIRECTION('',(-0.57735026919,0.57735026919,0.57735026919));
#6777 = ORIENTED_EDGE('',*,*,#5251,.T.);
#6778 = ORIENTED_EDGE('',*,*,#6779,.T.);
#6779 = EDGE_CURVE('',#5244,#6780,#6782,.T.);
#6780 = VERTEX_POINT('',#6781);
#6781 = CARTESIAN_POINT('',(0.16,0.16,8.54));
#6782 = LINE('',#6783,#6784);
#6783 = CARTESIAN_POINT('',(5.333333333333E-02,5.333333333333E-02,
    8.646666666667));
#6784 = VECTOR('',#6785,1.);
#6785 = DIRECTION('',(-0.57735026919,-0.57735026919,0.57735026919));
#6786 = ORIENTED_EDGE('',*,*,#6787,.F.);
#6787 = EDGE_CURVE('',#6771,#6780,#6788,.T.);
#6788 = LINE('',#6789,#6790);
#6789 = CARTESIAN_POINT('',(0.16,-0.32,8.54));
#6790 = VECTOR('',#6791,1.);
#6791 = DIRECTION('',(0.,1.,0.));
#6792 = PLANE('',#6793);
#6793 = AXIS2_PLACEMENT_3D('',#6794,#6795,#6796);
#6794 = CARTESIAN_POINT('',(0.24,-0.32,8.46));
#6795 = DIRECTION('',(0.707106781187,-1.735167508357E-18,0.707106781187)
  );
#6796 = DIRECTION('',(1.226948711654E-18,1.,1.226948711654E-18));
#6797 = ADVANCED_FACE('',(#6798),#6816,.T.);
#6798 = FACE_BOUND('',#6799,.F.);
#6799 = EDGE_LOOP('',(#6800,#6808,#6809,#6810));
#6800 = ORIENTED_EDGE('',*,*,#6801,.F.);
#6801 = EDGE_CURVE('',#5268,#6802,#6804,.T.);
#6802 = VERTEX_POINT('',#6803);
#6803 = CARTESIAN_POINT('',(-0.16,0.16,8.54));
#6804 = LINE('',#6805,#6806);
#6805 = CARTESIAN_POINT('',(-0.16,0.16,8.54));
#6806 = VECTOR('',#6807,1.);
#6807 = DIRECTION('',(0.57735026919,-0.57735026919,0.57735026919));
#6808 = ORIENTED_EDGE('',*,*,#5275,.T.);
#6809 = ORIENTED_EDGE('',*,*,#6779,.T.);
#6810 = ORIENTED_EDGE('',*,*,#6811,.F.);
#6811 = EDGE_CURVE('',#6802,#6780,#6812,.T.);
#6812 = LINE('',#6813,#6814);
#6813 = CARTESIAN_POINT('',(-0.32,0.16,8.54));
#6814 = VECTOR('',#6815,1.);
#6815 = DIRECTION('',(1.,0.,0.));
#6816 = PLANE('',#6817);
#6817 = AXIS2_PLACEMENT_3D('',#6818,#6819,#6820);
#6818 = CARTESIAN_POINT('',(-0.32,0.24,8.46));
#6819 = DIRECTION('',(1.735167508357E-18,0.707106781187,0.707106781187)
  );
#6820 = DIRECTION('',(-1.,1.226948711654E-18,1.226948711654E-18));
#6821 = ADVANCED_FACE('',(#6822),#6840,.F.);
#6822 = FACE_BOUND('',#6823,.F.);
#6823 = EDGE_LOOP('',(#6824,#6832,#6833,#6834));
#6824 = ORIENTED_EDGE('',*,*,#6825,.F.);
#6825 = EDGE_CURVE('',#5290,#6826,#6828,.T.);
#6826 = VERTEX_POINT('',#6827);
#6827 = CARTESIAN_POINT('',(-0.16,-0.16,8.54));
#6828 = LINE('',#6829,#6830);
#6829 = CARTESIAN_POINT('',(-0.266666666667,-0.266666666667,
    8.433333333333));
#6830 = VECTOR('',#6831,1.);
#6831 = DIRECTION('',(0.57735026919,0.57735026919,0.57735026919));
#6832 = ORIENTED_EDGE('',*,*,#5299,.T.);
#6833 = ORIENTED_EDGE('',*,*,#6801,.T.);
#6834 = ORIENTED_EDGE('',*,*,#6835,.F.);
#6835 = EDGE_CURVE('',#6826,#6802,#6836,.T.);
#6836 = LINE('',#6837,#6838);
#6837 = CARTESIAN_POINT('',(-0.16,-0.32,8.54));
#6838 = VECTOR('',#6839,1.);
#6839 = DIRECTION('',(0.,1.,0.));
#6840 = PLANE('',#6841);
#6841 = AXIS2_PLACEMENT_3D('',#6842,#6843,#6844);
#6842 = CARTESIAN_POINT('',(-0.24,-0.32,8.46));
#6843 = DIRECTION('',(0.707106781187,1.735167508357E-18,-0.707106781187)
  );
#6844 = DIRECTION('',(-1.226948711654E-18,1.,1.226948711654E-18));
#6845 = ADVANCED_FACE('',(#6846),#6857,.F.);
#6846 = FACE_BOUND('',#6847,.T.);
#6847 = EDGE_LOOP('',(#6848,#6849,#6850,#6851));
#6848 = ORIENTED_EDGE('',*,*,#6825,.F.);
#6849 = ORIENTED_EDGE('',*,*,#5316,.T.);
#6850 = ORIENTED_EDGE('',*,*,#6770,.T.);
#6851 = ORIENTED_EDGE('',*,*,#6852,.F.);
#6852 = EDGE_CURVE('',#6826,#6771,#6853,.T.);
#6853 = LINE('',#6854,#6855);
#6854 = CARTESIAN_POINT('',(-0.32,-0.16,8.54));
#6855 = VECTOR('',#6856,1.);
#6856 = DIRECTION('',(1.,0.,0.));
#6857 = PLANE('',#6858);
#6858 = AXIS2_PLACEMENT_3D('',#6859,#6860,#6861);
#6859 = CARTESIAN_POINT('',(-0.32,-0.24,8.46));
#6860 = DIRECTION('',(-1.735167508357E-18,0.707106781187,-0.707106781187
    ));
#6861 = DIRECTION('',(-1.,-1.226948711654E-18,1.226948711654E-18));
#6862 = ADVANCED_FACE('',(#6863),#6869,.F.);
#6863 = FACE_BOUND('',#6864,.F.);
#6864 = EDGE_LOOP('',(#6865,#6866,#6867,#6868));
#6865 = ORIENTED_EDGE('',*,*,#5347,.T.);
#6866 = ORIENTED_EDGE('',*,*,#5371,.T.);
#6867 = ORIENTED_EDGE('',*,*,#5395,.F.);
#6868 = ORIENTED_EDGE('',*,*,#5412,.F.);
#6869 = PLANE('',#6870);
#6870 = AXIS2_PLACEMENT_3D('',#6871,#6872,#6873);
#6871 = CARTESIAN_POINT('',(-0.32,-18.1,-3.));
#6872 = DIRECTION('',(0.,0.,1.));
#6873 = DIRECTION('',(1.,0.,-0.));
#6874 = ADVANCED_FACE('',(#6875),#6881,.F.);
#6875 = FACE_BOUND('',#6876,.F.);
#6876 = EDGE_LOOP('',(#6877,#6878,#6879,#6880));
#6877 = ORIENTED_EDGE('',*,*,#5491,.T.);
#6878 = ORIENTED_EDGE('',*,*,#5508,.T.);
#6879 = ORIENTED_EDGE('',*,*,#5443,.F.);
#6880 = ORIENTED_EDGE('',*,*,#5467,.F.);
#6881 = PLANE('',#6882);
#6882 = AXIS2_PLACEMENT_3D('',#6883,#6884,#6885);
#6883 = CARTESIAN_POINT('',(-0.32,-15.56,-3.));
#6884 = DIRECTION('',(0.,0.,1.));
#6885 = DIRECTION('',(1.,0.,-0.));
#6886 = ADVANCED_FACE('',(#6887),#6893,.F.);
#6887 = FACE_BOUND('',#6888,.F.);
#6888 = EDGE_LOOP('',(#6889,#6890,#6891,#6892));
#6889 = ORIENTED_EDGE('',*,*,#5604,.T.);
#6890 = ORIENTED_EDGE('',*,*,#5539,.T.);
#6891 = ORIENTED_EDGE('',*,*,#5563,.F.);
#6892 = ORIENTED_EDGE('',*,*,#5587,.F.);
#6893 = PLANE('',#6894);
#6894 = AXIS2_PLACEMENT_3D('',#6895,#6896,#6897);
#6895 = CARTESIAN_POINT('',(-0.32,-7.94,-3.));
#6896 = DIRECTION('',(0.,0.,1.));
#6897 = DIRECTION('',(1.,0.,-0.));
#6898 = ADVANCED_FACE('',(#6899),#6905,.F.);
#6899 = FACE_BOUND('',#6900,.F.);
#6900 = EDGE_LOOP('',(#6901,#6902,#6903,#6904));
#6901 = ORIENTED_EDGE('',*,*,#5683,.T.);
#6902 = ORIENTED_EDGE('',*,*,#5700,.T.);
#6903 = ORIENTED_EDGE('',*,*,#5635,.F.);
#6904 = ORIENTED_EDGE('',*,*,#5659,.F.);
#6905 = PLANE('',#6906);
#6906 = AXIS2_PLACEMENT_3D('',#6907,#6908,#6909);
#6907 = CARTESIAN_POINT('',(-0.32,-13.02,-3.));
#6908 = DIRECTION('',(0.,0.,1.));
#6909 = DIRECTION('',(1.,0.,-0.));
#6910 = ADVANCED_FACE('',(#6911),#6917,.F.);
#6911 = FACE_BOUND('',#6912,.F.);
#6912 = EDGE_LOOP('',(#6913,#6914,#6915,#6916));
#6913 = ORIENTED_EDGE('',*,*,#5796,.T.);
#6914 = ORIENTED_EDGE('',*,*,#5731,.T.);
#6915 = ORIENTED_EDGE('',*,*,#5755,.F.);
#6916 = ORIENTED_EDGE('',*,*,#5779,.F.);
#6917 = PLANE('',#6918);
#6918 = AXIS2_PLACEMENT_3D('',#6919,#6920,#6921);
#6919 = CARTESIAN_POINT('',(-0.32,-10.48,-3.));
#6920 = DIRECTION('',(0.,0.,1.));
#6921 = DIRECTION('',(1.,0.,-0.));
#6922 = ADVANCED_FACE('',(#6923),#6929,.F.);
#6923 = FACE_BOUND('',#6924,.F.);
#6924 = EDGE_LOOP('',(#6925,#6926,#6927,#6928));
#6925 = ORIENTED_EDGE('',*,*,#5875,.T.);
#6926 = ORIENTED_EDGE('',*,*,#5892,.T.);
#6927 = ORIENTED_EDGE('',*,*,#5827,.F.);
#6928 = ORIENTED_EDGE('',*,*,#5851,.F.);
#6929 = PLANE('',#6930);
#6930 = AXIS2_PLACEMENT_3D('',#6931,#6932,#6933);
#6931 = CARTESIAN_POINT('',(-0.32,-2.86,-3.));
#6932 = DIRECTION('',(0.,0.,1.));
#6933 = DIRECTION('',(1.,0.,-0.));
#6934 = ADVANCED_FACE('',(#6935),#6941,.F.);
#6935 = FACE_BOUND('',#6936,.F.);
#6936 = EDGE_LOOP('',(#6937,#6938,#6939,#6940));
#6937 = ORIENTED_EDGE('',*,*,#5923,.T.);
#6938 = ORIENTED_EDGE('',*,*,#5947,.T.);
#6939 = ORIENTED_EDGE('',*,*,#5971,.F.);
#6940 = ORIENTED_EDGE('',*,*,#5988,.F.);
#6941 = PLANE('',#6942);
#6942 = AXIS2_PLACEMENT_3D('',#6943,#6944,#6945);
#6943 = CARTESIAN_POINT('',(-0.32,-5.4,-3.));
#6944 = DIRECTION('',(0.,0.,1.));
#6945 = DIRECTION('',(1.,0.,-0.));
#6946 = ADVANCED_FACE('',(#6947),#6953,.F.);
#6947 = FACE_BOUND('',#6948,.F.);
#6948 = EDGE_LOOP('',(#6949,#6950,#6951,#6952));
#6949 = ORIENTED_EDGE('',*,*,#6084,.T.);
#6950 = ORIENTED_EDGE('',*,*,#6019,.T.);
#6951 = ORIENTED_EDGE('',*,*,#6043,.F.);
#6952 = ORIENTED_EDGE('',*,*,#6067,.F.);
#6953 = PLANE('',#6954);
#6954 = AXIS2_PLACEMENT_3D('',#6955,#6956,#6957);
#6955 = CARTESIAN_POINT('',(-0.32,-0.32,-3.));
#6956 = DIRECTION('',(0.,0.,1.));
#6957 = DIRECTION('',(1.,0.,-0.));
#6958 = ADVANCED_FACE('',(#6959),#6965,.T.);
#6959 = FACE_BOUND('',#6960,.T.);
#6960 = EDGE_LOOP('',(#6961,#6962,#6963,#6964));
#6961 = ORIENTED_EDGE('',*,*,#6115,.T.);
#6962 = ORIENTED_EDGE('',*,*,#6139,.T.);
#6963 = ORIENTED_EDGE('',*,*,#6163,.F.);
#6964 = ORIENTED_EDGE('',*,*,#6180,.F.);
#6965 = PLANE('',#6966);
#6966 = AXIS2_PLACEMENT_3D('',#6967,#6968,#6969);
#6967 = CARTESIAN_POINT('',(-0.32,-18.1,8.54));
#6968 = DIRECTION('',(0.,0.,1.));
#6969 = DIRECTION('',(1.,0.,-0.));
#6970 = ADVANCED_FACE('',(#6971),#6977,.T.);
#6971 = FACE_BOUND('',#6972,.T.);
#6972 = EDGE_LOOP('',(#6973,#6974,#6975,#6976));
#6973 = ORIENTED_EDGE('',*,*,#6259,.T.);
#6974 = ORIENTED_EDGE('',*,*,#6276,.T.);
#6975 = ORIENTED_EDGE('',*,*,#6211,.F.);
#6976 = ORIENTED_EDGE('',*,*,#6235,.F.);
#6977 = PLANE('',#6978);
#6978 = AXIS2_PLACEMENT_3D('',#6979,#6980,#6981);
#6979 = CARTESIAN_POINT('',(-0.32,-15.56,8.54));
#6980 = DIRECTION('',(0.,0.,1.));
#6981 = DIRECTION('',(1.,0.,-0.));
#6982 = ADVANCED_FACE('',(#6983),#6989,.T.);
#6983 = FACE_BOUND('',#6984,.T.);
#6984 = EDGE_LOOP('',(#6985,#6986,#6987,#6988));
#6985 = ORIENTED_EDGE('',*,*,#6372,.T.);
#6986 = ORIENTED_EDGE('',*,*,#6307,.T.);
#6987 = ORIENTED_EDGE('',*,*,#6331,.F.);
#6988 = ORIENTED_EDGE('',*,*,#6355,.F.);
#6989 = PLANE('',#6990);
#6990 = AXIS2_PLACEMENT_3D('',#6991,#6992,#6993);
#6991 = CARTESIAN_POINT('',(-0.32,-7.94,8.54));
#6992 = DIRECTION('',(0.,0.,1.));
#6993 = DIRECTION('',(1.,0.,-0.));
#6994 = ADVANCED_FACE('',(#6995),#7001,.T.);
#6995 = FACE_BOUND('',#6996,.T.);
#6996 = EDGE_LOOP('',(#6997,#6998,#6999,#7000));
#6997 = ORIENTED_EDGE('',*,*,#6451,.T.);
#6998 = ORIENTED_EDGE('',*,*,#6468,.T.);
#6999 = ORIENTED_EDGE('',*,*,#6403,.F.);
#7000 = ORIENTED_EDGE('',*,*,#6427,.F.);
#7001 = PLANE('',#7002);
#7002 = AXIS2_PLACEMENT_3D('',#7003,#7004,#7005);
#7003 = CARTESIAN_POINT('',(-0.32,-13.02,8.54));
#7004 = DIRECTION('',(0.,0.,1.));
#7005 = DIRECTION('',(1.,0.,-0.));
#7006 = ADVANCED_FACE('',(#7007),#7013,.T.);
#7007 = FACE_BOUND('',#7008,.T.);
#7008 = EDGE_LOOP('',(#7009,#7010,#7011,#7012));
#7009 = ORIENTED_EDGE('',*,*,#6564,.T.);
#7010 = ORIENTED_EDGE('',*,*,#6499,.T.);
#7011 = ORIENTED_EDGE('',*,*,#6523,.F.);
#7012 = ORIENTED_EDGE('',*,*,#6547,.F.);
#7013 = PLANE('',#7014);
#7014 = AXIS2_PLACEMENT_3D('',#7015,#7016,#7017);
#7015 = CARTESIAN_POINT('',(-0.32,-10.48,8.54));
#7016 = DIRECTION('',(0.,0.,1.));
#7017 = DIRECTION('',(1.,0.,-0.));
#7018 = ADVANCED_FACE('',(#7019),#7025,.T.);
#7019 = FACE_BOUND('',#7020,.T.);
#7020 = EDGE_LOOP('',(#7021,#7022,#7023,#7024));
#7021 = ORIENTED_EDGE('',*,*,#6643,.T.);
#7022 = ORIENTED_EDGE('',*,*,#6660,.T.);
#7023 = ORIENTED_EDGE('',*,*,#6595,.F.);
#7024 = ORIENTED_EDGE('',*,*,#6619,.F.);
#7025 = PLANE('',#7026);
#7026 = AXIS2_PLACEMENT_3D('',#7027,#7028,#7029);
#7027 = CARTESIAN_POINT('',(-0.32,-2.86,8.54));
#7028 = DIRECTION('',(0.,0.,1.));
#7029 = DIRECTION('',(1.,0.,-0.));
#7030 = ADVANCED_FACE('',(#7031),#7037,.T.);
#7031 = FACE_BOUND('',#7032,.T.);
#7032 = EDGE_LOOP('',(#7033,#7034,#7035,#7036));
#7033 = ORIENTED_EDGE('',*,*,#6691,.T.);
#7034 = ORIENTED_EDGE('',*,*,#6715,.T.);
#7035 = ORIENTED_EDGE('',*,*,#6739,.F.);
#7036 = ORIENTED_EDGE('',*,*,#6756,.F.);
#7037 = PLANE('',#7038);
#7038 = AXIS2_PLACEMENT_3D('',#7039,#7040,#7041);
#7039 = CARTESIAN_POINT('',(-0.32,-5.4,8.54));
#7040 = DIRECTION('',(0.,0.,1.));
#7041 = DIRECTION('',(1.,0.,-0.));
#7042 = ADVANCED_FACE('',(#7043),#7049,.T.);
#7043 = FACE_BOUND('',#7044,.T.);
#7044 = EDGE_LOOP('',(#7045,#7046,#7047,#7048));
#7045 = ORIENTED_EDGE('',*,*,#6852,.T.);
#7046 = ORIENTED_EDGE('',*,*,#6787,.T.);
#7047 = ORIENTED_EDGE('',*,*,#6811,.F.);
#7048 = ORIENTED_EDGE('',*,*,#6835,.F.);
#7049 = PLANE('',#7050);
#7050 = AXIS2_PLACEMENT_3D('',#7051,#7052,#7053);
#7051 = CARTESIAN_POINT('',(-0.32,-0.32,8.54));
#7052 = DIRECTION('',(0.,0.,1.));
#7053 = DIRECTION('',(1.,0.,-0.));
#7054 = ( GEOMETRIC_REPRESENTATION_CONTEXT(3) 
GLOBAL_UNCERTAINTY_ASSIGNED_CONTEXT((#7058)) 
GLOBAL_UNIT_ASSIGNED_CONTEXT((#7055,#7056,#7057)) REPRESENTATION_CONTEXT
('Context #1','3D Context with UNIT and UNCERTAINTY') );
#7055 = ( LENGTH_UNIT() NAMED_UNIT(*) SI_UNIT(.MILLI.,.METRE.) );
#7056 = ( NAMED_UNIT(*) PLANE_ANGLE_UNIT() SI_UNIT($,.RADIAN.) );
#7057 = ( NAMED_UNIT(*) SI_UNIT($,.STERADIAN.) SOLID_ANGLE_UNIT() );
#7058 = UNCERTAINTY_MEASURE_WITH_UNIT(LENGTH_MEASURE(1.E-07),#7055,
  'distance_accuracy_value','confusion accuracy');
#7059 = CONTEXT_DEPENDENT_SHAPE_REPRESENTATION(#7060,#7062);
#7060 = ( REPRESENTATION_RELATIONSHIP('','',#1577,#1554) 
REPRESENTATION_RELATIONSHIP_WITH_TRANSFORMATION(#7061) 
SHAPE_REPRESENTATION_RELATIONSHIP() );
#7061 = ITEM_DEFINED_TRANSFORMATION('','',#11,#1555);
#7062 = PRODUCT_DEFINITION_SHAPE('Placement','Placement of an item',
  #7063);
#7063 = NEXT_ASSEMBLY_USAGE_OCCURRENCE('7','=>[0:1:1:5]','',#1549,#1572,
  $);
#7064 = PRODUCT_RELATED_PRODUCT_CATEGORY('part',$,(#1574));
#7065 = CONTEXT_DEPENDENT_SHAPE_REPRESENTATION(#7066,#7068);
#7066 = ( REPRESENTATION_RELATIONSHIP('','',#60,#10) 
REPRESENTATION_RELATIONSHIP_WITH_TRANSFORMATION(#7067) 
SHAPE_REPRESENTATION_RELATIONSHIP() );
#7067 = ITEM_DEFINED_TRANSFORMATION('','',#11,#39);
#7068 = PRODUCT_DEFINITION_SHAPE('Placement','Placement of an item',
  #7069);
#7069 = NEXT_ASSEMBLY_USAGE_OCCURRENCE('9','FILTER OUTPUT','',#5,#55,$);
#7070 = SHAPE_DEFINITION_REPRESENTATION(#7071,#7077);
#7071 = PRODUCT_DEFINITION_SHAPE('','',#7072);
#7072 = PRODUCT_DEFINITION('design','',#7073,#7076);
#7073 = PRODUCT_DEFINITION_FORMATION('','',#7074);
#7074 = PRODUCT('CapstoneMCU_PCB','CapstoneMCU_PCB','',(#7075));
#7075 = PRODUCT_CONTEXT('',#2,'mechanical');
#7076 = PRODUCT_DEFINITION_CONTEXT('part definition',#2,'design');
#7077 = ADVANCED_BREP_SHAPE_REPRESENTATION('',(#11,#7078),#9451);
#7078 = MANIFOLD_SOLID_BREP('',#7079);
#7079 = CLOSED_SHELL('',(#7080,#7120,#7151,#7182,#7826,#8470,#8482,#8499
    ,#8516,#8533,#8550,#8567,#8584,#8601,#8618,#8635,#8652,#8669,#8686,
    #8703,#8720,#8737,#8754,#8771,#8788,#8805,#8822,#8839,#8856,#8873,
    #8890,#8907,#8924,#8941,#8958,#8975,#8992,#9009,#9026,#9043,#9060,
    #9077,#9094,#9111,#9128,#9145,#9162,#9179,#9196,#9213,#9230,#9247,
    #9264,#9281,#9298,#9315,#9332,#9349,#9366,#9383,#9400,#9417,#9434));
#7080 = ADVANCED_FACE('',(#7081),#7115,.T.);
#7081 = FACE_BOUND('',#7082,.T.);
#7082 = EDGE_LOOP('',(#7083,#7093,#7101,#7109));
#7083 = ORIENTED_EDGE('',*,*,#7084,.T.);
#7084 = EDGE_CURVE('',#7085,#7087,#7089,.T.);
#7085 = VERTEX_POINT('',#7086);
#7086 = CARTESIAN_POINT('',(203.51,-116.402,0.));
#7087 = VERTEX_POINT('',#7088);
#7088 = CARTESIAN_POINT('',(203.51,-116.402,1.6));
#7089 = LINE('',#7090,#7091);
#7090 = CARTESIAN_POINT('',(203.51,-116.402,0.));
#7091 = VECTOR('',#7092,1.);
#7092 = DIRECTION('',(0.,0.,1.));
#7093 = ORIENTED_EDGE('',*,*,#7094,.T.);
#7094 = EDGE_CURVE('',#7087,#7095,#7097,.T.);
#7095 = VERTEX_POINT('',#7096);
#7096 = CARTESIAN_POINT('',(143.51,-116.402,1.6));
#7097 = LINE('',#7098,#7099);
#7098 = CARTESIAN_POINT('',(203.51,-116.402,1.6));
#7099 = VECTOR('',#7100,1.);
#7100 = DIRECTION('',(-1.,0.,0.));
#7101 = ORIENTED_EDGE('',*,*,#7102,.F.);
#7102 = EDGE_CURVE('',#7103,#7095,#7105,.T.);
#7103 = VERTEX_POINT('',#7104);
#7104 = CARTESIAN_POINT('',(143.51,-116.402,0.));
#7105 = LINE('',#7106,#7107);
#7106 = CARTESIAN_POINT('',(143.51,-116.402,0.));
#7107 = VECTOR('',#7108,1.);
#7108 = DIRECTION('',(0.,0.,1.));
#7109 = ORIENTED_EDGE('',*,*,#7110,.F.);
#7110 = EDGE_CURVE('',#7085,#7103,#7111,.T.);
#7111 = LINE('',#7112,#7113);
#7112 = CARTESIAN_POINT('',(203.51,-116.402,0.));
#7113 = VECTOR('',#7114,1.);
#7114 = DIRECTION('',(-1.,0.,0.));
#7115 = PLANE('',#7116);
#7116 = AXIS2_PLACEMENT_3D('',#7117,#7118,#7119);
#7117 = CARTESIAN_POINT('',(203.51,-116.402,0.));
#7118 = DIRECTION('',(0.,-1.,0.));
#7119 = DIRECTION('',(-1.,0.,0.));
#7120 = ADVANCED_FACE('',(#7121),#7146,.T.);
#7121 = FACE_BOUND('',#7122,.T.);
#7122 = EDGE_LOOP('',(#7123,#7133,#7139,#7140));
#7123 = ORIENTED_EDGE('',*,*,#7124,.T.);
#7124 = EDGE_CURVE('',#7125,#7127,#7129,.T.);
#7125 = VERTEX_POINT('',#7126);
#7126 = CARTESIAN_POINT('',(203.51,-42.418,0.));
#7127 = VERTEX_POINT('',#7128);
#7128 = CARTESIAN_POINT('',(203.51,-42.418,1.6));
#7129 = LINE('',#7130,#7131);
#7130 = CARTESIAN_POINT('',(203.51,-42.418,0.));
#7131 = VECTOR('',#7132,1.);
#7132 = DIRECTION('',(0.,0.,1.));
#7133 = ORIENTED_EDGE('',*,*,#7134,.T.);
#7134 = EDGE_CURVE('',#7127,#7087,#7135,.T.);
#7135 = LINE('',#7136,#7137);
#7136 = CARTESIAN_POINT('',(203.51,-42.418,1.6));
#7137 = VECTOR('',#7138,1.);
#7138 = DIRECTION('',(0.,-1.,0.));
#7139 = ORIENTED_EDGE('',*,*,#7084,.F.);
#7140 = ORIENTED_EDGE('',*,*,#7141,.F.);
#7141 = EDGE_CURVE('',#7125,#7085,#7142,.T.);
#7142 = LINE('',#7143,#7144);
#7143 = CARTESIAN_POINT('',(203.51,-42.418,0.));
#7144 = VECTOR('',#7145,1.);
#7145 = DIRECTION('',(0.,-1.,0.));
#7146 = PLANE('',#7147);
#7147 = AXIS2_PLACEMENT_3D('',#7148,#7149,#7150);
#7148 = CARTESIAN_POINT('',(203.51,-42.418,0.));
#7149 = DIRECTION('',(1.,0.,-0.));
#7150 = DIRECTION('',(0.,-1.,0.));
#7151 = ADVANCED_FACE('',(#7152),#7177,.T.);
#7152 = FACE_BOUND('',#7153,.T.);
#7153 = EDGE_LOOP('',(#7154,#7155,#7163,#7171));
#7154 = ORIENTED_EDGE('',*,*,#7102,.T.);
#7155 = ORIENTED_EDGE('',*,*,#7156,.T.);
#7156 = EDGE_CURVE('',#7095,#7157,#7159,.T.);
#7157 = VERTEX_POINT('',#7158);
#7158 = CARTESIAN_POINT('',(143.51,-42.418,1.6));
#7159 = LINE('',#7160,#7161);
#7160 = CARTESIAN_POINT('',(143.51,-116.402,1.6));
#7161 = VECTOR('',#7162,1.);
#7162 = DIRECTION('',(0.,1.,0.));
#7163 = ORIENTED_EDGE('',*,*,#7164,.F.);
#7164 = EDGE_CURVE('',#7165,#7157,#7167,.T.);
#7165 = VERTEX_POINT('',#7166);
#7166 = CARTESIAN_POINT('',(143.51,-42.418,0.));
#7167 = LINE('',#7168,#7169);
#7168 = CARTESIAN_POINT('',(143.51,-42.418,0.));
#7169 = VECTOR('',#7170,1.);
#7170 = DIRECTION('',(0.,0.,1.));
#7171 = ORIENTED_EDGE('',*,*,#7172,.F.);
#7172 = EDGE_CURVE('',#7103,#7165,#7173,.T.);
#7173 = LINE('',#7174,#7175);
#7174 = CARTESIAN_POINT('',(143.51,-116.402,0.));
#7175 = VECTOR('',#7176,1.);
#7176 = DIRECTION('',(0.,1.,0.));
#7177 = PLANE('',#7178);
#7178 = AXIS2_PLACEMENT_3D('',#7179,#7180,#7181);
#7179 = CARTESIAN_POINT('',(143.51,-116.402,0.));
#7180 = DIRECTION('',(-1.,0.,0.));
#7181 = DIRECTION('',(0.,1.,0.));
#7182 = ADVANCED_FACE('',(#7183,#7194,#7205,#7216,#7227,#7238,#7249,
    #7260,#7271,#7282,#7293,#7304,#7315,#7326,#7337,#7348,#7359,#7370,
    #7381,#7392,#7403,#7414,#7425,#7436,#7447,#7458,#7469,#7480,#7491,
    #7502,#7513,#7524,#7535,#7546,#7557,#7568,#7579,#7590,#7601,#7612,
    #7623,#7634,#7645,#7656,#7667,#7678,#7689,#7700,#7711,#7722,#7733,
    #7744,#7755,#7766,#7777,#7788,#7799,#7810),#7821,.F.);
#7183 = FACE_BOUND('',#7184,.F.);
#7184 = EDGE_LOOP('',(#7185,#7186,#7187,#7193));
#7185 = ORIENTED_EDGE('',*,*,#7110,.F.);
#7186 = ORIENTED_EDGE('',*,*,#7141,.F.);
#7187 = ORIENTED_EDGE('',*,*,#7188,.F.);
#7188 = EDGE_CURVE('',#7165,#7125,#7189,.T.);
#7189 = LINE('',#7190,#7191);
#7190 = CARTESIAN_POINT('',(143.51,-42.418,0.));
#7191 = VECTOR('',#7192,1.);
#7192 = DIRECTION('',(1.,0.,0.));
#7193 = ORIENTED_EDGE('',*,*,#7172,.F.);
#7194 = FACE_BOUND('',#7195,.F.);
#7195 = EDGE_LOOP('',(#7196));
#7196 = ORIENTED_EDGE('',*,*,#7197,.T.);
#7197 = EDGE_CURVE('',#7198,#7198,#7200,.T.);
#7198 = VERTEX_POINT('',#7199);
#7199 = CARTESIAN_POINT('',(160.528,-112.606,0.));
#7200 = CIRCLE('',#7201,1.1);
#7201 = AXIS2_PLACEMENT_3D('',#7202,#7203,#7204);
#7202 = CARTESIAN_POINT('',(160.528,-111.506,0.));
#7203 = DIRECTION('',(-0.,0.,-1.));
#7204 = DIRECTION('',(-0.,-1.,0.));
#7205 = FACE_BOUND('',#7206,.F.);
#7206 = EDGE_LOOP('',(#7207));
#7207 = ORIENTED_EDGE('',*,*,#7208,.T.);
#7208 = EDGE_CURVE('',#7209,#7209,#7211,.T.);
#7209 = VERTEX_POINT('',#7210);
#7210 = CARTESIAN_POINT('',(164.597,-107.688,0.));
#7211 = CIRCLE('',#7212,0.5);
#7212 = AXIS2_PLACEMENT_3D('',#7213,#7214,#7215);
#7213 = CARTESIAN_POINT('',(164.597,-107.188,0.));
#7214 = DIRECTION('',(-0.,0.,-1.));
#7215 = DIRECTION('',(-0.,-1.,0.));
#7216 = FACE_BOUND('',#7217,.F.);
#7217 = EDGE_LOOP('',(#7218));
#7218 = ORIENTED_EDGE('',*,*,#7219,.T.);
#7219 = EDGE_CURVE('',#7220,#7220,#7222,.T.);
#7220 = VERTEX_POINT('',#7221);
#7221 = CARTESIAN_POINT('',(167.137,-107.688,0.));
#7222 = CIRCLE('',#7223,0.5);
#7223 = AXIS2_PLACEMENT_3D('',#7224,#7225,#7226);
#7224 = CARTESIAN_POINT('',(167.137,-107.188,0.));
#7225 = DIRECTION('',(-0.,0.,-1.));
#7226 = DIRECTION('',(-0.,-1.,0.));
#7227 = FACE_BOUND('',#7228,.F.);
#7228 = EDGE_LOOP('',(#7229));
#7229 = ORIENTED_EDGE('',*,*,#7230,.T.);
#7230 = EDGE_CURVE('',#7231,#7231,#7233,.T.);
#7231 = VERTEX_POINT('',#7232);
#7232 = CARTESIAN_POINT('',(164.592,-97.4725,0.));
#7233 = CIRCLE('',#7234,0.4445);
#7234 = AXIS2_PLACEMENT_3D('',#7235,#7236,#7237);
#7235 = CARTESIAN_POINT('',(164.592,-97.028,0.));
#7236 = DIRECTION('',(-0.,0.,-1.));
#7237 = DIRECTION('',(6.39408536117E-14,-1.,-0.));
#7238 = FACE_BOUND('',#7239,.F.);
#7239 = EDGE_LOOP('',(#7240));
#7240 = ORIENTED_EDGE('',*,*,#7241,.T.);
#7241 = EDGE_CURVE('',#7242,#7242,#7244,.T.);
#7242 = VERTEX_POINT('',#7243);
#7243 = CARTESIAN_POINT('',(167.132,-97.4725,0.));
#7244 = CIRCLE('',#7245,0.4445);
#7245 = AXIS2_PLACEMENT_3D('',#7246,#7247,#7248);
#7246 = CARTESIAN_POINT('',(167.132,-97.028,0.));
#7247 = DIRECTION('',(-0.,0.,-1.));
#7248 = DIRECTION('',(-0.,-1.,0.));
#7249 = FACE_BOUND('',#7250,.F.);
#7250 = EDGE_LOOP('',(#7251));
#7251 = ORIENTED_EDGE('',*,*,#7252,.T.);
#7252 = EDGE_CURVE('',#7253,#7253,#7255,.T.);
#7253 = VERTEX_POINT('',#7254);
#7254 = CARTESIAN_POINT('',(169.672,-97.4725,0.));
#7255 = CIRCLE('',#7256,0.4445);
#7256 = AXIS2_PLACEMENT_3D('',#7257,#7258,#7259);
#7257 = CARTESIAN_POINT('',(169.672,-97.028,0.));
#7258 = DIRECTION('',(-0.,0.,-1.));
#7259 = DIRECTION('',(-0.,-1.,0.));
#7260 = FACE_BOUND('',#7261,.F.);
#7261 = EDGE_LOOP('',(#7262));
#7262 = ORIENTED_EDGE('',*,*,#7263,.T.);
#7263 = EDGE_CURVE('',#7264,#7264,#7266,.T.);
#7264 = VERTEX_POINT('',#7265);
#7265 = CARTESIAN_POINT('',(172.212,-97.4725,0.));
#7266 = CIRCLE('',#7267,0.4445);
#7267 = AXIS2_PLACEMENT_3D('',#7268,#7269,#7270);
#7268 = CARTESIAN_POINT('',(172.212,-97.028,0.));
#7269 = DIRECTION('',(-0.,0.,-1.));
#7270 = DIRECTION('',(-0.,-1.,0.));
#7271 = FACE_BOUND('',#7272,.F.);
#7272 = EDGE_LOOP('',(#7273));
#7273 = ORIENTED_EDGE('',*,*,#7274,.T.);
#7274 = EDGE_CURVE('',#7275,#7275,#7277,.T.);
#7275 = VERTEX_POINT('',#7276);
#7276 = CARTESIAN_POINT('',(164.592,-79.6925,0.));
#7277 = CIRCLE('',#7278,0.4445);
#7278 = AXIS2_PLACEMENT_3D('',#7279,#7280,#7281);
#7279 = CARTESIAN_POINT('',(164.592,-79.248,0.));
#7280 = DIRECTION('',(-0.,0.,-1.));
#7281 = DIRECTION('',(6.39408536117E-14,-1.,-0.));
#7282 = FACE_BOUND('',#7283,.F.);
#7283 = EDGE_LOOP('',(#7284));
#7284 = ORIENTED_EDGE('',*,*,#7285,.T.);
#7285 = EDGE_CURVE('',#7286,#7286,#7288,.T.);
#7286 = VERTEX_POINT('',#7287);
#7287 = CARTESIAN_POINT('',(167.132,-79.6925,0.));
#7288 = CIRCLE('',#7289,0.4445);
#7289 = AXIS2_PLACEMENT_3D('',#7290,#7291,#7292);
#7290 = CARTESIAN_POINT('',(167.132,-79.248,0.));
#7291 = DIRECTION('',(-0.,0.,-1.));
#7292 = DIRECTION('',(-0.,-1.,0.));
#7293 = FACE_BOUND('',#7294,.F.);
#7294 = EDGE_LOOP('',(#7295));
#7295 = ORIENTED_EDGE('',*,*,#7296,.T.);
#7296 = EDGE_CURVE('',#7297,#7297,#7299,.T.);
#7297 = VERTEX_POINT('',#7298);
#7298 = CARTESIAN_POINT('',(169.672,-79.6925,0.));
#7299 = CIRCLE('',#7300,0.4445);
#7300 = AXIS2_PLACEMENT_3D('',#7301,#7302,#7303);
#7301 = CARTESIAN_POINT('',(169.672,-79.248,0.));
#7302 = DIRECTION('',(-0.,0.,-1.));
#7303 = DIRECTION('',(-0.,-1.,0.));
#7304 = FACE_BOUND('',#7305,.F.);
#7305 = EDGE_LOOP('',(#7306));
#7306 = ORIENTED_EDGE('',*,*,#7307,.T.);
#7307 = EDGE_CURVE('',#7308,#7308,#7310,.T.);
#7308 = VERTEX_POINT('',#7309);
#7309 = CARTESIAN_POINT('',(172.212,-79.6925,0.));
#7310 = CIRCLE('',#7311,0.4445);
#7311 = AXIS2_PLACEMENT_3D('',#7312,#7313,#7314);
#7312 = CARTESIAN_POINT('',(172.212,-79.248,0.));
#7313 = DIRECTION('',(-0.,0.,-1.));
#7314 = DIRECTION('',(-0.,-1.,0.));
#7315 = FACE_BOUND('',#7316,.F.);
#7316 = EDGE_LOOP('',(#7317));
#7317 = ORIENTED_EDGE('',*,*,#7318,.T.);
#7318 = EDGE_CURVE('',#7319,#7319,#7321,.T.);
#7319 = VERTEX_POINT('',#7320);
#7320 = CARTESIAN_POINT('',(173.482,-107.942,0.));
#7321 = CIRCLE('',#7322,0.5);
#7322 = AXIS2_PLACEMENT_3D('',#7323,#7324,#7325);
#7323 = CARTESIAN_POINT('',(173.482,-107.442,0.));
#7324 = DIRECTION('',(-0.,0.,-1.));
#7325 = DIRECTION('',(-0.,-1.,0.));
#7326 = FACE_BOUND('',#7327,.F.);
#7327 = EDGE_LOOP('',(#7328));
#7328 = ORIENTED_EDGE('',*,*,#7329,.T.);
#7329 = EDGE_CURVE('',#7330,#7330,#7332,.T.);
#7330 = VERTEX_POINT('',#7331);
#7331 = CARTESIAN_POINT('',(176.022,-107.942,0.));
#7332 = CIRCLE('',#7333,0.5);
#7333 = AXIS2_PLACEMENT_3D('',#7334,#7335,#7336);
#7334 = CARTESIAN_POINT('',(176.022,-107.442,0.));
#7335 = DIRECTION('',(-0.,0.,-1.));
#7336 = DIRECTION('',(-0.,-1.,0.));
#7337 = FACE_BOUND('',#7338,.F.);
#7338 = EDGE_LOOP('',(#7339));
#7339 = ORIENTED_EDGE('',*,*,#7340,.T.);
#7340 = EDGE_CURVE('',#7341,#7341,#7343,.T.);
#7341 = VERTEX_POINT('',#7342);
#7342 = CARTESIAN_POINT('',(178.562,-107.942,0.));
#7343 = CIRCLE('',#7344,0.5);
#7344 = AXIS2_PLACEMENT_3D('',#7345,#7346,#7347);
#7345 = CARTESIAN_POINT('',(178.562,-107.442,0.));
#7346 = DIRECTION('',(-0.,0.,-1.));
#7347 = DIRECTION('',(-0.,-1.,0.));
#7348 = FACE_BOUND('',#7349,.F.);
#7349 = EDGE_LOOP('',(#7350));
#7350 = ORIENTED_EDGE('',*,*,#7351,.T.);
#7351 = EDGE_CURVE('',#7352,#7352,#7354,.T.);
#7352 = VERTEX_POINT('',#7353);
#7353 = CARTESIAN_POINT('',(181.102,-107.942,0.));
#7354 = CIRCLE('',#7355,0.5);
#7355 = AXIS2_PLACEMENT_3D('',#7356,#7357,#7358);
#7356 = CARTESIAN_POINT('',(181.102,-107.442,0.));
#7357 = DIRECTION('',(-0.,0.,-1.));
#7358 = DIRECTION('',(-0.,-1.,0.));
#7359 = FACE_BOUND('',#7360,.F.);
#7360 = EDGE_LOOP('',(#7361));
#7361 = ORIENTED_EDGE('',*,*,#7362,.T.);
#7362 = EDGE_CURVE('',#7363,#7363,#7365,.T.);
#7363 = VERTEX_POINT('',#7364);
#7364 = CARTESIAN_POINT('',(183.642,-107.942,0.));
#7365 = CIRCLE('',#7366,0.5);
#7366 = AXIS2_PLACEMENT_3D('',#7367,#7368,#7369);
#7367 = CARTESIAN_POINT('',(183.642,-107.442,0.));
#7368 = DIRECTION('',(-0.,0.,-1.));
#7369 = DIRECTION('',(-0.,-1.,0.));
#7370 = FACE_BOUND('',#7371,.F.);
#7371 = EDGE_LOOP('',(#7372));
#7372 = ORIENTED_EDGE('',*,*,#7373,.T.);
#7373 = EDGE_CURVE('',#7374,#7374,#7376,.T.);
#7374 = VERTEX_POINT('',#7375);
#7375 = CARTESIAN_POINT('',(186.182,-107.942,0.));
#7376 = CIRCLE('',#7377,0.5);
#7377 = AXIS2_PLACEMENT_3D('',#7378,#7379,#7380);
#7378 = CARTESIAN_POINT('',(186.182,-107.442,0.));
#7379 = DIRECTION('',(-0.,0.,-1.));
#7380 = DIRECTION('',(-0.,-1.,0.));
#7381 = FACE_BOUND('',#7382,.F.);
#7382 = EDGE_LOOP('',(#7383));
#7383 = ORIENTED_EDGE('',*,*,#7384,.T.);
#7384 = EDGE_CURVE('',#7385,#7385,#7387,.T.);
#7385 = VERTEX_POINT('',#7386);
#7386 = CARTESIAN_POINT('',(174.752,-97.4725,0.));
#7387 = CIRCLE('',#7388,0.4445);
#7388 = AXIS2_PLACEMENT_3D('',#7389,#7390,#7391);
#7389 = CARTESIAN_POINT('',(174.752,-97.028,0.));
#7390 = DIRECTION('',(-0.,0.,-1.));
#7391 = DIRECTION('',(-0.,-1.,0.));
#7392 = FACE_BOUND('',#7393,.F.);
#7393 = EDGE_LOOP('',(#7394));
#7394 = ORIENTED_EDGE('',*,*,#7395,.T.);
#7395 = EDGE_CURVE('',#7396,#7396,#7398,.T.);
#7396 = VERTEX_POINT('',#7397);
#7397 = CARTESIAN_POINT('',(177.292,-97.4725,0.));
#7398 = CIRCLE('',#7399,0.4445);
#7399 = AXIS2_PLACEMENT_3D('',#7400,#7401,#7402);
#7400 = CARTESIAN_POINT('',(177.292,-97.028,0.));
#7401 = DIRECTION('',(-0.,0.,-1.));
#7402 = DIRECTION('',(-0.,-1.,0.));
#7403 = FACE_BOUND('',#7404,.F.);
#7404 = EDGE_LOOP('',(#7405));
#7405 = ORIENTED_EDGE('',*,*,#7406,.T.);
#7406 = EDGE_CURVE('',#7407,#7407,#7409,.T.);
#7407 = VERTEX_POINT('',#7408);
#7408 = CARTESIAN_POINT('',(179.832,-97.4725,0.));
#7409 = CIRCLE('',#7410,0.4445);
#7410 = AXIS2_PLACEMENT_3D('',#7411,#7412,#7413);
#7411 = CARTESIAN_POINT('',(179.832,-97.028,0.));
#7412 = DIRECTION('',(-0.,0.,-1.));
#7413 = DIRECTION('',(-0.,-1.,0.));
#7414 = FACE_BOUND('',#7415,.F.);
#7415 = EDGE_LOOP('',(#7416));
#7416 = ORIENTED_EDGE('',*,*,#7417,.T.);
#7417 = EDGE_CURVE('',#7418,#7418,#7420,.T.);
#7418 = VERTEX_POINT('',#7419);
#7419 = CARTESIAN_POINT('',(182.372,-97.4725,0.));
#7420 = CIRCLE('',#7421,0.4445);
#7421 = AXIS2_PLACEMENT_3D('',#7422,#7423,#7424);
#7422 = CARTESIAN_POINT('',(182.372,-97.028,0.));
#7423 = DIRECTION('',(-0.,0.,-1.));
#7424 = DIRECTION('',(-0.,-1.,0.));
#7425 = FACE_BOUND('',#7426,.F.);
#7426 = EDGE_LOOP('',(#7427));
#7427 = ORIENTED_EDGE('',*,*,#7428,.T.);
#7428 = EDGE_CURVE('',#7429,#7429,#7431,.T.);
#7429 = VERTEX_POINT('',#7430);
#7430 = CARTESIAN_POINT('',(184.912,-97.4725,0.));
#7431 = CIRCLE('',#7432,0.4445);
#7432 = AXIS2_PLACEMENT_3D('',#7433,#7434,#7435);
#7433 = CARTESIAN_POINT('',(184.912,-97.028,0.));
#7434 = DIRECTION('',(-0.,0.,-1.));
#7435 = DIRECTION('',(-0.,-1.,0.));
#7436 = FACE_BOUND('',#7437,.F.);
#7437 = EDGE_LOOP('',(#7438));
#7438 = ORIENTED_EDGE('',*,*,#7439,.T.);
#7439 = EDGE_CURVE('',#7440,#7440,#7442,.T.);
#7440 = VERTEX_POINT('',#7441);
#7441 = CARTESIAN_POINT('',(188.722,-107.942,0.));
#7442 = CIRCLE('',#7443,0.5);
#7443 = AXIS2_PLACEMENT_3D('',#7444,#7445,#7446);
#7444 = CARTESIAN_POINT('',(188.722,-107.442,0.));
#7445 = DIRECTION('',(-0.,0.,-1.));
#7446 = DIRECTION('',(-0.,-1.,0.));
#7447 = FACE_BOUND('',#7448,.F.);
#7448 = EDGE_LOOP('',(#7449));
#7449 = ORIENTED_EDGE('',*,*,#7450,.T.);
#7450 = EDGE_CURVE('',#7451,#7451,#7453,.T.);
#7451 = VERTEX_POINT('',#7452);
#7452 = CARTESIAN_POINT('',(191.262,-107.942,0.));
#7453 = CIRCLE('',#7454,0.5);
#7454 = AXIS2_PLACEMENT_3D('',#7455,#7456,#7457);
#7455 = CARTESIAN_POINT('',(191.262,-107.442,0.));
#7456 = DIRECTION('',(-0.,0.,-1.));
#7457 = DIRECTION('',(-0.,-1.,0.));
#7458 = FACE_BOUND('',#7459,.F.);
#7459 = EDGE_LOOP('',(#7460));
#7460 = ORIENTED_EDGE('',*,*,#7461,.T.);
#7461 = EDGE_CURVE('',#7462,#7462,#7464,.T.);
#7462 = VERTEX_POINT('',#7463);
#7463 = CARTESIAN_POINT('',(193.802,-112.606,0.));
#7464 = CIRCLE('',#7465,1.1);
#7465 = AXIS2_PLACEMENT_3D('',#7466,#7467,#7468);
#7466 = CARTESIAN_POINT('',(193.802,-111.506,0.));
#7467 = DIRECTION('',(-0.,0.,-1.));
#7468 = DIRECTION('',(-0.,-1.,0.));
#7469 = FACE_BOUND('',#7470,.F.);
#7470 = EDGE_LOOP('',(#7471));
#7471 = ORIENTED_EDGE('',*,*,#7472,.T.);
#7472 = EDGE_CURVE('',#7473,#7473,#7475,.T.);
#7473 = VERTEX_POINT('',#7474);
#7474 = CARTESIAN_POINT('',(199.136,-109.466,0.));
#7475 = CIRCLE('',#7476,0.5);
#7476 = AXIS2_PLACEMENT_3D('',#7477,#7478,#7479);
#7477 = CARTESIAN_POINT('',(199.136,-108.966,0.));
#7478 = DIRECTION('',(-0.,0.,-1.));
#7479 = DIRECTION('',(-0.,-1.,0.));
#7480 = FACE_BOUND('',#7481,.F.);
#7481 = EDGE_LOOP('',(#7482));
#7482 = ORIENTED_EDGE('',*,*,#7483,.T.);
#7483 = EDGE_CURVE('',#7484,#7484,#7486,.T.);
#7484 = VERTEX_POINT('',#7485);
#7485 = CARTESIAN_POINT('',(199.136,-106.926,0.));
#7486 = CIRCLE('',#7487,0.5);
#7487 = AXIS2_PLACEMENT_3D('',#7488,#7489,#7490);
#7488 = CARTESIAN_POINT('',(199.136,-106.426,0.));
#7489 = DIRECTION('',(-0.,0.,-1.));
#7490 = DIRECTION('',(-0.,-1.,0.));
#7491 = FACE_BOUND('',#7492,.F.);
#7492 = EDGE_LOOP('',(#7493));
#7493 = ORIENTED_EDGE('',*,*,#7494,.T.);
#7494 = EDGE_CURVE('',#7495,#7495,#7497,.T.);
#7495 = VERTEX_POINT('',#7496);
#7496 = CARTESIAN_POINT('',(187.452,-97.4725,0.));
#7497 = CIRCLE('',#7498,0.4445);
#7498 = AXIS2_PLACEMENT_3D('',#7499,#7500,#7501);
#7499 = CARTESIAN_POINT('',(187.452,-97.028,0.));
#7500 = DIRECTION('',(-0.,0.,-1.));
#7501 = DIRECTION('',(-0.,-1.,0.));
#7502 = FACE_BOUND('',#7503,.F.);
#7503 = EDGE_LOOP('',(#7504));
#7504 = ORIENTED_EDGE('',*,*,#7505,.T.);
#7505 = EDGE_CURVE('',#7506,#7506,#7508,.T.);
#7506 = VERTEX_POINT('',#7507);
#7507 = CARTESIAN_POINT('',(189.992,-97.4725,0.));
#7508 = CIRCLE('',#7509,0.4445);
#7509 = AXIS2_PLACEMENT_3D('',#7510,#7511,#7512);
#7510 = CARTESIAN_POINT('',(189.992,-97.028,0.));
#7511 = DIRECTION('',(-0.,0.,-1.));
#7512 = DIRECTION('',(-6.394085361171E-14,-1.,0.));
#7513 = FACE_BOUND('',#7514,.F.);
#7514 = EDGE_LOOP('',(#7515));
#7515 = ORIENTED_EDGE('',*,*,#7516,.T.);
#7516 = EDGE_CURVE('',#7517,#7517,#7519,.T.);
#7517 = VERTEX_POINT('',#7518);
#7518 = CARTESIAN_POINT('',(192.532,-97.4725,0.));
#7519 = CIRCLE('',#7520,0.4445);
#7520 = AXIS2_PLACEMENT_3D('',#7521,#7522,#7523);
#7521 = CARTESIAN_POINT('',(192.532,-97.028,0.));
#7522 = DIRECTION('',(-0.,0.,-1.));
#7523 = DIRECTION('',(6.39408536117E-14,-1.,-0.));
#7524 = FACE_BOUND('',#7525,.F.);
#7525 = EDGE_LOOP('',(#7526));
#7526 = ORIENTED_EDGE('',*,*,#7527,.T.);
#7527 = EDGE_CURVE('',#7528,#7528,#7530,.T.);
#7528 = VERTEX_POINT('',#7529);
#7529 = CARTESIAN_POINT('',(174.752,-79.6925,0.));
#7530 = CIRCLE('',#7531,0.4445);
#7531 = AXIS2_PLACEMENT_3D('',#7532,#7533,#7534);
#7532 = CARTESIAN_POINT('',(174.752,-79.248,0.));
#7533 = DIRECTION('',(-0.,0.,-1.));
#7534 = DIRECTION('',(-0.,-1.,0.));
#7535 = FACE_BOUND('',#7536,.F.);
#7536 = EDGE_LOOP('',(#7537));
#7537 = ORIENTED_EDGE('',*,*,#7538,.T.);
#7538 = EDGE_CURVE('',#7539,#7539,#7541,.T.);
#7539 = VERTEX_POINT('',#7540);
#7540 = CARTESIAN_POINT('',(177.292,-79.6925,0.));
#7541 = CIRCLE('',#7542,0.4445);
#7542 = AXIS2_PLACEMENT_3D('',#7543,#7544,#7545);
#7543 = CARTESIAN_POINT('',(177.292,-79.248,0.));
#7544 = DIRECTION('',(-0.,0.,-1.));
#7545 = DIRECTION('',(-0.,-1.,0.));
#7546 = FACE_BOUND('',#7547,.F.);
#7547 = EDGE_LOOP('',(#7548));
#7548 = ORIENTED_EDGE('',*,*,#7549,.T.);
#7549 = EDGE_CURVE('',#7550,#7550,#7552,.T.);
#7550 = VERTEX_POINT('',#7551);
#7551 = CARTESIAN_POINT('',(179.832,-79.6925,0.));
#7552 = CIRCLE('',#7553,0.4445);
#7553 = AXIS2_PLACEMENT_3D('',#7554,#7555,#7556);
#7554 = CARTESIAN_POINT('',(179.832,-79.248,0.));
#7555 = DIRECTION('',(-0.,0.,-1.));
#7556 = DIRECTION('',(-0.,-1.,0.));
#7557 = FACE_BOUND('',#7558,.F.);
#7558 = EDGE_LOOP('',(#7559));
#7559 = ORIENTED_EDGE('',*,*,#7560,.T.);
#7560 = EDGE_CURVE('',#7561,#7561,#7563,.T.);
#7561 = VERTEX_POINT('',#7562);
#7562 = CARTESIAN_POINT('',(182.372,-79.6925,0.));
#7563 = CIRCLE('',#7564,0.4445);
#7564 = AXIS2_PLACEMENT_3D('',#7565,#7566,#7567);
#7565 = CARTESIAN_POINT('',(182.372,-79.248,0.));
#7566 = DIRECTION('',(-0.,0.,-1.));
#7567 = DIRECTION('',(-0.,-1.,0.));
#7568 = FACE_BOUND('',#7569,.F.);
#7569 = EDGE_LOOP('',(#7570));
#7570 = ORIENTED_EDGE('',*,*,#7571,.T.);
#7571 = EDGE_CURVE('',#7572,#7572,#7574,.T.);
#7572 = VERTEX_POINT('',#7573);
#7573 = CARTESIAN_POINT('',(184.912,-79.6925,0.));
#7574 = CIRCLE('',#7575,0.4445);
#7575 = AXIS2_PLACEMENT_3D('',#7576,#7577,#7578);
#7576 = CARTESIAN_POINT('',(184.912,-79.248,0.));
#7577 = DIRECTION('',(-0.,0.,-1.));
#7578 = DIRECTION('',(-0.,-1.,0.));
#7579 = FACE_BOUND('',#7580,.F.);
#7580 = EDGE_LOOP('',(#7581));
#7581 = ORIENTED_EDGE('',*,*,#7582,.T.);
#7582 = EDGE_CURVE('',#7583,#7583,#7585,.T.);
#7583 = VERTEX_POINT('',#7584);
#7584 = CARTESIAN_POINT('',(187.452,-79.6925,0.));
#7585 = CIRCLE('',#7586,0.4445);
#7586 = AXIS2_PLACEMENT_3D('',#7587,#7588,#7589);
#7587 = CARTESIAN_POINT('',(187.452,-79.248,0.));
#7588 = DIRECTION('',(-0.,0.,-1.));
#7589 = DIRECTION('',(-0.,-1.,0.));
#7590 = FACE_BOUND('',#7591,.F.);
#7591 = EDGE_LOOP('',(#7592));
#7592 = ORIENTED_EDGE('',*,*,#7593,.T.);
#7593 = EDGE_CURVE('',#7594,#7594,#7596,.T.);
#7594 = VERTEX_POINT('',#7595);
#7595 = CARTESIAN_POINT('',(189.992,-79.6925,0.));
#7596 = CIRCLE('',#7597,0.4445);
#7597 = AXIS2_PLACEMENT_3D('',#7598,#7599,#7600);
#7598 = CARTESIAN_POINT('',(189.992,-79.248,0.));
#7599 = DIRECTION('',(-0.,0.,-1.));
#7600 = DIRECTION('',(-6.394085361171E-14,-1.,0.));
#7601 = FACE_BOUND('',#7602,.F.);
#7602 = EDGE_LOOP('',(#7603));
#7603 = ORIENTED_EDGE('',*,*,#7604,.T.);
#7604 = EDGE_CURVE('',#7605,#7605,#7607,.T.);
#7605 = VERTEX_POINT('',#7606);
#7606 = CARTESIAN_POINT('',(192.532,-79.6925,0.));
#7607 = CIRCLE('',#7608,0.4445);
#7608 = AXIS2_PLACEMENT_3D('',#7609,#7610,#7611);
#7609 = CARTESIAN_POINT('',(192.532,-79.248,0.));
#7610 = DIRECTION('',(-0.,0.,-1.));
#7611 = DIRECTION('',(6.39408536117E-14,-1.,-0.));
#7612 = FACE_BOUND('',#7613,.F.);
#7613 = EDGE_LOOP('',(#7614));
#7614 = ORIENTED_EDGE('',*,*,#7615,.T.);
#7615 = EDGE_CURVE('',#7616,#7616,#7618,.T.);
#7616 = VERTEX_POINT('',#7617);
#7617 = CARTESIAN_POINT('',(151.765,-69.588,0.));
#7618 = CIRCLE('',#7619,0.5);
#7619 = AXIS2_PLACEMENT_3D('',#7620,#7621,#7622);
#7620 = CARTESIAN_POINT('',(151.765,-69.088,0.));
#7621 = DIRECTION('',(-0.,0.,-1.));
#7622 = DIRECTION('',(-0.,-1.,0.));
#7623 = FACE_BOUND('',#7624,.F.);
#7624 = EDGE_LOOP('',(#7625));
#7625 = ORIENTED_EDGE('',*,*,#7626,.T.);
#7626 = EDGE_CURVE('',#7627,#7627,#7629,.T.);
#7627 = VERTEX_POINT('',#7628);
#7628 = CARTESIAN_POINT('',(151.765,-67.048,0.));
#7629 = CIRCLE('',#7630,0.5);
#7630 = AXIS2_PLACEMENT_3D('',#7631,#7632,#7633);
#7631 = CARTESIAN_POINT('',(151.765,-66.548,0.));
#7632 = DIRECTION('',(-0.,0.,-1.));
#7633 = DIRECTION('',(-0.,-1.,0.));
#7634 = FACE_BOUND('',#7635,.F.);
#7635 = EDGE_LOOP('',(#7636));
#7636 = ORIENTED_EDGE('',*,*,#7637,.T.);
#7637 = EDGE_CURVE('',#7638,#7638,#7640,.T.);
#7638 = VERTEX_POINT('',#7639);
#7639 = CARTESIAN_POINT('',(159.131,-69.588,0.));
#7640 = CIRCLE('',#7641,0.5);
#7641 = AXIS2_PLACEMENT_3D('',#7642,#7643,#7644);
#7642 = CARTESIAN_POINT('',(159.131,-69.088,0.));
#7643 = DIRECTION('',(-0.,0.,-1.));
#7644 = DIRECTION('',(-0.,-1.,0.));
#7645 = FACE_BOUND('',#7646,.F.);
#7646 = EDGE_LOOP('',(#7647));
#7647 = ORIENTED_EDGE('',*,*,#7648,.T.);
#7648 = EDGE_CURVE('',#7649,#7649,#7651,.T.);
#7649 = VERTEX_POINT('',#7650);
#7650 = CARTESIAN_POINT('',(159.131,-67.048,0.));
#7651 = CIRCLE('',#7652,0.5);
#7652 = AXIS2_PLACEMENT_3D('',#7653,#7654,#7655);
#7653 = CARTESIAN_POINT('',(159.131,-66.548,0.));
#7654 = DIRECTION('',(-0.,0.,-1.));
#7655 = DIRECTION('',(-0.,-1.,0.));
#7656 = FACE_BOUND('',#7657,.F.);
#7657 = EDGE_LOOP('',(#7658));
#7658 = ORIENTED_EDGE('',*,*,#7659,.T.);
#7659 = EDGE_CURVE('',#7660,#7660,#7662,.T.);
#7660 = VERTEX_POINT('',#7661);
#7661 = CARTESIAN_POINT('',(151.638,-60.185,0.));
#7662 = CIRCLE('',#7663,0.5);
#7663 = AXIS2_PLACEMENT_3D('',#7664,#7665,#7666);
#7664 = CARTESIAN_POINT('',(151.638,-59.685,0.));
#7665 = DIRECTION('',(-0.,0.,-1.));
#7666 = DIRECTION('',(-0.,-1.,0.));
#7667 = FACE_BOUND('',#7668,.F.);
#7668 = EDGE_LOOP('',(#7669));
#7669 = ORIENTED_EDGE('',*,*,#7670,.T.);
#7670 = EDGE_CURVE('',#7671,#7671,#7673,.T.);
#7671 = VERTEX_POINT('',#7672);
#7672 = CARTESIAN_POINT('',(151.638,-57.645,0.));
#7673 = CIRCLE('',#7674,0.5);
#7674 = AXIS2_PLACEMENT_3D('',#7675,#7676,#7677);
#7675 = CARTESIAN_POINT('',(151.638,-57.145,0.));
#7676 = DIRECTION('',(-0.,0.,-1.));
#7677 = DIRECTION('',(-0.,-1.,0.));
#7678 = FACE_BOUND('',#7679,.F.);
#7679 = EDGE_LOOP('',(#7680));
#7680 = ORIENTED_EDGE('',*,*,#7681,.T.);
#7681 = EDGE_CURVE('',#7682,#7682,#7684,.T.);
#7682 = VERTEX_POINT('',#7683);
#7683 = CARTESIAN_POINT('',(159.258,-60.185,0.));
#7684 = CIRCLE('',#7685,0.5);
#7685 = AXIS2_PLACEMENT_3D('',#7686,#7687,#7688);
#7686 = CARTESIAN_POINT('',(159.258,-59.685,0.));
#7687 = DIRECTION('',(-0.,0.,-1.));
#7688 = DIRECTION('',(-0.,-1.,0.));
#7689 = FACE_BOUND('',#7690,.F.);
#7690 = EDGE_LOOP('',(#7691));
#7691 = ORIENTED_EDGE('',*,*,#7692,.T.);
#7692 = EDGE_CURVE('',#7693,#7693,#7695,.T.);
#7693 = VERTEX_POINT('',#7694);
#7694 = CARTESIAN_POINT('',(159.258,-57.645,0.));
#7695 = CIRCLE('',#7696,0.5);
#7696 = AXIS2_PLACEMENT_3D('',#7697,#7698,#7699);
#7697 = CARTESIAN_POINT('',(159.258,-57.145,0.));
#7698 = DIRECTION('',(-0.,0.,-1.));
#7699 = DIRECTION('',(-0.,-1.,0.));
#7700 = FACE_BOUND('',#7701,.F.);
#7701 = EDGE_LOOP('',(#7702));
#7702 = ORIENTED_EDGE('',*,*,#7703,.T.);
#7703 = EDGE_CURVE('',#7704,#7704,#7706,.T.);
#7704 = VERTEX_POINT('',#7705);
#7705 = CARTESIAN_POINT('',(147.574,-47.582,0.));
#7706 = CIRCLE('',#7707,1.1);
#7707 = AXIS2_PLACEMENT_3D('',#7708,#7709,#7710);
#7708 = CARTESIAN_POINT('',(147.574,-46.482,0.));
#7709 = DIRECTION('',(-0.,0.,-1.));
#7710 = DIRECTION('',(-0.,-1.,0.));
#7711 = FACE_BOUND('',#7712,.F.);
#7712 = EDGE_LOOP('',(#7713));
#7713 = ORIENTED_EDGE('',*,*,#7714,.T.);
#7714 = EDGE_CURVE('',#7715,#7715,#7717,.T.);
#7715 = VERTEX_POINT('',#7716);
#7716 = CARTESIAN_POINT('',(174.752,-70.5485,0.));
#7717 = CIRCLE('',#7718,0.4445);
#7718 = AXIS2_PLACEMENT_3D('',#7719,#7720,#7721);
#7719 = CARTESIAN_POINT('',(174.752,-70.104,0.));
#7720 = DIRECTION('',(-0.,0.,-1.));
#7721 = DIRECTION('',(-0.,-1.,0.));
#7722 = FACE_BOUND('',#7723,.F.);
#7723 = EDGE_LOOP('',(#7724));
#7724 = ORIENTED_EDGE('',*,*,#7725,.T.);
#7725 = EDGE_CURVE('',#7726,#7726,#7728,.T.);
#7726 = VERTEX_POINT('',#7727);
#7727 = CARTESIAN_POINT('',(174.752,-68.0085,0.));
#7728 = CIRCLE('',#7729,0.4445);
#7729 = AXIS2_PLACEMENT_3D('',#7730,#7731,#7732);
#7730 = CARTESIAN_POINT('',(174.752,-67.564,0.));
#7731 = DIRECTION('',(-0.,0.,-1.));
#7732 = DIRECTION('',(-0.,-1.,0.));
#7733 = FACE_BOUND('',#7734,.F.);
#7734 = EDGE_LOOP('',(#7735));
#7735 = ORIENTED_EDGE('',*,*,#7736,.T.);
#7736 = EDGE_CURVE('',#7737,#7737,#7739,.T.);
#7737 = VERTEX_POINT('',#7738);
#7738 = CARTESIAN_POINT('',(174.752,-65.4685,0.));
#7739 = CIRCLE('',#7740,0.4445);
#7740 = AXIS2_PLACEMENT_3D('',#7741,#7742,#7743);
#7741 = CARTESIAN_POINT('',(174.752,-65.024,0.));
#7742 = DIRECTION('',(-0.,0.,-1.));
#7743 = DIRECTION('',(-0.,-1.,0.));
#7744 = FACE_BOUND('',#7745,.F.);
#7745 = EDGE_LOOP('',(#7746));
#7746 = ORIENTED_EDGE('',*,*,#7747,.T.);
#7747 = EDGE_CURVE('',#7748,#7748,#7750,.T.);
#7748 = VERTEX_POINT('',#7749);
#7749 = CARTESIAN_POINT('',(174.752,-62.9285,0.));
#7750 = CIRCLE('',#7751,0.4445);
#7751 = AXIS2_PLACEMENT_3D('',#7752,#7753,#7754);
#7752 = CARTESIAN_POINT('',(174.752,-62.484,0.));
#7753 = DIRECTION('',(-0.,0.,-1.));
#7754 = DIRECTION('',(-0.,-1.,0.));
#7755 = FACE_BOUND('',#7756,.F.);
#7756 = EDGE_LOOP('',(#7757));
#7757 = ORIENTED_EDGE('',*,*,#7758,.T.);
#7758 = EDGE_CURVE('',#7759,#7759,#7761,.T.);
#7759 = VERTEX_POINT('',#7760);
#7760 = CARTESIAN_POINT('',(174.752,-60.3885,0.));
#7761 = CIRCLE('',#7762,0.4445);
#7762 = AXIS2_PLACEMENT_3D('',#7763,#7764,#7765);
#7763 = CARTESIAN_POINT('',(174.752,-59.944,0.));
#7764 = DIRECTION('',(-0.,0.,-1.));
#7765 = DIRECTION('',(-0.,-1.,0.));
#7766 = FACE_BOUND('',#7767,.F.);
#7767 = EDGE_LOOP('',(#7768));
#7768 = ORIENTED_EDGE('',*,*,#7769,.T.);
#7769 = EDGE_CURVE('',#7770,#7770,#7772,.T.);
#7770 = VERTEX_POINT('',#7771);
#7771 = CARTESIAN_POINT('',(174.752,-57.8485,0.));
#7772 = CIRCLE('',#7773,0.4445);
#7773 = AXIS2_PLACEMENT_3D('',#7774,#7775,#7776);
#7774 = CARTESIAN_POINT('',(174.752,-57.404,0.));
#7775 = DIRECTION('',(-0.,0.,-1.));
#7776 = DIRECTION('',(-0.,-1.,0.));
#7777 = FACE_BOUND('',#7778,.F.);
#7778 = EDGE_LOOP('',(#7779));
#7779 = ORIENTED_EDGE('',*,*,#7780,.T.);
#7780 = EDGE_CURVE('',#7781,#7781,#7783,.T.);
#7781 = VERTEX_POINT('',#7782);
#7782 = CARTESIAN_POINT('',(174.752,-55.3085,0.));
#7783 = CIRCLE('',#7784,0.4445);
#7784 = AXIS2_PLACEMENT_3D('',#7785,#7786,#7787);
#7785 = CARTESIAN_POINT('',(174.752,-54.864,0.));
#7786 = DIRECTION('',(-0.,0.,-1.));
#7787 = DIRECTION('',(-0.,-1.,0.));
#7788 = FACE_BOUND('',#7789,.F.);
#7789 = EDGE_LOOP('',(#7790));
#7790 = ORIENTED_EDGE('',*,*,#7791,.T.);
#7791 = EDGE_CURVE('',#7792,#7792,#7794,.T.);
#7792 = VERTEX_POINT('',#7793);
#7793 = CARTESIAN_POINT('',(174.752,-52.7685,0.));
#7794 = CIRCLE('',#7795,0.4445);
#7795 = AXIS2_PLACEMENT_3D('',#7796,#7797,#7798);
#7796 = CARTESIAN_POINT('',(174.752,-52.324,0.));
#7797 = DIRECTION('',(-0.,0.,-1.));
#7798 = DIRECTION('',(-0.,-1.,0.));
#7799 = FACE_BOUND('',#7800,.F.);
#7800 = EDGE_LOOP('',(#7801));
#7801 = ORIENTED_EDGE('',*,*,#7802,.T.);
#7802 = EDGE_CURVE('',#7803,#7803,#7805,.T.);
#7803 = VERTEX_POINT('',#7804);
#7804 = CARTESIAN_POINT('',(174.752,-50.2285,0.));
#7805 = CIRCLE('',#7806,0.4445);
#7806 = AXIS2_PLACEMENT_3D('',#7807,#7808,#7809);
#7807 = CARTESIAN_POINT('',(174.752,-49.784,0.));
#7808 = DIRECTION('',(-0.,0.,-1.));
#7809 = DIRECTION('',(-0.,-1.,0.));
#7810 = FACE_BOUND('',#7811,.F.);
#7811 = EDGE_LOOP('',(#7812));
#7812 = ORIENTED_EDGE('',*,*,#7813,.T.);
#7813 = EDGE_CURVE('',#7814,#7814,#7816,.T.);
#7814 = VERTEX_POINT('',#7815);
#7815 = CARTESIAN_POINT('',(199.136,-47.582,0.));
#7816 = CIRCLE('',#7817,1.1);
#7817 = AXIS2_PLACEMENT_3D('',#7818,#7819,#7820);
#7818 = CARTESIAN_POINT('',(199.136,-46.482,0.));
#7819 = DIRECTION('',(-0.,0.,-1.));
#7820 = DIRECTION('',(-0.,-1.,0.));
#7821 = PLANE('',#7822);
#7822 = AXIS2_PLACEMENT_3D('',#7823,#7824,#7825);
#7823 = CARTESIAN_POINT('',(0.,0.,0.));
#7824 = DIRECTION('',(0.,0.,1.));
#7825 = DIRECTION('',(1.,0.,-0.));
#7826 = ADVANCED_FACE('',(#7827,#7838,#7849,#7860,#7871,#7882,#7893,
    #7904,#7915,#7926,#7937,#7948,#7959,#7970,#7981,#7992,#8003,#8014,
    #8025,#8036,#8047,#8058,#8069,#8080,#8091,#8102,#8113,#8124,#8135,
    #8146,#8157,#8168,#8179,#8190,#8201,#8212,#8223,#8234,#8245,#8256,
    #8267,#8278,#8289,#8300,#8311,#8322,#8333,#8344,#8355,#8366,#8377,
    #8388,#8399,#8410,#8421,#8432,#8443,#8454),#8465,.T.);
#7827 = FACE_BOUND('',#7828,.T.);
#7828 = EDGE_LOOP('',(#7829,#7830,#7831,#7837));
#7829 = ORIENTED_EDGE('',*,*,#7094,.F.);
#7830 = ORIENTED_EDGE('',*,*,#7134,.F.);
#7831 = ORIENTED_EDGE('',*,*,#7832,.F.);
#7832 = EDGE_CURVE('',#7157,#7127,#7833,.T.);
#7833 = LINE('',#7834,#7835);
#7834 = CARTESIAN_POINT('',(143.51,-42.418,1.6));
#7835 = VECTOR('',#7836,1.);
#7836 = DIRECTION('',(1.,0.,0.));
#7837 = ORIENTED_EDGE('',*,*,#7156,.F.);
#7838 = FACE_BOUND('',#7839,.T.);
#7839 = EDGE_LOOP('',(#7840));
#7840 = ORIENTED_EDGE('',*,*,#7841,.T.);
#7841 = EDGE_CURVE('',#7842,#7842,#7844,.T.);
#7842 = VERTEX_POINT('',#7843);
#7843 = CARTESIAN_POINT('',(160.528,-112.606,1.6));
#7844 = CIRCLE('',#7845,1.1);
#7845 = AXIS2_PLACEMENT_3D('',#7846,#7847,#7848);
#7846 = CARTESIAN_POINT('',(160.528,-111.506,1.6));
#7847 = DIRECTION('',(-0.,0.,-1.));
#7848 = DIRECTION('',(-0.,-1.,0.));
#7849 = FACE_BOUND('',#7850,.T.);
#7850 = EDGE_LOOP('',(#7851));
#7851 = ORIENTED_EDGE('',*,*,#7852,.T.);
#7852 = EDGE_CURVE('',#7853,#7853,#7855,.T.);
#7853 = VERTEX_POINT('',#7854);
#7854 = CARTESIAN_POINT('',(164.597,-107.688,1.6));
#7855 = CIRCLE('',#7856,0.5);
#7856 = AXIS2_PLACEMENT_3D('',#7857,#7858,#7859);
#7857 = CARTESIAN_POINT('',(164.597,-107.188,1.6));
#7858 = DIRECTION('',(-0.,0.,-1.));
#7859 = DIRECTION('',(-0.,-1.,0.));
#7860 = FACE_BOUND('',#7861,.T.);
#7861 = EDGE_LOOP('',(#7862));
#7862 = ORIENTED_EDGE('',*,*,#7863,.T.);
#7863 = EDGE_CURVE('',#7864,#7864,#7866,.T.);
#7864 = VERTEX_POINT('',#7865);
#7865 = CARTESIAN_POINT('',(167.137,-107.688,1.6));
#7866 = CIRCLE('',#7867,0.5);
#7867 = AXIS2_PLACEMENT_3D('',#7868,#7869,#7870);
#7868 = CARTESIAN_POINT('',(167.137,-107.188,1.6));
#7869 = DIRECTION('',(-0.,0.,-1.));
#7870 = DIRECTION('',(-0.,-1.,0.));
#7871 = FACE_BOUND('',#7872,.T.);
#7872 = EDGE_LOOP('',(#7873));
#7873 = ORIENTED_EDGE('',*,*,#7874,.T.);
#7874 = EDGE_CURVE('',#7875,#7875,#7877,.T.);
#7875 = VERTEX_POINT('',#7876);
#7876 = CARTESIAN_POINT('',(164.592,-97.4725,1.6));
#7877 = CIRCLE('',#7878,0.4445);
#7878 = AXIS2_PLACEMENT_3D('',#7879,#7880,#7881);
#7879 = CARTESIAN_POINT('',(164.592,-97.028,1.6));
#7880 = DIRECTION('',(-0.,0.,-1.));
#7881 = DIRECTION('',(6.39408536117E-14,-1.,-0.));
#7882 = FACE_BOUND('',#7883,.T.);
#7883 = EDGE_LOOP('',(#7884));
#7884 = ORIENTED_EDGE('',*,*,#7885,.T.);
#7885 = EDGE_CURVE('',#7886,#7886,#7888,.T.);
#7886 = VERTEX_POINT('',#7887);
#7887 = CARTESIAN_POINT('',(167.132,-97.4725,1.6));
#7888 = CIRCLE('',#7889,0.4445);
#7889 = AXIS2_PLACEMENT_3D('',#7890,#7891,#7892);
#7890 = CARTESIAN_POINT('',(167.132,-97.028,1.6));
#7891 = DIRECTION('',(-0.,0.,-1.));
#7892 = DIRECTION('',(-0.,-1.,0.));
#7893 = FACE_BOUND('',#7894,.T.);
#7894 = EDGE_LOOP('',(#7895));
#7895 = ORIENTED_EDGE('',*,*,#7896,.T.);
#7896 = EDGE_CURVE('',#7897,#7897,#7899,.T.);
#7897 = VERTEX_POINT('',#7898);
#7898 = CARTESIAN_POINT('',(169.672,-97.4725,1.6));
#7899 = CIRCLE('',#7900,0.4445);
#7900 = AXIS2_PLACEMENT_3D('',#7901,#7902,#7903);
#7901 = CARTESIAN_POINT('',(169.672,-97.028,1.6));
#7902 = DIRECTION('',(-0.,0.,-1.));
#7903 = DIRECTION('',(-0.,-1.,0.));
#7904 = FACE_BOUND('',#7905,.T.);
#7905 = EDGE_LOOP('',(#7906));
#7906 = ORIENTED_EDGE('',*,*,#7907,.T.);
#7907 = EDGE_CURVE('',#7908,#7908,#7910,.T.);
#7908 = VERTEX_POINT('',#7909);
#7909 = CARTESIAN_POINT('',(172.212,-97.4725,1.6));
#7910 = CIRCLE('',#7911,0.4445);
#7911 = AXIS2_PLACEMENT_3D('',#7912,#7913,#7914);
#7912 = CARTESIAN_POINT('',(172.212,-97.028,1.6));
#7913 = DIRECTION('',(-0.,0.,-1.));
#7914 = DIRECTION('',(-0.,-1.,0.));
#7915 = FACE_BOUND('',#7916,.T.);
#7916 = EDGE_LOOP('',(#7917));
#7917 = ORIENTED_EDGE('',*,*,#7918,.T.);
#7918 = EDGE_CURVE('',#7919,#7919,#7921,.T.);
#7919 = VERTEX_POINT('',#7920);
#7920 = CARTESIAN_POINT('',(164.592,-79.6925,1.6));
#7921 = CIRCLE('',#7922,0.4445);
#7922 = AXIS2_PLACEMENT_3D('',#7923,#7924,#7925);
#7923 = CARTESIAN_POINT('',(164.592,-79.248,1.6));
#7924 = DIRECTION('',(-0.,0.,-1.));
#7925 = DIRECTION('',(6.39408536117E-14,-1.,-0.));
#7926 = FACE_BOUND('',#7927,.T.);
#7927 = EDGE_LOOP('',(#7928));
#7928 = ORIENTED_EDGE('',*,*,#7929,.T.);
#7929 = EDGE_CURVE('',#7930,#7930,#7932,.T.);
#7930 = VERTEX_POINT('',#7931);
#7931 = CARTESIAN_POINT('',(167.132,-79.6925,1.6));
#7932 = CIRCLE('',#7933,0.4445);
#7933 = AXIS2_PLACEMENT_3D('',#7934,#7935,#7936);
#7934 = CARTESIAN_POINT('',(167.132,-79.248,1.6));
#7935 = DIRECTION('',(-0.,0.,-1.));
#7936 = DIRECTION('',(-0.,-1.,0.));
#7937 = FACE_BOUND('',#7938,.T.);
#7938 = EDGE_LOOP('',(#7939));
#7939 = ORIENTED_EDGE('',*,*,#7940,.T.);
#7940 = EDGE_CURVE('',#7941,#7941,#7943,.T.);
#7941 = VERTEX_POINT('',#7942);
#7942 = CARTESIAN_POINT('',(169.672,-79.6925,1.6));
#7943 = CIRCLE('',#7944,0.4445);
#7944 = AXIS2_PLACEMENT_3D('',#7945,#7946,#7947);
#7945 = CARTESIAN_POINT('',(169.672,-79.248,1.6));
#7946 = DIRECTION('',(-0.,0.,-1.));
#7947 = DIRECTION('',(-0.,-1.,0.));
#7948 = FACE_BOUND('',#7949,.T.);
#7949 = EDGE_LOOP('',(#7950));
#7950 = ORIENTED_EDGE('',*,*,#7951,.T.);
#7951 = EDGE_CURVE('',#7952,#7952,#7954,.T.);
#7952 = VERTEX_POINT('',#7953);
#7953 = CARTESIAN_POINT('',(172.212,-79.6925,1.6));
#7954 = CIRCLE('',#7955,0.4445);
#7955 = AXIS2_PLACEMENT_3D('',#7956,#7957,#7958);
#7956 = CARTESIAN_POINT('',(172.212,-79.248,1.6));
#7957 = DIRECTION('',(-0.,0.,-1.));
#7958 = DIRECTION('',(-0.,-1.,0.));
#7959 = FACE_BOUND('',#7960,.T.);
#7960 = EDGE_LOOP('',(#7961));
#7961 = ORIENTED_EDGE('',*,*,#7962,.T.);
#7962 = EDGE_CURVE('',#7963,#7963,#7965,.T.);
#7963 = VERTEX_POINT('',#7964);
#7964 = CARTESIAN_POINT('',(173.482,-107.942,1.6));
#7965 = CIRCLE('',#7966,0.5);
#7966 = AXIS2_PLACEMENT_3D('',#7967,#7968,#7969);
#7967 = CARTESIAN_POINT('',(173.482,-107.442,1.6));
#7968 = DIRECTION('',(-0.,0.,-1.));
#7969 = DIRECTION('',(-0.,-1.,0.));
#7970 = FACE_BOUND('',#7971,.T.);
#7971 = EDGE_LOOP('',(#7972));
#7972 = ORIENTED_EDGE('',*,*,#7973,.T.);
#7973 = EDGE_CURVE('',#7974,#7974,#7976,.T.);
#7974 = VERTEX_POINT('',#7975);
#7975 = CARTESIAN_POINT('',(176.022,-107.942,1.6));
#7976 = CIRCLE('',#7977,0.5);
#7977 = AXIS2_PLACEMENT_3D('',#7978,#7979,#7980);
#7978 = CARTESIAN_POINT('',(176.022,-107.442,1.6));
#7979 = DIRECTION('',(-0.,0.,-1.));
#7980 = DIRECTION('',(-0.,-1.,0.));
#7981 = FACE_BOUND('',#7982,.T.);
#7982 = EDGE_LOOP('',(#7983));
#7983 = ORIENTED_EDGE('',*,*,#7984,.T.);
#7984 = EDGE_CURVE('',#7985,#7985,#7987,.T.);
#7985 = VERTEX_POINT('',#7986);
#7986 = CARTESIAN_POINT('',(178.562,-107.942,1.6));
#7987 = CIRCLE('',#7988,0.5);
#7988 = AXIS2_PLACEMENT_3D('',#7989,#7990,#7991);
#7989 = CARTESIAN_POINT('',(178.562,-107.442,1.6));
#7990 = DIRECTION('',(-0.,0.,-1.));
#7991 = DIRECTION('',(-0.,-1.,0.));
#7992 = FACE_BOUND('',#7993,.T.);
#7993 = EDGE_LOOP('',(#7994));
#7994 = ORIENTED_EDGE('',*,*,#7995,.T.);
#7995 = EDGE_CURVE('',#7996,#7996,#7998,.T.);
#7996 = VERTEX_POINT('',#7997);
#7997 = CARTESIAN_POINT('',(181.102,-107.942,1.6));
#7998 = CIRCLE('',#7999,0.5);
#7999 = AXIS2_PLACEMENT_3D('',#8000,#8001,#8002);
#8000 = CARTESIAN_POINT('',(181.102,-107.442,1.6));
#8001 = DIRECTION('',(-0.,0.,-1.));
#8002 = DIRECTION('',(-0.,-1.,0.));
#8003 = FACE_BOUND('',#8004,.T.);
#8004 = EDGE_LOOP('',(#8005));
#8005 = ORIENTED_EDGE('',*,*,#8006,.T.);
#8006 = EDGE_CURVE('',#8007,#8007,#8009,.T.);
#8007 = VERTEX_POINT('',#8008);
#8008 = CARTESIAN_POINT('',(183.642,-107.942,1.6));
#8009 = CIRCLE('',#8010,0.5);
#8010 = AXIS2_PLACEMENT_3D('',#8011,#8012,#8013);
#8011 = CARTESIAN_POINT('',(183.642,-107.442,1.6));
#8012 = DIRECTION('',(-0.,0.,-1.));
#8013 = DIRECTION('',(-0.,-1.,0.));
#8014 = FACE_BOUND('',#8015,.T.);
#8015 = EDGE_LOOP('',(#8016));
#8016 = ORIENTED_EDGE('',*,*,#8017,.T.);
#8017 = EDGE_CURVE('',#8018,#8018,#8020,.T.);
#8018 = VERTEX_POINT('',#8019);
#8019 = CARTESIAN_POINT('',(186.182,-107.942,1.6));
#8020 = CIRCLE('',#8021,0.5);
#8021 = AXIS2_PLACEMENT_3D('',#8022,#8023,#8024);
#8022 = CARTESIAN_POINT('',(186.182,-107.442,1.6));
#8023 = DIRECTION('',(-0.,0.,-1.));
#8024 = DIRECTION('',(-0.,-1.,0.));
#8025 = FACE_BOUND('',#8026,.T.);
#8026 = EDGE_LOOP('',(#8027));
#8027 = ORIENTED_EDGE('',*,*,#8028,.T.);
#8028 = EDGE_CURVE('',#8029,#8029,#8031,.T.);
#8029 = VERTEX_POINT('',#8030);
#8030 = CARTESIAN_POINT('',(174.752,-97.4725,1.6));
#8031 = CIRCLE('',#8032,0.4445);
#8032 = AXIS2_PLACEMENT_3D('',#8033,#8034,#8035);
#8033 = CARTESIAN_POINT('',(174.752,-97.028,1.6));
#8034 = DIRECTION('',(-0.,0.,-1.));
#8035 = DIRECTION('',(-0.,-1.,0.));
#8036 = FACE_BOUND('',#8037,.T.);
#8037 = EDGE_LOOP('',(#8038));
#8038 = ORIENTED_EDGE('',*,*,#8039,.T.);
#8039 = EDGE_CURVE('',#8040,#8040,#8042,.T.);
#8040 = VERTEX_POINT('',#8041);
#8041 = CARTESIAN_POINT('',(177.292,-97.4725,1.6));
#8042 = CIRCLE('',#8043,0.4445);
#8043 = AXIS2_PLACEMENT_3D('',#8044,#8045,#8046);
#8044 = CARTESIAN_POINT('',(177.292,-97.028,1.6));
#8045 = DIRECTION('',(-0.,0.,-1.));
#8046 = DIRECTION('',(-0.,-1.,0.));
#8047 = FACE_BOUND('',#8048,.T.);
#8048 = EDGE_LOOP('',(#8049));
#8049 = ORIENTED_EDGE('',*,*,#8050,.T.);
#8050 = EDGE_CURVE('',#8051,#8051,#8053,.T.);
#8051 = VERTEX_POINT('',#8052);
#8052 = CARTESIAN_POINT('',(179.832,-97.4725,1.6));
#8053 = CIRCLE('',#8054,0.4445);
#8054 = AXIS2_PLACEMENT_3D('',#8055,#8056,#8057);
#8055 = CARTESIAN_POINT('',(179.832,-97.028,1.6));
#8056 = DIRECTION('',(-0.,0.,-1.));
#8057 = DIRECTION('',(-0.,-1.,0.));
#8058 = FACE_BOUND('',#8059,.T.);
#8059 = EDGE_LOOP('',(#8060));
#8060 = ORIENTED_EDGE('',*,*,#8061,.T.);
#8061 = EDGE_CURVE('',#8062,#8062,#8064,.T.);
#8062 = VERTEX_POINT('',#8063);
#8063 = CARTESIAN_POINT('',(182.372,-97.4725,1.6));
#8064 = CIRCLE('',#8065,0.4445);
#8065 = AXIS2_PLACEMENT_3D('',#8066,#8067,#8068);
#8066 = CARTESIAN_POINT('',(182.372,-97.028,1.6));
#8067 = DIRECTION('',(-0.,0.,-1.));
#8068 = DIRECTION('',(-0.,-1.,0.));
#8069 = FACE_BOUND('',#8070,.T.);
#8070 = EDGE_LOOP('',(#8071));
#8071 = ORIENTED_EDGE('',*,*,#8072,.T.);
#8072 = EDGE_CURVE('',#8073,#8073,#8075,.T.);
#8073 = VERTEX_POINT('',#8074);
#8074 = CARTESIAN_POINT('',(184.912,-97.4725,1.6));
#8075 = CIRCLE('',#8076,0.4445);
#8076 = AXIS2_PLACEMENT_3D('',#8077,#8078,#8079);
#8077 = CARTESIAN_POINT('',(184.912,-97.028,1.6));
#8078 = DIRECTION('',(-0.,0.,-1.));
#8079 = DIRECTION('',(-0.,-1.,0.));
#8080 = FACE_BOUND('',#8081,.T.);
#8081 = EDGE_LOOP('',(#8082));
#8082 = ORIENTED_EDGE('',*,*,#8083,.T.);
#8083 = EDGE_CURVE('',#8084,#8084,#8086,.T.);
#8084 = VERTEX_POINT('',#8085);
#8085 = CARTESIAN_POINT('',(188.722,-107.942,1.6));
#8086 = CIRCLE('',#8087,0.5);
#8087 = AXIS2_PLACEMENT_3D('',#8088,#8089,#8090);
#8088 = CARTESIAN_POINT('',(188.722,-107.442,1.6));
#8089 = DIRECTION('',(-0.,0.,-1.));
#8090 = DIRECTION('',(-0.,-1.,0.));
#8091 = FACE_BOUND('',#8092,.T.);
#8092 = EDGE_LOOP('',(#8093));
#8093 = ORIENTED_EDGE('',*,*,#8094,.T.);
#8094 = EDGE_CURVE('',#8095,#8095,#8097,.T.);
#8095 = VERTEX_POINT('',#8096);
#8096 = CARTESIAN_POINT('',(191.262,-107.942,1.6));
#8097 = CIRCLE('',#8098,0.5);
#8098 = AXIS2_PLACEMENT_3D('',#8099,#8100,#8101);
#8099 = CARTESIAN_POINT('',(191.262,-107.442,1.6));
#8100 = DIRECTION('',(-0.,0.,-1.));
#8101 = DIRECTION('',(-0.,-1.,0.));
#8102 = FACE_BOUND('',#8103,.T.);
#8103 = EDGE_LOOP('',(#8104));
#8104 = ORIENTED_EDGE('',*,*,#8105,.T.);
#8105 = EDGE_CURVE('',#8106,#8106,#8108,.T.);
#8106 = VERTEX_POINT('',#8107);
#8107 = CARTESIAN_POINT('',(193.802,-112.606,1.6));
#8108 = CIRCLE('',#8109,1.1);
#8109 = AXIS2_PLACEMENT_3D('',#8110,#8111,#8112);
#8110 = CARTESIAN_POINT('',(193.802,-111.506,1.6));
#8111 = DIRECTION('',(-0.,0.,-1.));
#8112 = DIRECTION('',(-0.,-1.,0.));
#8113 = FACE_BOUND('',#8114,.T.);
#8114 = EDGE_LOOP('',(#8115));
#8115 = ORIENTED_EDGE('',*,*,#8116,.T.);
#8116 = EDGE_CURVE('',#8117,#8117,#8119,.T.);
#8117 = VERTEX_POINT('',#8118);
#8118 = CARTESIAN_POINT('',(199.136,-109.466,1.6));
#8119 = CIRCLE('',#8120,0.5);
#8120 = AXIS2_PLACEMENT_3D('',#8121,#8122,#8123);
#8121 = CARTESIAN_POINT('',(199.136,-108.966,1.6));
#8122 = DIRECTION('',(-0.,0.,-1.));
#8123 = DIRECTION('',(-0.,-1.,0.));
#8124 = FACE_BOUND('',#8125,.T.);
#8125 = EDGE_LOOP('',(#8126));
#8126 = ORIENTED_EDGE('',*,*,#8127,.T.);
#8127 = EDGE_CURVE('',#8128,#8128,#8130,.T.);
#8128 = VERTEX_POINT('',#8129);
#8129 = CARTESIAN_POINT('',(199.136,-106.926,1.6));
#8130 = CIRCLE('',#8131,0.5);
#8131 = AXIS2_PLACEMENT_3D('',#8132,#8133,#8134);
#8132 = CARTESIAN_POINT('',(199.136,-106.426,1.6));
#8133 = DIRECTION('',(-0.,0.,-1.));
#8134 = DIRECTION('',(-0.,-1.,0.));
#8135 = FACE_BOUND('',#8136,.T.);
#8136 = EDGE_LOOP('',(#8137));
#8137 = ORIENTED_EDGE('',*,*,#8138,.T.);
#8138 = EDGE_CURVE('',#8139,#8139,#8141,.T.);
#8139 = VERTEX_POINT('',#8140);
#8140 = CARTESIAN_POINT('',(187.452,-97.4725,1.6));
#8141 = CIRCLE('',#8142,0.4445);
#8142 = AXIS2_PLACEMENT_3D('',#8143,#8144,#8145);
#8143 = CARTESIAN_POINT('',(187.452,-97.028,1.6));
#8144 = DIRECTION('',(-0.,0.,-1.));
#8145 = DIRECTION('',(-0.,-1.,0.));
#8146 = FACE_BOUND('',#8147,.T.);
#8147 = EDGE_LOOP('',(#8148));
#8148 = ORIENTED_EDGE('',*,*,#8149,.T.);
#8149 = EDGE_CURVE('',#8150,#8150,#8152,.T.);
#8150 = VERTEX_POINT('',#8151);
#8151 = CARTESIAN_POINT('',(189.992,-97.4725,1.6));
#8152 = CIRCLE('',#8153,0.4445);
#8153 = AXIS2_PLACEMENT_3D('',#8154,#8155,#8156);
#8154 = CARTESIAN_POINT('',(189.992,-97.028,1.6));
#8155 = DIRECTION('',(-0.,0.,-1.));
#8156 = DIRECTION('',(-6.394085361171E-14,-1.,0.));
#8157 = FACE_BOUND('',#8158,.T.);
#8158 = EDGE_LOOP('',(#8159));
#8159 = ORIENTED_EDGE('',*,*,#8160,.T.);
#8160 = EDGE_CURVE('',#8161,#8161,#8163,.T.);
#8161 = VERTEX_POINT('',#8162);
#8162 = CARTESIAN_POINT('',(192.532,-97.4725,1.6));
#8163 = CIRCLE('',#8164,0.4445);
#8164 = AXIS2_PLACEMENT_3D('',#8165,#8166,#8167);
#8165 = CARTESIAN_POINT('',(192.532,-97.028,1.6));
#8166 = DIRECTION('',(-0.,0.,-1.));
#8167 = DIRECTION('',(6.39408536117E-14,-1.,-0.));
#8168 = FACE_BOUND('',#8169,.T.);
#8169 = EDGE_LOOP('',(#8170));
#8170 = ORIENTED_EDGE('',*,*,#8171,.T.);
#8171 = EDGE_CURVE('',#8172,#8172,#8174,.T.);
#8172 = VERTEX_POINT('',#8173);
#8173 = CARTESIAN_POINT('',(174.752,-79.6925,1.6));
#8174 = CIRCLE('',#8175,0.4445);
#8175 = AXIS2_PLACEMENT_3D('',#8176,#8177,#8178);
#8176 = CARTESIAN_POINT('',(174.752,-79.248,1.6));
#8177 = DIRECTION('',(-0.,0.,-1.));
#8178 = DIRECTION('',(-0.,-1.,0.));
#8179 = FACE_BOUND('',#8180,.T.);
#8180 = EDGE_LOOP('',(#8181));
#8181 = ORIENTED_EDGE('',*,*,#8182,.T.);
#8182 = EDGE_CURVE('',#8183,#8183,#8185,.T.);
#8183 = VERTEX_POINT('',#8184);
#8184 = CARTESIAN_POINT('',(177.292,-79.6925,1.6));
#8185 = CIRCLE('',#8186,0.4445);
#8186 = AXIS2_PLACEMENT_3D('',#8187,#8188,#8189);
#8187 = CARTESIAN_POINT('',(177.292,-79.248,1.6));
#8188 = DIRECTION('',(-0.,0.,-1.));
#8189 = DIRECTION('',(-0.,-1.,0.));
#8190 = FACE_BOUND('',#8191,.T.);
#8191 = EDGE_LOOP('',(#8192));
#8192 = ORIENTED_EDGE('',*,*,#8193,.T.);
#8193 = EDGE_CURVE('',#8194,#8194,#8196,.T.);
#8194 = VERTEX_POINT('',#8195);
#8195 = CARTESIAN_POINT('',(179.832,-79.6925,1.6));
#8196 = CIRCLE('',#8197,0.4445);
#8197 = AXIS2_PLACEMENT_3D('',#8198,#8199,#8200);
#8198 = CARTESIAN_POINT('',(179.832,-79.248,1.6));
#8199 = DIRECTION('',(-0.,0.,-1.));
#8200 = DIRECTION('',(-0.,-1.,0.));
#8201 = FACE_BOUND('',#8202,.T.);
#8202 = EDGE_LOOP('',(#8203));
#8203 = ORIENTED_EDGE('',*,*,#8204,.T.);
#8204 = EDGE_CURVE('',#8205,#8205,#8207,.T.);
#8205 = VERTEX_POINT('',#8206);
#8206 = CARTESIAN_POINT('',(182.372,-79.6925,1.6));
#8207 = CIRCLE('',#8208,0.4445);
#8208 = AXIS2_PLACEMENT_3D('',#8209,#8210,#8211);
#8209 = CARTESIAN_POINT('',(182.372,-79.248,1.6));
#8210 = DIRECTION('',(-0.,0.,-1.));
#8211 = DIRECTION('',(-0.,-1.,0.));
#8212 = FACE_BOUND('',#8213,.T.);
#8213 = EDGE_LOOP('',(#8214));
#8214 = ORIENTED_EDGE('',*,*,#8215,.T.);
#8215 = EDGE_CURVE('',#8216,#8216,#8218,.T.);
#8216 = VERTEX_POINT('',#8217);
#8217 = CARTESIAN_POINT('',(184.912,-79.6925,1.6));
#8218 = CIRCLE('',#8219,0.4445);
#8219 = AXIS2_PLACEMENT_3D('',#8220,#8221,#8222);
#8220 = CARTESIAN_POINT('',(184.912,-79.248,1.6));
#8221 = DIRECTION('',(-0.,0.,-1.));
#8222 = DIRECTION('',(-0.,-1.,0.));
#8223 = FACE_BOUND('',#8224,.T.);
#8224 = EDGE_LOOP('',(#8225));
#8225 = ORIENTED_EDGE('',*,*,#8226,.T.);
#8226 = EDGE_CURVE('',#8227,#8227,#8229,.T.);
#8227 = VERTEX_POINT('',#8228);
#8228 = CARTESIAN_POINT('',(187.452,-79.6925,1.6));
#8229 = CIRCLE('',#8230,0.4445);
#8230 = AXIS2_PLACEMENT_3D('',#8231,#8232,#8233);
#8231 = CARTESIAN_POINT('',(187.452,-79.248,1.6));
#8232 = DIRECTION('',(-0.,0.,-1.));
#8233 = DIRECTION('',(-0.,-1.,0.));
#8234 = FACE_BOUND('',#8235,.T.);
#8235 = EDGE_LOOP('',(#8236));
#8236 = ORIENTED_EDGE('',*,*,#8237,.T.);
#8237 = EDGE_CURVE('',#8238,#8238,#8240,.T.);
#8238 = VERTEX_POINT('',#8239);
#8239 = CARTESIAN_POINT('',(189.992,-79.6925,1.6));
#8240 = CIRCLE('',#8241,0.4445);
#8241 = AXIS2_PLACEMENT_3D('',#8242,#8243,#8244);
#8242 = CARTESIAN_POINT('',(189.992,-79.248,1.6));
#8243 = DIRECTION('',(-0.,0.,-1.));
#8244 = DIRECTION('',(-6.394085361171E-14,-1.,0.));
#8245 = FACE_BOUND('',#8246,.T.);
#8246 = EDGE_LOOP('',(#8247));
#8247 = ORIENTED_EDGE('',*,*,#8248,.T.);
#8248 = EDGE_CURVE('',#8249,#8249,#8251,.T.);
#8249 = VERTEX_POINT('',#8250);
#8250 = CARTESIAN_POINT('',(192.532,-79.6925,1.6));
#8251 = CIRCLE('',#8252,0.4445);
#8252 = AXIS2_PLACEMENT_3D('',#8253,#8254,#8255);
#8253 = CARTESIAN_POINT('',(192.532,-79.248,1.6));
#8254 = DIRECTION('',(-0.,0.,-1.));
#8255 = DIRECTION('',(6.39408536117E-14,-1.,-0.));
#8256 = FACE_BOUND('',#8257,.T.);
#8257 = EDGE_LOOP('',(#8258));
#8258 = ORIENTED_EDGE('',*,*,#8259,.T.);
#8259 = EDGE_CURVE('',#8260,#8260,#8262,.T.);
#8260 = VERTEX_POINT('',#8261);
#8261 = CARTESIAN_POINT('',(151.765,-69.588,1.6));
#8262 = CIRCLE('',#8263,0.5);
#8263 = AXIS2_PLACEMENT_3D('',#8264,#8265,#8266);
#8264 = CARTESIAN_POINT('',(151.765,-69.088,1.6));
#8265 = DIRECTION('',(-0.,0.,-1.));
#8266 = DIRECTION('',(-0.,-1.,0.));
#8267 = FACE_BOUND('',#8268,.T.);
#8268 = EDGE_LOOP('',(#8269));
#8269 = ORIENTED_EDGE('',*,*,#8270,.T.);
#8270 = EDGE_CURVE('',#8271,#8271,#8273,.T.);
#8271 = VERTEX_POINT('',#8272);
#8272 = CARTESIAN_POINT('',(151.765,-67.048,1.6));
#8273 = CIRCLE('',#8274,0.5);
#8274 = AXIS2_PLACEMENT_3D('',#8275,#8276,#8277);
#8275 = CARTESIAN_POINT('',(151.765,-66.548,1.6));
#8276 = DIRECTION('',(-0.,0.,-1.));
#8277 = DIRECTION('',(-0.,-1.,0.));
#8278 = FACE_BOUND('',#8279,.T.);
#8279 = EDGE_LOOP('',(#8280));
#8280 = ORIENTED_EDGE('',*,*,#8281,.T.);
#8281 = EDGE_CURVE('',#8282,#8282,#8284,.T.);
#8282 = VERTEX_POINT('',#8283);
#8283 = CARTESIAN_POINT('',(159.131,-69.588,1.6));
#8284 = CIRCLE('',#8285,0.5);
#8285 = AXIS2_PLACEMENT_3D('',#8286,#8287,#8288);
#8286 = CARTESIAN_POINT('',(159.131,-69.088,1.6));
#8287 = DIRECTION('',(-0.,0.,-1.));
#8288 = DIRECTION('',(-0.,-1.,0.));
#8289 = FACE_BOUND('',#8290,.T.);
#8290 = EDGE_LOOP('',(#8291));
#8291 = ORIENTED_EDGE('',*,*,#8292,.T.);
#8292 = EDGE_CURVE('',#8293,#8293,#8295,.T.);
#8293 = VERTEX_POINT('',#8294);
#8294 = CARTESIAN_POINT('',(159.131,-67.048,1.6));
#8295 = CIRCLE('',#8296,0.5);
#8296 = AXIS2_PLACEMENT_3D('',#8297,#8298,#8299);
#8297 = CARTESIAN_POINT('',(159.131,-66.548,1.6));
#8298 = DIRECTION('',(-0.,0.,-1.));
#8299 = DIRECTION('',(-0.,-1.,0.));
#8300 = FACE_BOUND('',#8301,.T.);
#8301 = EDGE_LOOP('',(#8302));
#8302 = ORIENTED_EDGE('',*,*,#8303,.T.);
#8303 = EDGE_CURVE('',#8304,#8304,#8306,.T.);
#8304 = VERTEX_POINT('',#8305);
#8305 = CARTESIAN_POINT('',(151.638,-60.185,1.6));
#8306 = CIRCLE('',#8307,0.5);
#8307 = AXIS2_PLACEMENT_3D('',#8308,#8309,#8310);
#8308 = CARTESIAN_POINT('',(151.638,-59.685,1.6));
#8309 = DIRECTION('',(-0.,0.,-1.));
#8310 = DIRECTION('',(-0.,-1.,0.));
#8311 = FACE_BOUND('',#8312,.T.);
#8312 = EDGE_LOOP('',(#8313));
#8313 = ORIENTED_EDGE('',*,*,#8314,.T.);
#8314 = EDGE_CURVE('',#8315,#8315,#8317,.T.);
#8315 = VERTEX_POINT('',#8316);
#8316 = CARTESIAN_POINT('',(151.638,-57.645,1.6));
#8317 = CIRCLE('',#8318,0.5);
#8318 = AXIS2_PLACEMENT_3D('',#8319,#8320,#8321);
#8319 = CARTESIAN_POINT('',(151.638,-57.145,1.6));
#8320 = DIRECTION('',(-0.,0.,-1.));
#8321 = DIRECTION('',(-0.,-1.,0.));
#8322 = FACE_BOUND('',#8323,.T.);
#8323 = EDGE_LOOP('',(#8324));
#8324 = ORIENTED_EDGE('',*,*,#8325,.T.);
#8325 = EDGE_CURVE('',#8326,#8326,#8328,.T.);
#8326 = VERTEX_POINT('',#8327);
#8327 = CARTESIAN_POINT('',(159.258,-60.185,1.6));
#8328 = CIRCLE('',#8329,0.5);
#8329 = AXIS2_PLACEMENT_3D('',#8330,#8331,#8332);
#8330 = CARTESIAN_POINT('',(159.258,-59.685,1.6));
#8331 = DIRECTION('',(-0.,0.,-1.));
#8332 = DIRECTION('',(-0.,-1.,0.));
#8333 = FACE_BOUND('',#8334,.T.);
#8334 = EDGE_LOOP('',(#8335));
#8335 = ORIENTED_EDGE('',*,*,#8336,.T.);
#8336 = EDGE_CURVE('',#8337,#8337,#8339,.T.);
#8337 = VERTEX_POINT('',#8338);
#8338 = CARTESIAN_POINT('',(159.258,-57.645,1.6));
#8339 = CIRCLE('',#8340,0.5);
#8340 = AXIS2_PLACEMENT_3D('',#8341,#8342,#8343);
#8341 = CARTESIAN_POINT('',(159.258,-57.145,1.6));
#8342 = DIRECTION('',(-0.,0.,-1.));
#8343 = DIRECTION('',(-0.,-1.,0.));
#8344 = FACE_BOUND('',#8345,.T.);
#8345 = EDGE_LOOP('',(#8346));
#8346 = ORIENTED_EDGE('',*,*,#8347,.T.);
#8347 = EDGE_CURVE('',#8348,#8348,#8350,.T.);
#8348 = VERTEX_POINT('',#8349);
#8349 = CARTESIAN_POINT('',(147.574,-47.582,1.6));
#8350 = CIRCLE('',#8351,1.1);
#8351 = AXIS2_PLACEMENT_3D('',#8352,#8353,#8354);
#8352 = CARTESIAN_POINT('',(147.574,-46.482,1.6));
#8353 = DIRECTION('',(-0.,0.,-1.));
#8354 = DIRECTION('',(-0.,-1.,0.));
#8355 = FACE_BOUND('',#8356,.T.);
#8356 = EDGE_LOOP('',(#8357));
#8357 = ORIENTED_EDGE('',*,*,#8358,.T.);
#8358 = EDGE_CURVE('',#8359,#8359,#8361,.T.);
#8359 = VERTEX_POINT('',#8360);
#8360 = CARTESIAN_POINT('',(174.752,-70.5485,1.6));
#8361 = CIRCLE('',#8362,0.4445);
#8362 = AXIS2_PLACEMENT_3D('',#8363,#8364,#8365);
#8363 = CARTESIAN_POINT('',(174.752,-70.104,1.6));
#8364 = DIRECTION('',(-0.,0.,-1.));
#8365 = DIRECTION('',(-0.,-1.,0.));
#8366 = FACE_BOUND('',#8367,.T.);
#8367 = EDGE_LOOP('',(#8368));
#8368 = ORIENTED_EDGE('',*,*,#8369,.T.);
#8369 = EDGE_CURVE('',#8370,#8370,#8372,.T.);
#8370 = VERTEX_POINT('',#8371);
#8371 = CARTESIAN_POINT('',(174.752,-68.0085,1.6));
#8372 = CIRCLE('',#8373,0.4445);
#8373 = AXIS2_PLACEMENT_3D('',#8374,#8375,#8376);
#8374 = CARTESIAN_POINT('',(174.752,-67.564,1.6));
#8375 = DIRECTION('',(-0.,0.,-1.));
#8376 = DIRECTION('',(-0.,-1.,0.));
#8377 = FACE_BOUND('',#8378,.T.);
#8378 = EDGE_LOOP('',(#8379));
#8379 = ORIENTED_EDGE('',*,*,#8380,.T.);
#8380 = EDGE_CURVE('',#8381,#8381,#8383,.T.);
#8381 = VERTEX_POINT('',#8382);
#8382 = CARTESIAN_POINT('',(174.752,-65.4685,1.6));
#8383 = CIRCLE('',#8384,0.4445);
#8384 = AXIS2_PLACEMENT_3D('',#8385,#8386,#8387);
#8385 = CARTESIAN_POINT('',(174.752,-65.024,1.6));
#8386 = DIRECTION('',(-0.,0.,-1.));
#8387 = DIRECTION('',(-0.,-1.,0.));
#8388 = FACE_BOUND('',#8389,.T.);
#8389 = EDGE_LOOP('',(#8390));
#8390 = ORIENTED_EDGE('',*,*,#8391,.T.);
#8391 = EDGE_CURVE('',#8392,#8392,#8394,.T.);
#8392 = VERTEX_POINT('',#8393);
#8393 = CARTESIAN_POINT('',(174.752,-62.9285,1.6));
#8394 = CIRCLE('',#8395,0.4445);
#8395 = AXIS2_PLACEMENT_3D('',#8396,#8397,#8398);
#8396 = CARTESIAN_POINT('',(174.752,-62.484,1.6));
#8397 = DIRECTION('',(-0.,0.,-1.));
#8398 = DIRECTION('',(-0.,-1.,0.));
#8399 = FACE_BOUND('',#8400,.T.);
#8400 = EDGE_LOOP('',(#8401));
#8401 = ORIENTED_EDGE('',*,*,#8402,.T.);
#8402 = EDGE_CURVE('',#8403,#8403,#8405,.T.);
#8403 = VERTEX_POINT('',#8404);
#8404 = CARTESIAN_POINT('',(174.752,-60.3885,1.6));
#8405 = CIRCLE('',#8406,0.4445);
#8406 = AXIS2_PLACEMENT_3D('',#8407,#8408,#8409);
#8407 = CARTESIAN_POINT('',(174.752,-59.944,1.6));
#8408 = DIRECTION('',(-0.,0.,-1.));
#8409 = DIRECTION('',(-0.,-1.,0.));
#8410 = FACE_BOUND('',#8411,.T.);
#8411 = EDGE_LOOP('',(#8412));
#8412 = ORIENTED_EDGE('',*,*,#8413,.T.);
#8413 = EDGE_CURVE('',#8414,#8414,#8416,.T.);
#8414 = VERTEX_POINT('',#8415);
#8415 = CARTESIAN_POINT('',(174.752,-57.8485,1.6));
#8416 = CIRCLE('',#8417,0.4445);
#8417 = AXIS2_PLACEMENT_3D('',#8418,#8419,#8420);
#8418 = CARTESIAN_POINT('',(174.752,-57.404,1.6));
#8419 = DIRECTION('',(-0.,0.,-1.));
#8420 = DIRECTION('',(-0.,-1.,0.));
#8421 = FACE_BOUND('',#8422,.T.);
#8422 = EDGE_LOOP('',(#8423));
#8423 = ORIENTED_EDGE('',*,*,#8424,.T.);
#8424 = EDGE_CURVE('',#8425,#8425,#8427,.T.);
#8425 = VERTEX_POINT('',#8426);
#8426 = CARTESIAN_POINT('',(174.752,-55.3085,1.6));
#8427 = CIRCLE('',#8428,0.4445);
#8428 = AXIS2_PLACEMENT_3D('',#8429,#8430,#8431);
#8429 = CARTESIAN_POINT('',(174.752,-54.864,1.6));
#8430 = DIRECTION('',(-0.,0.,-1.));
#8431 = DIRECTION('',(-0.,-1.,0.));
#8432 = FACE_BOUND('',#8433,.T.);
#8433 = EDGE_LOOP('',(#8434));
#8434 = ORIENTED_EDGE('',*,*,#8435,.T.);
#8435 = EDGE_CURVE('',#8436,#8436,#8438,.T.);
#8436 = VERTEX_POINT('',#8437);
#8437 = CARTESIAN_POINT('',(174.752,-52.7685,1.6));
#8438 = CIRCLE('',#8439,0.4445);
#8439 = AXIS2_PLACEMENT_3D('',#8440,#8441,#8442);
#8440 = CARTESIAN_POINT('',(174.752,-52.324,1.6));
#8441 = DIRECTION('',(-0.,0.,-1.));
#8442 = DIRECTION('',(-0.,-1.,0.));
#8443 = FACE_BOUND('',#8444,.T.);
#8444 = EDGE_LOOP('',(#8445));
#8445 = ORIENTED_EDGE('',*,*,#8446,.T.);
#8446 = EDGE_CURVE('',#8447,#8447,#8449,.T.);
#8447 = VERTEX_POINT('',#8448);
#8448 = CARTESIAN_POINT('',(174.752,-50.2285,1.6));
#8449 = CIRCLE('',#8450,0.4445);
#8450 = AXIS2_PLACEMENT_3D('',#8451,#8452,#8453);
#8451 = CARTESIAN_POINT('',(174.752,-49.784,1.6));
#8452 = DIRECTION('',(-0.,0.,-1.));
#8453 = DIRECTION('',(-0.,-1.,0.));
#8454 = FACE_BOUND('',#8455,.T.);
#8455 = EDGE_LOOP('',(#8456));
#8456 = ORIENTED_EDGE('',*,*,#8457,.T.);
#8457 = EDGE_CURVE('',#8458,#8458,#8460,.T.);
#8458 = VERTEX_POINT('',#8459);
#8459 = CARTESIAN_POINT('',(199.136,-47.582,1.6));
#8460 = CIRCLE('',#8461,1.1);
#8461 = AXIS2_PLACEMENT_3D('',#8462,#8463,#8464);
#8462 = CARTESIAN_POINT('',(199.136,-46.482,1.6));
#8463 = DIRECTION('',(-0.,0.,-1.));
#8464 = DIRECTION('',(-0.,-1.,0.));
#8465 = PLANE('',#8466);
#8466 = AXIS2_PLACEMENT_3D('',#8467,#8468,#8469);
#8467 = CARTESIAN_POINT('',(0.,0.,1.6));
#8468 = DIRECTION('',(0.,0.,1.));
#8469 = DIRECTION('',(1.,0.,-0.));
#8470 = ADVANCED_FACE('',(#8471),#8477,.T.);
#8471 = FACE_BOUND('',#8472,.T.);
#8472 = EDGE_LOOP('',(#8473,#8474,#8475,#8476));
#8473 = ORIENTED_EDGE('',*,*,#7164,.T.);
#8474 = ORIENTED_EDGE('',*,*,#7832,.T.);
#8475 = ORIENTED_EDGE('',*,*,#7124,.F.);
#8476 = ORIENTED_EDGE('',*,*,#7188,.F.);
#8477 = PLANE('',#8478);
#8478 = AXIS2_PLACEMENT_3D('',#8479,#8480,#8481);
#8479 = CARTESIAN_POINT('',(143.51,-42.418,0.));
#8480 = DIRECTION('',(0.,1.,0.));
#8481 = DIRECTION('',(1.,0.,0.));
#8482 = ADVANCED_FACE('',(#8483),#8494,.F.);
#8483 = FACE_BOUND('',#8484,.T.);
#8484 = EDGE_LOOP('',(#8485,#8486,#8492,#8493));
#8485 = ORIENTED_EDGE('',*,*,#7197,.T.);
#8486 = ORIENTED_EDGE('',*,*,#8487,.T.);
#8487 = EDGE_CURVE('',#7198,#7842,#8488,.T.);
#8488 = LINE('',#8489,#8490);
#8489 = CARTESIAN_POINT('',(160.528,-112.606,-4.5E-02));
#8490 = VECTOR('',#8491,1.);
#8491 = DIRECTION('',(0.,0.,1.));
#8492 = ORIENTED_EDGE('',*,*,#7841,.F.);
#8493 = ORIENTED_EDGE('',*,*,#8487,.F.);
#8494 = CYLINDRICAL_SURFACE('',#8495,1.1);
#8495 = AXIS2_PLACEMENT_3D('',#8496,#8497,#8498);
#8496 = CARTESIAN_POINT('',(160.528,-111.506,-4.5E-02));
#8497 = DIRECTION('',(-0.,-0.,-1.));
#8498 = DIRECTION('',(-0.,-1.,0.));
#8499 = ADVANCED_FACE('',(#8500),#8511,.F.);
#8500 = FACE_BOUND('',#8501,.T.);
#8501 = EDGE_LOOP('',(#8502,#8503,#8509,#8510));
#8502 = ORIENTED_EDGE('',*,*,#7208,.T.);
#8503 = ORIENTED_EDGE('',*,*,#8504,.T.);
#8504 = EDGE_CURVE('',#7209,#7853,#8505,.T.);
#8505 = LINE('',#8506,#8507);
#8506 = CARTESIAN_POINT('',(164.597,-107.688,-4.5E-02));
#8507 = VECTOR('',#8508,1.);
#8508 = DIRECTION('',(0.,0.,1.));
#8509 = ORIENTED_EDGE('',*,*,#7852,.F.);
#8510 = ORIENTED_EDGE('',*,*,#8504,.F.);
#8511 = CYLINDRICAL_SURFACE('',#8512,0.5);
#8512 = AXIS2_PLACEMENT_3D('',#8513,#8514,#8515);
#8513 = CARTESIAN_POINT('',(164.597,-107.188,-4.5E-02));
#8514 = DIRECTION('',(-0.,-0.,-1.));
#8515 = DIRECTION('',(-0.,-1.,0.));
#8516 = ADVANCED_FACE('',(#8517),#8528,.F.);
#8517 = FACE_BOUND('',#8518,.T.);
#8518 = EDGE_LOOP('',(#8519,#8520,#8526,#8527));
#8519 = ORIENTED_EDGE('',*,*,#7219,.T.);
#8520 = ORIENTED_EDGE('',*,*,#8521,.T.);
#8521 = EDGE_CURVE('',#7220,#7864,#8522,.T.);
#8522 = LINE('',#8523,#8524);
#8523 = CARTESIAN_POINT('',(167.137,-107.688,-4.5E-02));
#8524 = VECTOR('',#8525,1.);
#8525 = DIRECTION('',(0.,0.,1.));
#8526 = ORIENTED_EDGE('',*,*,#7863,.F.);
#8527 = ORIENTED_EDGE('',*,*,#8521,.F.);
#8528 = CYLINDRICAL_SURFACE('',#8529,0.5);
#8529 = AXIS2_PLACEMENT_3D('',#8530,#8531,#8532);
#8530 = CARTESIAN_POINT('',(167.137,-107.188,-4.5E-02));
#8531 = DIRECTION('',(-0.,-0.,-1.));
#8532 = DIRECTION('',(-0.,-1.,0.));
#8533 = ADVANCED_FACE('',(#8534),#8545,.F.);
#8534 = FACE_BOUND('',#8535,.T.);
#8535 = EDGE_LOOP('',(#8536,#8537,#8543,#8544));
#8536 = ORIENTED_EDGE('',*,*,#7230,.T.);
#8537 = ORIENTED_EDGE('',*,*,#8538,.T.);
#8538 = EDGE_CURVE('',#7231,#7875,#8539,.T.);
#8539 = LINE('',#8540,#8541);
#8540 = CARTESIAN_POINT('',(164.592,-97.4725,-4.5E-02));
#8541 = VECTOR('',#8542,1.);
#8542 = DIRECTION('',(0.,0.,1.));
#8543 = ORIENTED_EDGE('',*,*,#7874,.F.);
#8544 = ORIENTED_EDGE('',*,*,#8538,.F.);
#8545 = CYLINDRICAL_SURFACE('',#8546,0.4445);
#8546 = AXIS2_PLACEMENT_3D('',#8547,#8548,#8549);
#8547 = CARTESIAN_POINT('',(164.592,-97.028,-4.5E-02));
#8548 = DIRECTION('',(-0.,0.,-1.));
#8549 = DIRECTION('',(6.39408536117E-14,-1.,-0.));
#8550 = ADVANCED_FACE('',(#8551),#8562,.F.);
#8551 = FACE_BOUND('',#8552,.T.);
#8552 = EDGE_LOOP('',(#8553,#8554,#8560,#8561));
#8553 = ORIENTED_EDGE('',*,*,#7241,.T.);
#8554 = ORIENTED_EDGE('',*,*,#8555,.T.);
#8555 = EDGE_CURVE('',#7242,#7886,#8556,.T.);
#8556 = LINE('',#8557,#8558);
#8557 = CARTESIAN_POINT('',(167.132,-97.4725,-4.5E-02));
#8558 = VECTOR('',#8559,1.);
#8559 = DIRECTION('',(0.,0.,1.));
#8560 = ORIENTED_EDGE('',*,*,#7885,.F.);
#8561 = ORIENTED_EDGE('',*,*,#8555,.F.);
#8562 = CYLINDRICAL_SURFACE('',#8563,0.4445);
#8563 = AXIS2_PLACEMENT_3D('',#8564,#8565,#8566);
#8564 = CARTESIAN_POINT('',(167.132,-97.028,-4.5E-02));
#8565 = DIRECTION('',(-0.,-0.,-1.));
#8566 = DIRECTION('',(-0.,-1.,0.));
#8567 = ADVANCED_FACE('',(#8568),#8579,.F.);
#8568 = FACE_BOUND('',#8569,.T.);
#8569 = EDGE_LOOP('',(#8570,#8571,#8577,#8578));
#8570 = ORIENTED_EDGE('',*,*,#7252,.T.);
#8571 = ORIENTED_EDGE('',*,*,#8572,.T.);
#8572 = EDGE_CURVE('',#7253,#7897,#8573,.T.);
#8573 = LINE('',#8574,#8575);
#8574 = CARTESIAN_POINT('',(169.672,-97.4725,-4.5E-02));
#8575 = VECTOR('',#8576,1.);
#8576 = DIRECTION('',(0.,0.,1.));
#8577 = ORIENTED_EDGE('',*,*,#7896,.F.);
#8578 = ORIENTED_EDGE('',*,*,#8572,.F.);
#8579 = CYLINDRICAL_SURFACE('',#8580,0.4445);
#8580 = AXIS2_PLACEMENT_3D('',#8581,#8582,#8583);
#8581 = CARTESIAN_POINT('',(169.672,-97.028,-4.5E-02));
#8582 = DIRECTION('',(-0.,-0.,-1.));
#8583 = DIRECTION('',(-0.,-1.,0.));
#8584 = ADVANCED_FACE('',(#8585),#8596,.F.);
#8585 = FACE_BOUND('',#8586,.T.);
#8586 = EDGE_LOOP('',(#8587,#8588,#8594,#8595));
#8587 = ORIENTED_EDGE('',*,*,#7263,.T.);
#8588 = ORIENTED_EDGE('',*,*,#8589,.T.);
#8589 = EDGE_CURVE('',#7264,#7908,#8590,.T.);
#8590 = LINE('',#8591,#8592);
#8591 = CARTESIAN_POINT('',(172.212,-97.4725,-4.5E-02));
#8592 = VECTOR('',#8593,1.);
#8593 = DIRECTION('',(0.,0.,1.));
#8594 = ORIENTED_EDGE('',*,*,#7907,.F.);
#8595 = ORIENTED_EDGE('',*,*,#8589,.F.);
#8596 = CYLINDRICAL_SURFACE('',#8597,0.4445);
#8597 = AXIS2_PLACEMENT_3D('',#8598,#8599,#8600);
#8598 = CARTESIAN_POINT('',(172.212,-97.028,-4.5E-02));
#8599 = DIRECTION('',(-0.,-0.,-1.));
#8600 = DIRECTION('',(-0.,-1.,0.));
#8601 = ADVANCED_FACE('',(#8602),#8613,.F.);
#8602 = FACE_BOUND('',#8603,.T.);
#8603 = EDGE_LOOP('',(#8604,#8605,#8611,#8612));
#8604 = ORIENTED_EDGE('',*,*,#7274,.T.);
#8605 = ORIENTED_EDGE('',*,*,#8606,.T.);
#8606 = EDGE_CURVE('',#7275,#7919,#8607,.T.);
#8607 = LINE('',#8608,#8609);
#8608 = CARTESIAN_POINT('',(164.592,-79.6925,-4.5E-02));
#8609 = VECTOR('',#8610,1.);
#8610 = DIRECTION('',(0.,0.,1.));
#8611 = ORIENTED_EDGE('',*,*,#7918,.F.);
#8612 = ORIENTED_EDGE('',*,*,#8606,.F.);
#8613 = CYLINDRICAL_SURFACE('',#8614,0.4445);
#8614 = AXIS2_PLACEMENT_3D('',#8615,#8616,#8617);
#8615 = CARTESIAN_POINT('',(164.592,-79.248,-4.5E-02));
#8616 = DIRECTION('',(-0.,0.,-1.));
#8617 = DIRECTION('',(6.39408536117E-14,-1.,-0.));
#8618 = ADVANCED_FACE('',(#8619),#8630,.F.);
#8619 = FACE_BOUND('',#8620,.T.);
#8620 = EDGE_LOOP('',(#8621,#8622,#8628,#8629));
#8621 = ORIENTED_EDGE('',*,*,#7285,.T.);
#8622 = ORIENTED_EDGE('',*,*,#8623,.T.);
#8623 = EDGE_CURVE('',#7286,#7930,#8624,.T.);
#8624 = LINE('',#8625,#8626);
#8625 = CARTESIAN_POINT('',(167.132,-79.6925,-4.5E-02));
#8626 = VECTOR('',#8627,1.);
#8627 = DIRECTION('',(0.,0.,1.));
#8628 = ORIENTED_EDGE('',*,*,#7929,.F.);
#8629 = ORIENTED_EDGE('',*,*,#8623,.F.);
#8630 = CYLINDRICAL_SURFACE('',#8631,0.4445);
#8631 = AXIS2_PLACEMENT_3D('',#8632,#8633,#8634);
#8632 = CARTESIAN_POINT('',(167.132,-79.248,-4.5E-02));
#8633 = DIRECTION('',(-0.,-0.,-1.));
#8634 = DIRECTION('',(-0.,-1.,0.));
#8635 = ADVANCED_FACE('',(#8636),#8647,.F.);
#8636 = FACE_BOUND('',#8637,.T.);
#8637 = EDGE_LOOP('',(#8638,#8639,#8645,#8646));
#8638 = ORIENTED_EDGE('',*,*,#7296,.T.);
#8639 = ORIENTED_EDGE('',*,*,#8640,.T.);
#8640 = EDGE_CURVE('',#7297,#7941,#8641,.T.);
#8641 = LINE('',#8642,#8643);
#8642 = CARTESIAN_POINT('',(169.672,-79.6925,-4.5E-02));
#8643 = VECTOR('',#8644,1.);
#8644 = DIRECTION('',(0.,0.,1.));
#8645 = ORIENTED_EDGE('',*,*,#7940,.F.);
#8646 = ORIENTED_EDGE('',*,*,#8640,.F.);
#8647 = CYLINDRICAL_SURFACE('',#8648,0.4445);
#8648 = AXIS2_PLACEMENT_3D('',#8649,#8650,#8651);
#8649 = CARTESIAN_POINT('',(169.672,-79.248,-4.5E-02));
#8650 = DIRECTION('',(-0.,-0.,-1.));
#8651 = DIRECTION('',(-0.,-1.,0.));
#8652 = ADVANCED_FACE('',(#8653),#8664,.F.);
#8653 = FACE_BOUND('',#8654,.T.);
#8654 = EDGE_LOOP('',(#8655,#8656,#8662,#8663));
#8655 = ORIENTED_EDGE('',*,*,#7307,.T.);
#8656 = ORIENTED_EDGE('',*,*,#8657,.T.);
#8657 = EDGE_CURVE('',#7308,#7952,#8658,.T.);
#8658 = LINE('',#8659,#8660);
#8659 = CARTESIAN_POINT('',(172.212,-79.6925,-4.5E-02));
#8660 = VECTOR('',#8661,1.);
#8661 = DIRECTION('',(0.,0.,1.));
#8662 = ORIENTED_EDGE('',*,*,#7951,.F.);
#8663 = ORIENTED_EDGE('',*,*,#8657,.F.);
#8664 = CYLINDRICAL_SURFACE('',#8665,0.4445);
#8665 = AXIS2_PLACEMENT_3D('',#8666,#8667,#8668);
#8666 = CARTESIAN_POINT('',(172.212,-79.248,-4.5E-02));
#8667 = DIRECTION('',(-0.,-0.,-1.));
#8668 = DIRECTION('',(-0.,-1.,0.));
#8669 = ADVANCED_FACE('',(#8670),#8681,.F.);
#8670 = FACE_BOUND('',#8671,.T.);
#8671 = EDGE_LOOP('',(#8672,#8673,#8679,#8680));
#8672 = ORIENTED_EDGE('',*,*,#7318,.T.);
#8673 = ORIENTED_EDGE('',*,*,#8674,.T.);
#8674 = EDGE_CURVE('',#7319,#7963,#8675,.T.);
#8675 = LINE('',#8676,#8677);
#8676 = CARTESIAN_POINT('',(173.482,-107.942,-4.5E-02));
#8677 = VECTOR('',#8678,1.);
#8678 = DIRECTION('',(0.,0.,1.));
#8679 = ORIENTED_EDGE('',*,*,#7962,.F.);
#8680 = ORIENTED_EDGE('',*,*,#8674,.F.);
#8681 = CYLINDRICAL_SURFACE('',#8682,0.5);
#8682 = AXIS2_PLACEMENT_3D('',#8683,#8684,#8685);
#8683 = CARTESIAN_POINT('',(173.482,-107.442,-4.5E-02));
#8684 = DIRECTION('',(-0.,-0.,-1.));
#8685 = DIRECTION('',(-0.,-1.,0.));
#8686 = ADVANCED_FACE('',(#8687),#8698,.F.);
#8687 = FACE_BOUND('',#8688,.T.);
#8688 = EDGE_LOOP('',(#8689,#8690,#8696,#8697));
#8689 = ORIENTED_EDGE('',*,*,#7329,.T.);
#8690 = ORIENTED_EDGE('',*,*,#8691,.T.);
#8691 = EDGE_CURVE('',#7330,#7974,#8692,.T.);
#8692 = LINE('',#8693,#8694);
#8693 = CARTESIAN_POINT('',(176.022,-107.942,-4.5E-02));
#8694 = VECTOR('',#8695,1.);
#8695 = DIRECTION('',(0.,0.,1.));
#8696 = ORIENTED_EDGE('',*,*,#7973,.F.);
#8697 = ORIENTED_EDGE('',*,*,#8691,.F.);
#8698 = CYLINDRICAL_SURFACE('',#8699,0.5);
#8699 = AXIS2_PLACEMENT_3D('',#8700,#8701,#8702);
#8700 = CARTESIAN_POINT('',(176.022,-107.442,-4.5E-02));
#8701 = DIRECTION('',(-0.,-0.,-1.));
#8702 = DIRECTION('',(-0.,-1.,0.));
#8703 = ADVANCED_FACE('',(#8704),#8715,.F.);
#8704 = FACE_BOUND('',#8705,.T.);
#8705 = EDGE_LOOP('',(#8706,#8707,#8713,#8714));
#8706 = ORIENTED_EDGE('',*,*,#7340,.T.);
#8707 = ORIENTED_EDGE('',*,*,#8708,.T.);
#8708 = EDGE_CURVE('',#7341,#7985,#8709,.T.);
#8709 = LINE('',#8710,#8711);
#8710 = CARTESIAN_POINT('',(178.562,-107.942,-4.5E-02));
#8711 = VECTOR('',#8712,1.);
#8712 = DIRECTION('',(0.,0.,1.));
#8713 = ORIENTED_EDGE('',*,*,#7984,.F.);
#8714 = ORIENTED_EDGE('',*,*,#8708,.F.);
#8715 = CYLINDRICAL_SURFACE('',#8716,0.5);
#8716 = AXIS2_PLACEMENT_3D('',#8717,#8718,#8719);
#8717 = CARTESIAN_POINT('',(178.562,-107.442,-4.5E-02));
#8718 = DIRECTION('',(-0.,-0.,-1.));
#8719 = DIRECTION('',(-0.,-1.,0.));
#8720 = ADVANCED_FACE('',(#8721),#8732,.F.);
#8721 = FACE_BOUND('',#8722,.T.);
#8722 = EDGE_LOOP('',(#8723,#8724,#8730,#8731));
#8723 = ORIENTED_EDGE('',*,*,#7351,.T.);
#8724 = ORIENTED_EDGE('',*,*,#8725,.T.);
#8725 = EDGE_CURVE('',#7352,#7996,#8726,.T.);
#8726 = LINE('',#8727,#8728);
#8727 = CARTESIAN_POINT('',(181.102,-107.942,-4.5E-02));
#8728 = VECTOR('',#8729,1.);
#8729 = DIRECTION('',(0.,0.,1.));
#8730 = ORIENTED_EDGE('',*,*,#7995,.F.);
#8731 = ORIENTED_EDGE('',*,*,#8725,.F.);
#8732 = CYLINDRICAL_SURFACE('',#8733,0.5);
#8733 = AXIS2_PLACEMENT_3D('',#8734,#8735,#8736);
#8734 = CARTESIAN_POINT('',(181.102,-107.442,-4.5E-02));
#8735 = DIRECTION('',(-0.,-0.,-1.));
#8736 = DIRECTION('',(-0.,-1.,0.));
#8737 = ADVANCED_FACE('',(#8738),#8749,.F.);
#8738 = FACE_BOUND('',#8739,.T.);
#8739 = EDGE_LOOP('',(#8740,#8741,#8747,#8748));
#8740 = ORIENTED_EDGE('',*,*,#7362,.T.);
#8741 = ORIENTED_EDGE('',*,*,#8742,.T.);
#8742 = EDGE_CURVE('',#7363,#8007,#8743,.T.);
#8743 = LINE('',#8744,#8745);
#8744 = CARTESIAN_POINT('',(183.642,-107.942,-4.5E-02));
#8745 = VECTOR('',#8746,1.);
#8746 = DIRECTION('',(0.,0.,1.));
#8747 = ORIENTED_EDGE('',*,*,#8006,.F.);
#8748 = ORIENTED_EDGE('',*,*,#8742,.F.);
#8749 = CYLINDRICAL_SURFACE('',#8750,0.5);
#8750 = AXIS2_PLACEMENT_3D('',#8751,#8752,#8753);
#8751 = CARTESIAN_POINT('',(183.642,-107.442,-4.5E-02));
#8752 = DIRECTION('',(-0.,-0.,-1.));
#8753 = DIRECTION('',(-0.,-1.,0.));
#8754 = ADVANCED_FACE('',(#8755),#8766,.F.);
#8755 = FACE_BOUND('',#8756,.T.);
#8756 = EDGE_LOOP('',(#8757,#8758,#8764,#8765));
#8757 = ORIENTED_EDGE('',*,*,#7373,.T.);
#8758 = ORIENTED_EDGE('',*,*,#8759,.T.);
#8759 = EDGE_CURVE('',#7374,#8018,#8760,.T.);
#8760 = LINE('',#8761,#8762);
#8761 = CARTESIAN_POINT('',(186.182,-107.942,-4.5E-02));
#8762 = VECTOR('',#8763,1.);
#8763 = DIRECTION('',(0.,0.,1.));
#8764 = ORIENTED_EDGE('',*,*,#8017,.F.);
#8765 = ORIENTED_EDGE('',*,*,#8759,.F.);
#8766 = CYLINDRICAL_SURFACE('',#8767,0.5);
#8767 = AXIS2_PLACEMENT_3D('',#8768,#8769,#8770);
#8768 = CARTESIAN_POINT('',(186.182,-107.442,-4.5E-02));
#8769 = DIRECTION('',(-0.,-0.,-1.));
#8770 = DIRECTION('',(-0.,-1.,0.));
#8771 = ADVANCED_FACE('',(#8772),#8783,.F.);
#8772 = FACE_BOUND('',#8773,.T.);
#8773 = EDGE_LOOP('',(#8774,#8775,#8781,#8782));
#8774 = ORIENTED_EDGE('',*,*,#7384,.T.);
#8775 = ORIENTED_EDGE('',*,*,#8776,.T.);
#8776 = EDGE_CURVE('',#7385,#8029,#8777,.T.);
#8777 = LINE('',#8778,#8779);
#8778 = CARTESIAN_POINT('',(174.752,-97.4725,-4.5E-02));
#8779 = VECTOR('',#8780,1.);
#8780 = DIRECTION('',(0.,0.,1.));
#8781 = ORIENTED_EDGE('',*,*,#8028,.F.);
#8782 = ORIENTED_EDGE('',*,*,#8776,.F.);
#8783 = CYLINDRICAL_SURFACE('',#8784,0.4445);
#8784 = AXIS2_PLACEMENT_3D('',#8785,#8786,#8787);
#8785 = CARTESIAN_POINT('',(174.752,-97.028,-4.5E-02));
#8786 = DIRECTION('',(-0.,-0.,-1.));
#8787 = DIRECTION('',(-0.,-1.,0.));
#8788 = ADVANCED_FACE('',(#8789),#8800,.F.);
#8789 = FACE_BOUND('',#8790,.T.);
#8790 = EDGE_LOOP('',(#8791,#8792,#8798,#8799));
#8791 = ORIENTED_EDGE('',*,*,#7395,.T.);
#8792 = ORIENTED_EDGE('',*,*,#8793,.T.);
#8793 = EDGE_CURVE('',#7396,#8040,#8794,.T.);
#8794 = LINE('',#8795,#8796);
#8795 = CARTESIAN_POINT('',(177.292,-97.4725,-4.5E-02));
#8796 = VECTOR('',#8797,1.);
#8797 = DIRECTION('',(0.,0.,1.));
#8798 = ORIENTED_EDGE('',*,*,#8039,.F.);
#8799 = ORIENTED_EDGE('',*,*,#8793,.F.);
#8800 = CYLINDRICAL_SURFACE('',#8801,0.4445);
#8801 = AXIS2_PLACEMENT_3D('',#8802,#8803,#8804);
#8802 = CARTESIAN_POINT('',(177.292,-97.028,-4.5E-02));
#8803 = DIRECTION('',(-0.,-0.,-1.));
#8804 = DIRECTION('',(-0.,-1.,0.));
#8805 = ADVANCED_FACE('',(#8806),#8817,.F.);
#8806 = FACE_BOUND('',#8807,.T.);
#8807 = EDGE_LOOP('',(#8808,#8809,#8815,#8816));
#8808 = ORIENTED_EDGE('',*,*,#7406,.T.);
#8809 = ORIENTED_EDGE('',*,*,#8810,.T.);
#8810 = EDGE_CURVE('',#7407,#8051,#8811,.T.);
#8811 = LINE('',#8812,#8813);
#8812 = CARTESIAN_POINT('',(179.832,-97.4725,-4.5E-02));
#8813 = VECTOR('',#8814,1.);
#8814 = DIRECTION('',(0.,0.,1.));
#8815 = ORIENTED_EDGE('',*,*,#8050,.F.);
#8816 = ORIENTED_EDGE('',*,*,#8810,.F.);
#8817 = CYLINDRICAL_SURFACE('',#8818,0.4445);
#8818 = AXIS2_PLACEMENT_3D('',#8819,#8820,#8821);
#8819 = CARTESIAN_POINT('',(179.832,-97.028,-4.5E-02));
#8820 = DIRECTION('',(-0.,-0.,-1.));
#8821 = DIRECTION('',(-0.,-1.,0.));
#8822 = ADVANCED_FACE('',(#8823),#8834,.F.);
#8823 = FACE_BOUND('',#8824,.T.);
#8824 = EDGE_LOOP('',(#8825,#8826,#8832,#8833));
#8825 = ORIENTED_EDGE('',*,*,#7417,.T.);
#8826 = ORIENTED_EDGE('',*,*,#8827,.T.);
#8827 = EDGE_CURVE('',#7418,#8062,#8828,.T.);
#8828 = LINE('',#8829,#8830);
#8829 = CARTESIAN_POINT('',(182.372,-97.4725,-4.5E-02));
#8830 = VECTOR('',#8831,1.);
#8831 = DIRECTION('',(0.,0.,1.));
#8832 = ORIENTED_EDGE('',*,*,#8061,.F.);
#8833 = ORIENTED_EDGE('',*,*,#8827,.F.);
#8834 = CYLINDRICAL_SURFACE('',#8835,0.4445);
#8835 = AXIS2_PLACEMENT_3D('',#8836,#8837,#8838);
#8836 = CARTESIAN_POINT('',(182.372,-97.028,-4.5E-02));
#8837 = DIRECTION('',(-0.,-0.,-1.));
#8838 = DIRECTION('',(-0.,-1.,0.));
#8839 = ADVANCED_FACE('',(#8840),#8851,.F.);
#8840 = FACE_BOUND('',#8841,.T.);
#8841 = EDGE_LOOP('',(#8842,#8843,#8849,#8850));
#8842 = ORIENTED_EDGE('',*,*,#7428,.T.);
#8843 = ORIENTED_EDGE('',*,*,#8844,.T.);
#8844 = EDGE_CURVE('',#7429,#8073,#8845,.T.);
#8845 = LINE('',#8846,#8847);
#8846 = CARTESIAN_POINT('',(184.912,-97.4725,-4.5E-02));
#8847 = VECTOR('',#8848,1.);
#8848 = DIRECTION('',(0.,0.,1.));
#8849 = ORIENTED_EDGE('',*,*,#8072,.F.);
#8850 = ORIENTED_EDGE('',*,*,#8844,.F.);
#8851 = CYLINDRICAL_SURFACE('',#8852,0.4445);
#8852 = AXIS2_PLACEMENT_3D('',#8853,#8854,#8855);
#8853 = CARTESIAN_POINT('',(184.912,-97.028,-4.5E-02));
#8854 = DIRECTION('',(-0.,-0.,-1.));
#8855 = DIRECTION('',(-0.,-1.,0.));
#8856 = ADVANCED_FACE('',(#8857),#8868,.F.);
#8857 = FACE_BOUND('',#8858,.T.);
#8858 = EDGE_LOOP('',(#8859,#8860,#8866,#8867));
#8859 = ORIENTED_EDGE('',*,*,#7439,.T.);
#8860 = ORIENTED_EDGE('',*,*,#8861,.T.);
#8861 = EDGE_CURVE('',#7440,#8084,#8862,.T.);
#8862 = LINE('',#8863,#8864);
#8863 = CARTESIAN_POINT('',(188.722,-107.942,-4.5E-02));
#8864 = VECTOR('',#8865,1.);
#8865 = DIRECTION('',(0.,0.,1.));
#8866 = ORIENTED_EDGE('',*,*,#8083,.F.);
#8867 = ORIENTED_EDGE('',*,*,#8861,.F.);
#8868 = CYLINDRICAL_SURFACE('',#8869,0.5);
#8869 = AXIS2_PLACEMENT_3D('',#8870,#8871,#8872);
#8870 = CARTESIAN_POINT('',(188.722,-107.442,-4.5E-02));
#8871 = DIRECTION('',(-0.,-0.,-1.));
#8872 = DIRECTION('',(-0.,-1.,0.));
#8873 = ADVANCED_FACE('',(#8874),#8885,.F.);
#8874 = FACE_BOUND('',#8875,.T.);
#8875 = EDGE_LOOP('',(#8876,#8877,#8883,#8884));
#8876 = ORIENTED_EDGE('',*,*,#7450,.T.);
#8877 = ORIENTED_EDGE('',*,*,#8878,.T.);
#8878 = EDGE_CURVE('',#7451,#8095,#8879,.T.);
#8879 = LINE('',#8880,#8881);
#8880 = CARTESIAN_POINT('',(191.262,-107.942,-4.5E-02));
#8881 = VECTOR('',#8882,1.);
#8882 = DIRECTION('',(0.,0.,1.));
#8883 = ORIENTED_EDGE('',*,*,#8094,.F.);
#8884 = ORIENTED_EDGE('',*,*,#8878,.F.);
#8885 = CYLINDRICAL_SURFACE('',#8886,0.5);
#8886 = AXIS2_PLACEMENT_3D('',#8887,#8888,#8889);
#8887 = CARTESIAN_POINT('',(191.262,-107.442,-4.5E-02));
#8888 = DIRECTION('',(-0.,-0.,-1.));
#8889 = DIRECTION('',(-0.,-1.,0.));
#8890 = ADVANCED_FACE('',(#8891),#8902,.F.);
#8891 = FACE_BOUND('',#8892,.T.);
#8892 = EDGE_LOOP('',(#8893,#8894,#8900,#8901));
#8893 = ORIENTED_EDGE('',*,*,#7461,.T.);
#8894 = ORIENTED_EDGE('',*,*,#8895,.T.);
#8895 = EDGE_CURVE('',#7462,#8106,#8896,.T.);
#8896 = LINE('',#8897,#8898);
#8897 = CARTESIAN_POINT('',(193.802,-112.606,-4.5E-02));
#8898 = VECTOR('',#8899,1.);
#8899 = DIRECTION('',(0.,0.,1.));
#8900 = ORIENTED_EDGE('',*,*,#8105,.F.);
#8901 = ORIENTED_EDGE('',*,*,#8895,.F.);
#8902 = CYLINDRICAL_SURFACE('',#8903,1.1);
#8903 = AXIS2_PLACEMENT_3D('',#8904,#8905,#8906);
#8904 = CARTESIAN_POINT('',(193.802,-111.506,-4.5E-02));
#8905 = DIRECTION('',(-0.,-0.,-1.));
#8906 = DIRECTION('',(-0.,-1.,0.));
#8907 = ADVANCED_FACE('',(#8908),#8919,.F.);
#8908 = FACE_BOUND('',#8909,.T.);
#8909 = EDGE_LOOP('',(#8910,#8911,#8917,#8918));
#8910 = ORIENTED_EDGE('',*,*,#7472,.T.);
#8911 = ORIENTED_EDGE('',*,*,#8912,.T.);
#8912 = EDGE_CURVE('',#7473,#8117,#8913,.T.);
#8913 = LINE('',#8914,#8915);
#8914 = CARTESIAN_POINT('',(199.136,-109.466,-4.5E-02));
#8915 = VECTOR('',#8916,1.);
#8916 = DIRECTION('',(0.,0.,1.));
#8917 = ORIENTED_EDGE('',*,*,#8116,.F.);
#8918 = ORIENTED_EDGE('',*,*,#8912,.F.);
#8919 = CYLINDRICAL_SURFACE('',#8920,0.5);
#8920 = AXIS2_PLACEMENT_3D('',#8921,#8922,#8923);
#8921 = CARTESIAN_POINT('',(199.136,-108.966,-4.5E-02));
#8922 = DIRECTION('',(-0.,-0.,-1.));
#8923 = DIRECTION('',(-0.,-1.,0.));
#8924 = ADVANCED_FACE('',(#8925),#8936,.F.);
#8925 = FACE_BOUND('',#8926,.T.);
#8926 = EDGE_LOOP('',(#8927,#8928,#8934,#8935));
#8927 = ORIENTED_EDGE('',*,*,#7483,.T.);
#8928 = ORIENTED_EDGE('',*,*,#8929,.T.);
#8929 = EDGE_CURVE('',#7484,#8128,#8930,.T.);
#8930 = LINE('',#8931,#8932);
#8931 = CARTESIAN_POINT('',(199.136,-106.926,-4.5E-02));
#8932 = VECTOR('',#8933,1.);
#8933 = DIRECTION('',(0.,0.,1.));
#8934 = ORIENTED_EDGE('',*,*,#8127,.F.);
#8935 = ORIENTED_EDGE('',*,*,#8929,.F.);
#8936 = CYLINDRICAL_SURFACE('',#8937,0.5);
#8937 = AXIS2_PLACEMENT_3D('',#8938,#8939,#8940);
#8938 = CARTESIAN_POINT('',(199.136,-106.426,-4.5E-02));
#8939 = DIRECTION('',(-0.,-0.,-1.));
#8940 = DIRECTION('',(-0.,-1.,0.));
#8941 = ADVANCED_FACE('',(#8942),#8953,.F.);
#8942 = FACE_BOUND('',#8943,.T.);
#8943 = EDGE_LOOP('',(#8944,#8945,#8951,#8952));
#8944 = ORIENTED_EDGE('',*,*,#7494,.T.);
#8945 = ORIENTED_EDGE('',*,*,#8946,.T.);
#8946 = EDGE_CURVE('',#7495,#8139,#8947,.T.);
#8947 = LINE('',#8948,#8949);
#8948 = CARTESIAN_POINT('',(187.452,-97.4725,-4.5E-02));
#8949 = VECTOR('',#8950,1.);
#8950 = DIRECTION('',(0.,0.,1.));
#8951 = ORIENTED_EDGE('',*,*,#8138,.F.);
#8952 = ORIENTED_EDGE('',*,*,#8946,.F.);
#8953 = CYLINDRICAL_SURFACE('',#8954,0.4445);
#8954 = AXIS2_PLACEMENT_3D('',#8955,#8956,#8957);
#8955 = CARTESIAN_POINT('',(187.452,-97.028,-4.5E-02));
#8956 = DIRECTION('',(-0.,-0.,-1.));
#8957 = DIRECTION('',(-0.,-1.,0.));
#8958 = ADVANCED_FACE('',(#8959),#8970,.F.);
#8959 = FACE_BOUND('',#8960,.T.);
#8960 = EDGE_LOOP('',(#8961,#8962,#8968,#8969));
#8961 = ORIENTED_EDGE('',*,*,#7505,.T.);
#8962 = ORIENTED_EDGE('',*,*,#8963,.T.);
#8963 = EDGE_CURVE('',#7506,#8150,#8964,.T.);
#8964 = LINE('',#8965,#8966);
#8965 = CARTESIAN_POINT('',(189.992,-97.4725,-4.5E-02));
#8966 = VECTOR('',#8967,1.);
#8967 = DIRECTION('',(0.,0.,1.));
#8968 = ORIENTED_EDGE('',*,*,#8149,.F.);
#8969 = ORIENTED_EDGE('',*,*,#8963,.F.);
#8970 = CYLINDRICAL_SURFACE('',#8971,0.4445);
#8971 = AXIS2_PLACEMENT_3D('',#8972,#8973,#8974);
#8972 = CARTESIAN_POINT('',(189.992,-97.028,-4.5E-02));
#8973 = DIRECTION('',(-0.,-0.,-1.));
#8974 = DIRECTION('',(-6.394085361171E-14,-1.,0.));
#8975 = ADVANCED_FACE('',(#8976),#8987,.F.);
#8976 = FACE_BOUND('',#8977,.T.);
#8977 = EDGE_LOOP('',(#8978,#8979,#8985,#8986));
#8978 = ORIENTED_EDGE('',*,*,#7516,.T.);
#8979 = ORIENTED_EDGE('',*,*,#8980,.T.);
#8980 = EDGE_CURVE('',#7517,#8161,#8981,.T.);
#8981 = LINE('',#8982,#8983);
#8982 = CARTESIAN_POINT('',(192.532,-97.4725,-4.5E-02));
#8983 = VECTOR('',#8984,1.);
#8984 = DIRECTION('',(0.,0.,1.));
#8985 = ORIENTED_EDGE('',*,*,#8160,.F.);
#8986 = ORIENTED_EDGE('',*,*,#8980,.F.);
#8987 = CYLINDRICAL_SURFACE('',#8988,0.4445);
#8988 = AXIS2_PLACEMENT_3D('',#8989,#8990,#8991);
#8989 = CARTESIAN_POINT('',(192.532,-97.028,-4.5E-02));
#8990 = DIRECTION('',(-0.,0.,-1.));
#8991 = DIRECTION('',(6.39408536117E-14,-1.,-0.));
#8992 = ADVANCED_FACE('',(#8993),#9004,.F.);
#8993 = FACE_BOUND('',#8994,.T.);
#8994 = EDGE_LOOP('',(#8995,#8996,#9002,#9003));
#8995 = ORIENTED_EDGE('',*,*,#7527,.T.);
#8996 = ORIENTED_EDGE('',*,*,#8997,.T.);
#8997 = EDGE_CURVE('',#7528,#8172,#8998,.T.);
#8998 = LINE('',#8999,#9000);
#8999 = CARTESIAN_POINT('',(174.752,-79.6925,-4.5E-02));
#9000 = VECTOR('',#9001,1.);
#9001 = DIRECTION('',(0.,0.,1.));
#9002 = ORIENTED_EDGE('',*,*,#8171,.F.);
#9003 = ORIENTED_EDGE('',*,*,#8997,.F.);
#9004 = CYLINDRICAL_SURFACE('',#9005,0.4445);
#9005 = AXIS2_PLACEMENT_3D('',#9006,#9007,#9008);
#9006 = CARTESIAN_POINT('',(174.752,-79.248,-4.5E-02));
#9007 = DIRECTION('',(-0.,-0.,-1.));
#9008 = DIRECTION('',(-0.,-1.,0.));
#9009 = ADVANCED_FACE('',(#9010),#9021,.F.);
#9010 = FACE_BOUND('',#9011,.T.);
#9011 = EDGE_LOOP('',(#9012,#9013,#9019,#9020));
#9012 = ORIENTED_EDGE('',*,*,#7538,.T.);
#9013 = ORIENTED_EDGE('',*,*,#9014,.T.);
#9014 = EDGE_CURVE('',#7539,#8183,#9015,.T.);
#9015 = LINE('',#9016,#9017);
#9016 = CARTESIAN_POINT('',(177.292,-79.6925,-4.5E-02));
#9017 = VECTOR('',#9018,1.);
#9018 = DIRECTION('',(0.,0.,1.));
#9019 = ORIENTED_EDGE('',*,*,#8182,.F.);
#9020 = ORIENTED_EDGE('',*,*,#9014,.F.);
#9021 = CYLINDRICAL_SURFACE('',#9022,0.4445);
#9022 = AXIS2_PLACEMENT_3D('',#9023,#9024,#9025);
#9023 = CARTESIAN_POINT('',(177.292,-79.248,-4.5E-02));
#9024 = DIRECTION('',(-0.,-0.,-1.));
#9025 = DIRECTION('',(-0.,-1.,0.));
#9026 = ADVANCED_FACE('',(#9027),#9038,.F.);
#9027 = FACE_BOUND('',#9028,.T.);
#9028 = EDGE_LOOP('',(#9029,#9030,#9036,#9037));
#9029 = ORIENTED_EDGE('',*,*,#7549,.T.);
#9030 = ORIENTED_EDGE('',*,*,#9031,.T.);
#9031 = EDGE_CURVE('',#7550,#8194,#9032,.T.);
#9032 = LINE('',#9033,#9034);
#9033 = CARTESIAN_POINT('',(179.832,-79.6925,-4.5E-02));
#9034 = VECTOR('',#9035,1.);
#9035 = DIRECTION('',(0.,0.,1.));
#9036 = ORIENTED_EDGE('',*,*,#8193,.F.);
#9037 = ORIENTED_EDGE('',*,*,#9031,.F.);
#9038 = CYLINDRICAL_SURFACE('',#9039,0.4445);
#9039 = AXIS2_PLACEMENT_3D('',#9040,#9041,#9042);
#9040 = CARTESIAN_POINT('',(179.832,-79.248,-4.5E-02));
#9041 = DIRECTION('',(-0.,-0.,-1.));
#9042 = DIRECTION('',(-0.,-1.,0.));
#9043 = ADVANCED_FACE('',(#9044),#9055,.F.);
#9044 = FACE_BOUND('',#9045,.T.);
#9045 = EDGE_LOOP('',(#9046,#9047,#9053,#9054));
#9046 = ORIENTED_EDGE('',*,*,#7560,.T.);
#9047 = ORIENTED_EDGE('',*,*,#9048,.T.);
#9048 = EDGE_CURVE('',#7561,#8205,#9049,.T.);
#9049 = LINE('',#9050,#9051);
#9050 = CARTESIAN_POINT('',(182.372,-79.6925,-4.5E-02));
#9051 = VECTOR('',#9052,1.);
#9052 = DIRECTION('',(0.,0.,1.));
#9053 = ORIENTED_EDGE('',*,*,#8204,.F.);
#9054 = ORIENTED_EDGE('',*,*,#9048,.F.);
#9055 = CYLINDRICAL_SURFACE('',#9056,0.4445);
#9056 = AXIS2_PLACEMENT_3D('',#9057,#9058,#9059);
#9057 = CARTESIAN_POINT('',(182.372,-79.248,-4.5E-02));
#9058 = DIRECTION('',(-0.,-0.,-1.));
#9059 = DIRECTION('',(-0.,-1.,0.));
#9060 = ADVANCED_FACE('',(#9061),#9072,.F.);
#9061 = FACE_BOUND('',#9062,.T.);
#9062 = EDGE_LOOP('',(#9063,#9064,#9070,#9071));
#9063 = ORIENTED_EDGE('',*,*,#7571,.T.);
#9064 = ORIENTED_EDGE('',*,*,#9065,.T.);
#9065 = EDGE_CURVE('',#7572,#8216,#9066,.T.);
#9066 = LINE('',#9067,#9068);
#9067 = CARTESIAN_POINT('',(184.912,-79.6925,-4.5E-02));
#9068 = VECTOR('',#9069,1.);
#9069 = DIRECTION('',(0.,0.,1.));
#9070 = ORIENTED_EDGE('',*,*,#8215,.F.);
#9071 = ORIENTED_EDGE('',*,*,#9065,.F.);
#9072 = CYLINDRICAL_SURFACE('',#9073,0.4445);
#9073 = AXIS2_PLACEMENT_3D('',#9074,#9075,#9076);
#9074 = CARTESIAN_POINT('',(184.912,-79.248,-4.5E-02));
#9075 = DIRECTION('',(-0.,-0.,-1.));
#9076 = DIRECTION('',(-0.,-1.,0.));
#9077 = ADVANCED_FACE('',(#9078),#9089,.F.);
#9078 = FACE_BOUND('',#9079,.T.);
#9079 = EDGE_LOOP('',(#9080,#9081,#9087,#9088));
#9080 = ORIENTED_EDGE('',*,*,#7582,.T.);
#9081 = ORIENTED_EDGE('',*,*,#9082,.T.);
#9082 = EDGE_CURVE('',#7583,#8227,#9083,.T.);
#9083 = LINE('',#9084,#9085);
#9084 = CARTESIAN_POINT('',(187.452,-79.6925,-4.5E-02));
#9085 = VECTOR('',#9086,1.);
#9086 = DIRECTION('',(0.,0.,1.));
#9087 = ORIENTED_EDGE('',*,*,#8226,.F.);
#9088 = ORIENTED_EDGE('',*,*,#9082,.F.);
#9089 = CYLINDRICAL_SURFACE('',#9090,0.4445);
#9090 = AXIS2_PLACEMENT_3D('',#9091,#9092,#9093);
#9091 = CARTESIAN_POINT('',(187.452,-79.248,-4.5E-02));
#9092 = DIRECTION('',(-0.,-0.,-1.));
#9093 = DIRECTION('',(-0.,-1.,0.));
#9094 = ADVANCED_FACE('',(#9095),#9106,.F.);
#9095 = FACE_BOUND('',#9096,.T.);
#9096 = EDGE_LOOP('',(#9097,#9098,#9104,#9105));
#9097 = ORIENTED_EDGE('',*,*,#7593,.T.);
#9098 = ORIENTED_EDGE('',*,*,#9099,.T.);
#9099 = EDGE_CURVE('',#7594,#8238,#9100,.T.);
#9100 = LINE('',#9101,#9102);
#9101 = CARTESIAN_POINT('',(189.992,-79.6925,-4.5E-02));
#9102 = VECTOR('',#9103,1.);
#9103 = DIRECTION('',(0.,0.,1.));
#9104 = ORIENTED_EDGE('',*,*,#8237,.F.);
#9105 = ORIENTED_EDGE('',*,*,#9099,.F.);
#9106 = CYLINDRICAL_SURFACE('',#9107,0.4445);
#9107 = AXIS2_PLACEMENT_3D('',#9108,#9109,#9110);
#9108 = CARTESIAN_POINT('',(189.992,-79.248,-4.5E-02));
#9109 = DIRECTION('',(-0.,-0.,-1.));
#9110 = DIRECTION('',(-6.394085361171E-14,-1.,0.));
#9111 = ADVANCED_FACE('',(#9112),#9123,.F.);
#9112 = FACE_BOUND('',#9113,.T.);
#9113 = EDGE_LOOP('',(#9114,#9115,#9121,#9122));
#9114 = ORIENTED_EDGE('',*,*,#7604,.T.);
#9115 = ORIENTED_EDGE('',*,*,#9116,.T.);
#9116 = EDGE_CURVE('',#7605,#8249,#9117,.T.);
#9117 = LINE('',#9118,#9119);
#9118 = CARTESIAN_POINT('',(192.532,-79.6925,-4.5E-02));
#9119 = VECTOR('',#9120,1.);
#9120 = DIRECTION('',(0.,0.,1.));
#9121 = ORIENTED_EDGE('',*,*,#8248,.F.);
#9122 = ORIENTED_EDGE('',*,*,#9116,.F.);
#9123 = CYLINDRICAL_SURFACE('',#9124,0.4445);
#9124 = AXIS2_PLACEMENT_3D('',#9125,#9126,#9127);
#9125 = CARTESIAN_POINT('',(192.532,-79.248,-4.5E-02));
#9126 = DIRECTION('',(-0.,0.,-1.));
#9127 = DIRECTION('',(6.39408536117E-14,-1.,-0.));
#9128 = ADVANCED_FACE('',(#9129),#9140,.F.);
#9129 = FACE_BOUND('',#9130,.T.);
#9130 = EDGE_LOOP('',(#9131,#9132,#9138,#9139));
#9131 = ORIENTED_EDGE('',*,*,#7615,.T.);
#9132 = ORIENTED_EDGE('',*,*,#9133,.T.);
#9133 = EDGE_CURVE('',#7616,#8260,#9134,.T.);
#9134 = LINE('',#9135,#9136);
#9135 = CARTESIAN_POINT('',(151.765,-69.588,-4.5E-02));
#9136 = VECTOR('',#9137,1.);
#9137 = DIRECTION('',(0.,0.,1.));
#9138 = ORIENTED_EDGE('',*,*,#8259,.F.);
#9139 = ORIENTED_EDGE('',*,*,#9133,.F.);
#9140 = CYLINDRICAL_SURFACE('',#9141,0.5);
#9141 = AXIS2_PLACEMENT_3D('',#9142,#9143,#9144);
#9142 = CARTESIAN_POINT('',(151.765,-69.088,-4.5E-02));
#9143 = DIRECTION('',(-0.,-0.,-1.));
#9144 = DIRECTION('',(-0.,-1.,0.));
#9145 = ADVANCED_FACE('',(#9146),#9157,.F.);
#9146 = FACE_BOUND('',#9147,.T.);
#9147 = EDGE_LOOP('',(#9148,#9149,#9155,#9156));
#9148 = ORIENTED_EDGE('',*,*,#7626,.T.);
#9149 = ORIENTED_EDGE('',*,*,#9150,.T.);
#9150 = EDGE_CURVE('',#7627,#8271,#9151,.T.);
#9151 = LINE('',#9152,#9153);
#9152 = CARTESIAN_POINT('',(151.765,-67.048,-4.5E-02));
#9153 = VECTOR('',#9154,1.);
#9154 = DIRECTION('',(0.,0.,1.));
#9155 = ORIENTED_EDGE('',*,*,#8270,.F.);
#9156 = ORIENTED_EDGE('',*,*,#9150,.F.);
#9157 = CYLINDRICAL_SURFACE('',#9158,0.5);
#9158 = AXIS2_PLACEMENT_3D('',#9159,#9160,#9161);
#9159 = CARTESIAN_POINT('',(151.765,-66.548,-4.5E-02));
#9160 = DIRECTION('',(-0.,-0.,-1.));
#9161 = DIRECTION('',(-0.,-1.,0.));
#9162 = ADVANCED_FACE('',(#9163),#9174,.F.);
#9163 = FACE_BOUND('',#9164,.T.);
#9164 = EDGE_LOOP('',(#9165,#9166,#9172,#9173));
#9165 = ORIENTED_EDGE('',*,*,#7637,.T.);
#9166 = ORIENTED_EDGE('',*,*,#9167,.T.);
#9167 = EDGE_CURVE('',#7638,#8282,#9168,.T.);
#9168 = LINE('',#9169,#9170);
#9169 = CARTESIAN_POINT('',(159.131,-69.588,-4.5E-02));
#9170 = VECTOR('',#9171,1.);
#9171 = DIRECTION('',(0.,0.,1.));
#9172 = ORIENTED_EDGE('',*,*,#8281,.F.);
#9173 = ORIENTED_EDGE('',*,*,#9167,.F.);
#9174 = CYLINDRICAL_SURFACE('',#9175,0.5);
#9175 = AXIS2_PLACEMENT_3D('',#9176,#9177,#9178);
#9176 = CARTESIAN_POINT('',(159.131,-69.088,-4.5E-02));
#9177 = DIRECTION('',(-0.,-0.,-1.));
#9178 = DIRECTION('',(-0.,-1.,0.));
#9179 = ADVANCED_FACE('',(#9180),#9191,.F.);
#9180 = FACE_BOUND('',#9181,.T.);
#9181 = EDGE_LOOP('',(#9182,#9183,#9189,#9190));
#9182 = ORIENTED_EDGE('',*,*,#7648,.T.);
#9183 = ORIENTED_EDGE('',*,*,#9184,.T.);
#9184 = EDGE_CURVE('',#7649,#8293,#9185,.T.);
#9185 = LINE('',#9186,#9187);
#9186 = CARTESIAN_POINT('',(159.131,-67.048,-4.5E-02));
#9187 = VECTOR('',#9188,1.);
#9188 = DIRECTION('',(0.,0.,1.));
#9189 = ORIENTED_EDGE('',*,*,#8292,.F.);
#9190 = ORIENTED_EDGE('',*,*,#9184,.F.);
#9191 = CYLINDRICAL_SURFACE('',#9192,0.5);
#9192 = AXIS2_PLACEMENT_3D('',#9193,#9194,#9195);
#9193 = CARTESIAN_POINT('',(159.131,-66.548,-4.5E-02));
#9194 = DIRECTION('',(-0.,-0.,-1.));
#9195 = DIRECTION('',(-0.,-1.,0.));
#9196 = ADVANCED_FACE('',(#9197),#9208,.F.);
#9197 = FACE_BOUND('',#9198,.T.);
#9198 = EDGE_LOOP('',(#9199,#9200,#9206,#9207));
#9199 = ORIENTED_EDGE('',*,*,#7659,.T.);
#9200 = ORIENTED_EDGE('',*,*,#9201,.T.);
#9201 = EDGE_CURVE('',#7660,#8304,#9202,.T.);
#9202 = LINE('',#9203,#9204);
#9203 = CARTESIAN_POINT('',(151.638,-60.185,-4.5E-02));
#9204 = VECTOR('',#9205,1.);
#9205 = DIRECTION('',(0.,0.,1.));
#9206 = ORIENTED_EDGE('',*,*,#8303,.F.);
#9207 = ORIENTED_EDGE('',*,*,#9201,.F.);
#9208 = CYLINDRICAL_SURFACE('',#9209,0.5);
#9209 = AXIS2_PLACEMENT_3D('',#9210,#9211,#9212);
#9210 = CARTESIAN_POINT('',(151.638,-59.685,-4.5E-02));
#9211 = DIRECTION('',(-0.,-0.,-1.));
#9212 = DIRECTION('',(-0.,-1.,0.));
#9213 = ADVANCED_FACE('',(#9214),#9225,.F.);
#9214 = FACE_BOUND('',#9215,.T.);
#9215 = EDGE_LOOP('',(#9216,#9217,#9223,#9224));
#9216 = ORIENTED_EDGE('',*,*,#7670,.T.);
#9217 = ORIENTED_EDGE('',*,*,#9218,.T.);
#9218 = EDGE_CURVE('',#7671,#8315,#9219,.T.);
#9219 = LINE('',#9220,#9221);
#9220 = CARTESIAN_POINT('',(151.638,-57.645,-4.5E-02));
#9221 = VECTOR('',#9222,1.);
#9222 = DIRECTION('',(0.,0.,1.));
#9223 = ORIENTED_EDGE('',*,*,#8314,.F.);
#9224 = ORIENTED_EDGE('',*,*,#9218,.F.);
#9225 = CYLINDRICAL_SURFACE('',#9226,0.5);
#9226 = AXIS2_PLACEMENT_3D('',#9227,#9228,#9229);
#9227 = CARTESIAN_POINT('',(151.638,-57.145,-4.5E-02));
#9228 = DIRECTION('',(-0.,-0.,-1.));
#9229 = DIRECTION('',(-0.,-1.,0.));
#9230 = ADVANCED_FACE('',(#9231),#9242,.F.);
#9231 = FACE_BOUND('',#9232,.T.);
#9232 = EDGE_LOOP('',(#9233,#9234,#9240,#9241));
#9233 = ORIENTED_EDGE('',*,*,#7681,.T.);
#9234 = ORIENTED_EDGE('',*,*,#9235,.T.);
#9235 = EDGE_CURVE('',#7682,#8326,#9236,.T.);
#9236 = LINE('',#9237,#9238);
#9237 = CARTESIAN_POINT('',(159.258,-60.185,-4.5E-02));
#9238 = VECTOR('',#9239,1.);
#9239 = DIRECTION('',(0.,0.,1.));
#9240 = ORIENTED_EDGE('',*,*,#8325,.F.);
#9241 = ORIENTED_EDGE('',*,*,#9235,.F.);
#9242 = CYLINDRICAL_SURFACE('',#9243,0.5);
#9243 = AXIS2_PLACEMENT_3D('',#9244,#9245,#9246);
#9244 = CARTESIAN_POINT('',(159.258,-59.685,-4.5E-02));
#9245 = DIRECTION('',(-0.,-0.,-1.));
#9246 = DIRECTION('',(-0.,-1.,0.));
#9247 = ADVANCED_FACE('',(#9248),#9259,.F.);
#9248 = FACE_BOUND('',#9249,.T.);
#9249 = EDGE_LOOP('',(#9250,#9251,#9257,#9258));
#9250 = ORIENTED_EDGE('',*,*,#7692,.T.);
#9251 = ORIENTED_EDGE('',*,*,#9252,.T.);
#9252 = EDGE_CURVE('',#7693,#8337,#9253,.T.);
#9253 = LINE('',#9254,#9255);
#9254 = CARTESIAN_POINT('',(159.258,-57.645,-4.5E-02));
#9255 = VECTOR('',#9256,1.);
#9256 = DIRECTION('',(0.,0.,1.));
#9257 = ORIENTED_EDGE('',*,*,#8336,.F.);
#9258 = ORIENTED_EDGE('',*,*,#9252,.F.);
#9259 = CYLINDRICAL_SURFACE('',#9260,0.5);
#9260 = AXIS2_PLACEMENT_3D('',#9261,#9262,#9263);
#9261 = CARTESIAN_POINT('',(159.258,-57.145,-4.5E-02));
#9262 = DIRECTION('',(-0.,-0.,-1.));
#9263 = DIRECTION('',(-0.,-1.,0.));
#9264 = ADVANCED_FACE('',(#9265),#9276,.F.);
#9265 = FACE_BOUND('',#9266,.T.);
#9266 = EDGE_LOOP('',(#9267,#9268,#9274,#9275));
#9267 = ORIENTED_EDGE('',*,*,#7703,.T.);
#9268 = ORIENTED_EDGE('',*,*,#9269,.T.);
#9269 = EDGE_CURVE('',#7704,#8348,#9270,.T.);
#9270 = LINE('',#9271,#9272);
#9271 = CARTESIAN_POINT('',(147.574,-47.582,-4.5E-02));
#9272 = VECTOR('',#9273,1.);
#9273 = DIRECTION('',(0.,0.,1.));
#9274 = ORIENTED_EDGE('',*,*,#8347,.F.);
#9275 = ORIENTED_EDGE('',*,*,#9269,.F.);
#9276 = CYLINDRICAL_SURFACE('',#9277,1.1);
#9277 = AXIS2_PLACEMENT_3D('',#9278,#9279,#9280);
#9278 = CARTESIAN_POINT('',(147.574,-46.482,-4.5E-02));
#9279 = DIRECTION('',(-0.,-0.,-1.));
#9280 = DIRECTION('',(-0.,-1.,0.));
#9281 = ADVANCED_FACE('',(#9282),#9293,.F.);
#9282 = FACE_BOUND('',#9283,.T.);
#9283 = EDGE_LOOP('',(#9284,#9285,#9291,#9292));
#9284 = ORIENTED_EDGE('',*,*,#7714,.T.);
#9285 = ORIENTED_EDGE('',*,*,#9286,.T.);
#9286 = EDGE_CURVE('',#7715,#8359,#9287,.T.);
#9287 = LINE('',#9288,#9289);
#9288 = CARTESIAN_POINT('',(174.752,-70.5485,-4.5E-02));
#9289 = VECTOR('',#9290,1.);
#9290 = DIRECTION('',(0.,0.,1.));
#9291 = ORIENTED_EDGE('',*,*,#8358,.F.);
#9292 = ORIENTED_EDGE('',*,*,#9286,.F.);
#9293 = CYLINDRICAL_SURFACE('',#9294,0.4445);
#9294 = AXIS2_PLACEMENT_3D('',#9295,#9296,#9297);
#9295 = CARTESIAN_POINT('',(174.752,-70.104,-4.5E-02));
#9296 = DIRECTION('',(-0.,-0.,-1.));
#9297 = DIRECTION('',(-0.,-1.,0.));
#9298 = ADVANCED_FACE('',(#9299),#9310,.F.);
#9299 = FACE_BOUND('',#9300,.T.);
#9300 = EDGE_LOOP('',(#9301,#9302,#9308,#9309));
#9301 = ORIENTED_EDGE('',*,*,#7725,.T.);
#9302 = ORIENTED_EDGE('',*,*,#9303,.T.);
#9303 = EDGE_CURVE('',#7726,#8370,#9304,.T.);
#9304 = LINE('',#9305,#9306);
#9305 = CARTESIAN_POINT('',(174.752,-68.0085,-4.5E-02));
#9306 = VECTOR('',#9307,1.);
#9307 = DIRECTION('',(0.,0.,1.));
#9308 = ORIENTED_EDGE('',*,*,#8369,.F.);
#9309 = ORIENTED_EDGE('',*,*,#9303,.F.);
#9310 = CYLINDRICAL_SURFACE('',#9311,0.4445);
#9311 = AXIS2_PLACEMENT_3D('',#9312,#9313,#9314);
#9312 = CARTESIAN_POINT('',(174.752,-67.564,-4.5E-02));
#9313 = DIRECTION('',(-0.,-0.,-1.));
#9314 = DIRECTION('',(-0.,-1.,0.));
#9315 = ADVANCED_FACE('',(#9316),#9327,.F.);
#9316 = FACE_BOUND('',#9317,.T.);
#9317 = EDGE_LOOP('',(#9318,#9319,#9325,#9326));
#9318 = ORIENTED_EDGE('',*,*,#7736,.T.);
#9319 = ORIENTED_EDGE('',*,*,#9320,.T.);
#9320 = EDGE_CURVE('',#7737,#8381,#9321,.T.);
#9321 = LINE('',#9322,#9323);
#9322 = CARTESIAN_POINT('',(174.752,-65.4685,-4.5E-02));
#9323 = VECTOR('',#9324,1.);
#9324 = DIRECTION('',(0.,0.,1.));
#9325 = ORIENTED_EDGE('',*,*,#8380,.F.);
#9326 = ORIENTED_EDGE('',*,*,#9320,.F.);
#9327 = CYLINDRICAL_SURFACE('',#9328,0.4445);
#9328 = AXIS2_PLACEMENT_3D('',#9329,#9330,#9331);
#9329 = CARTESIAN_POINT('',(174.752,-65.024,-4.5E-02));
#9330 = DIRECTION('',(-0.,-0.,-1.));
#9331 = DIRECTION('',(-0.,-1.,0.));
#9332 = ADVANCED_FACE('',(#9333),#9344,.F.);
#9333 = FACE_BOUND('',#9334,.T.);
#9334 = EDGE_LOOP('',(#9335,#9336,#9342,#9343));
#9335 = ORIENTED_EDGE('',*,*,#7747,.T.);
#9336 = ORIENTED_EDGE('',*,*,#9337,.T.);
#9337 = EDGE_CURVE('',#7748,#8392,#9338,.T.);
#9338 = LINE('',#9339,#9340);
#9339 = CARTESIAN_POINT('',(174.752,-62.9285,-4.5E-02));
#9340 = VECTOR('',#9341,1.);
#9341 = DIRECTION('',(0.,0.,1.));
#9342 = ORIENTED_EDGE('',*,*,#8391,.F.);
#9343 = ORIENTED_EDGE('',*,*,#9337,.F.);
#9344 = CYLINDRICAL_SURFACE('',#9345,0.4445);
#9345 = AXIS2_PLACEMENT_3D('',#9346,#9347,#9348);
#9346 = CARTESIAN_POINT('',(174.752,-62.484,-4.5E-02));
#9347 = DIRECTION('',(-0.,-0.,-1.));
#9348 = DIRECTION('',(-0.,-1.,0.));
#9349 = ADVANCED_FACE('',(#9350),#9361,.F.);
#9350 = FACE_BOUND('',#9351,.T.);
#9351 = EDGE_LOOP('',(#9352,#9353,#9359,#9360));
#9352 = ORIENTED_EDGE('',*,*,#7758,.T.);
#9353 = ORIENTED_EDGE('',*,*,#9354,.T.);
#9354 = EDGE_CURVE('',#7759,#8403,#9355,.T.);
#9355 = LINE('',#9356,#9357);
#9356 = CARTESIAN_POINT('',(174.752,-60.3885,-4.5E-02));
#9357 = VECTOR('',#9358,1.);
#9358 = DIRECTION('',(0.,0.,1.));
#9359 = ORIENTED_EDGE('',*,*,#8402,.F.);
#9360 = ORIENTED_EDGE('',*,*,#9354,.F.);
#9361 = CYLINDRICAL_SURFACE('',#9362,0.4445);
#9362 = AXIS2_PLACEMENT_3D('',#9363,#9364,#9365);
#9363 = CARTESIAN_POINT('',(174.752,-59.944,-4.5E-02));
#9364 = DIRECTION('',(-0.,-0.,-1.));
#9365 = DIRECTION('',(-0.,-1.,0.));
#9366 = ADVANCED_FACE('',(#9367),#9378,.F.);
#9367 = FACE_BOUND('',#9368,.T.);
#9368 = EDGE_LOOP('',(#9369,#9370,#9376,#9377));
#9369 = ORIENTED_EDGE('',*,*,#7769,.T.);
#9370 = ORIENTED_EDGE('',*,*,#9371,.T.);
#9371 = EDGE_CURVE('',#7770,#8414,#9372,.T.);
#9372 = LINE('',#9373,#9374);
#9373 = CARTESIAN_POINT('',(174.752,-57.8485,-4.5E-02));
#9374 = VECTOR('',#9375,1.);
#9375 = DIRECTION('',(0.,0.,1.));
#9376 = ORIENTED_EDGE('',*,*,#8413,.F.);
#9377 = ORIENTED_EDGE('',*,*,#9371,.F.);
#9378 = CYLINDRICAL_SURFACE('',#9379,0.4445);
#9379 = AXIS2_PLACEMENT_3D('',#9380,#9381,#9382);
#9380 = CARTESIAN_POINT('',(174.752,-57.404,-4.5E-02));
#9381 = DIRECTION('',(-0.,-0.,-1.));
#9382 = DIRECTION('',(-0.,-1.,0.));
#9383 = ADVANCED_FACE('',(#9384),#9395,.F.);
#9384 = FACE_BOUND('',#9385,.T.);
#9385 = EDGE_LOOP('',(#9386,#9387,#9393,#9394));
#9386 = ORIENTED_EDGE('',*,*,#7780,.T.);
#9387 = ORIENTED_EDGE('',*,*,#9388,.T.);
#9388 = EDGE_CURVE('',#7781,#8425,#9389,.T.);
#9389 = LINE('',#9390,#9391);
#9390 = CARTESIAN_POINT('',(174.752,-55.3085,-4.5E-02));
#9391 = VECTOR('',#9392,1.);
#9392 = DIRECTION('',(0.,0.,1.));
#9393 = ORIENTED_EDGE('',*,*,#8424,.F.);
#9394 = ORIENTED_EDGE('',*,*,#9388,.F.);
#9395 = CYLINDRICAL_SURFACE('',#9396,0.4445);
#9396 = AXIS2_PLACEMENT_3D('',#9397,#9398,#9399);
#9397 = CARTESIAN_POINT('',(174.752,-54.864,-4.5E-02));
#9398 = DIRECTION('',(-0.,-0.,-1.));
#9399 = DIRECTION('',(-0.,-1.,0.));
#9400 = ADVANCED_FACE('',(#9401),#9412,.F.);
#9401 = FACE_BOUND('',#9402,.T.);
#9402 = EDGE_LOOP('',(#9403,#9404,#9410,#9411));
#9403 = ORIENTED_EDGE('',*,*,#7791,.T.);
#9404 = ORIENTED_EDGE('',*,*,#9405,.T.);
#9405 = EDGE_CURVE('',#7792,#8436,#9406,.T.);
#9406 = LINE('',#9407,#9408);
#9407 = CARTESIAN_POINT('',(174.752,-52.7685,-4.5E-02));
#9408 = VECTOR('',#9409,1.);
#9409 = DIRECTION('',(0.,0.,1.));
#9410 = ORIENTED_EDGE('',*,*,#8435,.F.);
#9411 = ORIENTED_EDGE('',*,*,#9405,.F.);
#9412 = CYLINDRICAL_SURFACE('',#9413,0.4445);
#9413 = AXIS2_PLACEMENT_3D('',#9414,#9415,#9416);
#9414 = CARTESIAN_POINT('',(174.752,-52.324,-4.5E-02));
#9415 = DIRECTION('',(-0.,-0.,-1.));
#9416 = DIRECTION('',(-0.,-1.,0.));
#9417 = ADVANCED_FACE('',(#9418),#9429,.F.);
#9418 = FACE_BOUND('',#9419,.T.);
#9419 = EDGE_LOOP('',(#9420,#9421,#9427,#9428));
#9420 = ORIENTED_EDGE('',*,*,#7802,.T.);
#9421 = ORIENTED_EDGE('',*,*,#9422,.T.);
#9422 = EDGE_CURVE('',#7803,#8447,#9423,.T.);
#9423 = LINE('',#9424,#9425);
#9424 = CARTESIAN_POINT('',(174.752,-50.2285,-4.5E-02));
#9425 = VECTOR('',#9426,1.);
#9426 = DIRECTION('',(0.,0.,1.));
#9427 = ORIENTED_EDGE('',*,*,#8446,.F.);
#9428 = ORIENTED_EDGE('',*,*,#9422,.F.);
#9429 = CYLINDRICAL_SURFACE('',#9430,0.4445);
#9430 = AXIS2_PLACEMENT_3D('',#9431,#9432,#9433);
#9431 = CARTESIAN_POINT('',(174.752,-49.784,-4.5E-02));
#9432 = DIRECTION('',(-0.,-0.,-1.));
#9433 = DIRECTION('',(-0.,-1.,0.));
#9434 = ADVANCED_FACE('',(#9435),#9446,.F.);
#9435 = FACE_BOUND('',#9436,.T.);
#9436 = EDGE_LOOP('',(#9437,#9438,#9444,#9445));
#9437 = ORIENTED_EDGE('',*,*,#7813,.T.);
#9438 = ORIENTED_EDGE('',*,*,#9439,.T.);
#9439 = EDGE_CURVE('',#7814,#8458,#9440,.T.);
#9440 = LINE('',#9441,#9442);
#9441 = CARTESIAN_POINT('',(199.136,-47.582,-4.5E-02));
#9442 = VECTOR('',#9443,1.);
#9443 = DIRECTION('',(0.,0.,1.));
#9444 = ORIENTED_EDGE('',*,*,#8457,.F.);
#9445 = ORIENTED_EDGE('',*,*,#9439,.F.);
#9446 = CYLINDRICAL_SURFACE('',#9447,1.1);
#9447 = AXIS2_PLACEMENT_3D('',#9448,#9449,#9450);
#9448 = CARTESIAN_POINT('',(199.136,-46.482,-4.5E-02));
#9449 = DIRECTION('',(-0.,-0.,-1.));
#9450 = DIRECTION('',(-0.,-1.,0.));
#9451 = ( GEOMETRIC_REPRESENTATION_CONTEXT(3) 
GLOBAL_UNCERTAINTY_ASSIGNED_CONTEXT((#9455)) 
GLOBAL_UNIT_ASSIGNED_CONTEXT((#9452,#9453,#9454)) REPRESENTATION_CONTEXT
('Context #1','3D Context with UNIT and UNCERTAINTY') );
#9452 = ( LENGTH_UNIT() NAMED_UNIT(*) SI_UNIT(.MILLI.,.METRE.) );
#9453 = ( NAMED_UNIT(*) PLANE_ANGLE_UNIT() SI_UNIT($,.RADIAN.) );
#9454 = ( NAMED_UNIT(*) SI_UNIT($,.STERADIAN.) SOLID_ANGLE_UNIT() );
#9455 = UNCERTAINTY_MEASURE_WITH_UNIT(LENGTH_MEASURE(1.E-07),#9452,
  'distance_accuracy_value','confusion accuracy');
#9456 = CONTEXT_DEPENDENT_SHAPE_REPRESENTATION(#9457,#9459);
#9457 = ( REPRESENTATION_RELATIONSHIP('','',#7077,#10) 
REPRESENTATION_RELATIONSHIP_WITH_TRANSFORMATION(#9458) 
SHAPE_REPRESENTATION_RELATIONSHIP() );
#9458 = ITEM_DEFINED_TRANSFORMATION('','',#11,#43);
#9459 = PRODUCT_DEFINITION_SHAPE('Placement','Placement of an item',
  #9460);
#9460 = NEXT_ASSEMBLY_USAGE_OCCURRENCE('10','=>[0:1:1:6]','',#5,#7072,$
  );
#9461 = PRODUCT_RELATED_PRODUCT_CATEGORY('part',$,(#7074));
#9462 = MECHANICAL_DESIGN_GEOMETRIC_PRESENTATION_REPRESENTATION('',(
    #9463),#9451);
#9463 = STYLED_ITEM('color',(#9464),#7078);
#9464 = PRESENTATION_STYLE_ASSIGNMENT((#9465));
#9465 = SURFACE_STYLE_USAGE(.BOTH.,#9466);
#9466 = SURFACE_SIDE_STYLE('',(#9467));
#9467 = SURFACE_STYLE_FILL_AREA(#9468);
#9468 = FILL_AREA_STYLE('',(#9469));
#9469 = FILL_AREA_STYLE_COLOUR('',#9470);
#9470 = COLOUR_RGB('',0.313304153717,0.484529207832,0.410020903123);
#9471 = MECHANICAL_DESIGN_GEOMETRIC_PRESENTATION_REPRESENTATION('',(
    #9472,#9480,#9487,#9494,#9501,#9508,#9515,#9522,#9529,#9536,#9543,
    #9550,#9557,#9564,#9571,#9578,#9585,#9592,#9599,#9606,#9613,#9620,
    #9627,#9634,#9641,#9648,#9655,#9662,#9669,#9676,#9683,#9690,#9697,
    #9704,#9711,#9718,#9725,#9732,#9739,#9746,#9753,#9760,#9767,#9774,
    #9781,#9788,#9795,#9802,#9809,#9816,#9823,#9830,#9837,#9845,#9852,
    #9859,#9866,#9873,#9880,#9887,#9894,#9901,#9908,#9915,#9922,#9929,
    #9936,#9943,#9950,#9957,#9964,#9971,#9978,#9985,#9992,#9999,#10006,
    #10013,#10020,#10027,#10034,#10041,#10048,#10055,#10062,#10069,
    #10076,#10083,#10090,#10097,#10104,#10111,#10118,#10125,#10132,
    #10139,#10146,#10153,#10160,#10167,#10174,#10181,#10188,#10195,
    #10202,#10209,#10216,#10223,#10230,#10237,#10244,#10251,#10258,
    #10265,#10272,#10279,#10286,#10293,#10300,#10307,#10314,#10321,
    #10328,#10335,#10342,#10349,#10356,#10363,#10370,#10377,#10384,
    #10391,#10398,#10405,#10412,#10419,#10426,#10433,#10440,#10447,
    #10454,#10461,#10468,#10475,#10482,#10489,#10496,#10503,#10510,
    #10517,#10524,#10531,#10538,#10545,#10552,#10559,#10566,#10573,
    #10580,#10587,#10594,#10601,#10608,#10615,#10622,#10629,#10636,
    #10643,#10650,#10657,#10664,#10671,#10678,#10685,#10692,#10699,
    #10706,#10713,#10720,#10727,#10734,#10741,#10748,#10755,#10762,
    #10769,#10776,#10783,#10790,#10797,#10804,#10811,#10818,#10825,
    #10832,#10839),#7054);
#9472 = STYLED_ITEM('color',(#9473),#1580);
#9473 = PRESENTATION_STYLE_ASSIGNMENT((#9474));
#9474 = SURFACE_STYLE_USAGE(.BOTH.,#9475);
#9475 = SURFACE_SIDE_STYLE('',(#9476));
#9476 = SURFACE_STYLE_FILL_AREA(#9477);
#9477 = FILL_AREA_STYLE('',(#9478));
#9478 = FILL_AREA_STYLE_COLOUR('',#9479);
#9479 = COLOUR_RGB('',0.147999998088,0.144999993226,0.144999993226);
#9480 = STYLED_ITEM('color',(#9481),#1620);
#9481 = PRESENTATION_STYLE_ASSIGNMENT((#9482));
#9482 = SURFACE_STYLE_USAGE(.BOTH.,#9483);
#9483 = SURFACE_SIDE_STYLE('',(#9484));
#9484 = SURFACE_STYLE_FILL_AREA(#9485);
#9485 = FILL_AREA_STYLE('',(#9486));
#9486 = FILL_AREA_STYLE_COLOUR('',#9479);
#9487 = STYLED_ITEM('color',(#9488),#1651);
#9488 = PRESENTATION_STYLE_ASSIGNMENT((#9489));
#9489 = SURFACE_STYLE_USAGE(.BOTH.,#9490);
#9490 = SURFACE_SIDE_STYLE('',(#9491));
#9491 = SURFACE_STYLE_FILL_AREA(#9492);
#9492 = FILL_AREA_STYLE('',(#9493));
#9493 = FILL_AREA_STYLE_COLOUR('',#9479);
#9494 = STYLED_ITEM('color',(#9495),#1682);
#9495 = PRESENTATION_STYLE_ASSIGNMENT((#9496));
#9496 = SURFACE_STYLE_USAGE(.BOTH.,#9497);
#9497 = SURFACE_SIDE_STYLE('',(#9498));
#9498 = SURFACE_STYLE_FILL_AREA(#9499);
#9499 = FILL_AREA_STYLE('',(#9500));
#9500 = FILL_AREA_STYLE_COLOUR('',#9479);
#9501 = STYLED_ITEM('color',(#9502),#2339);
#9502 = PRESENTATION_STYLE_ASSIGNMENT((#9503));
#9503 = SURFACE_STYLE_USAGE(.BOTH.,#9504);
#9504 = SURFACE_SIDE_STYLE('',(#9505));
#9505 = SURFACE_STYLE_FILL_AREA(#9506);
#9506 = FILL_AREA_STYLE('',(#9507));
#9507 = FILL_AREA_STYLE_COLOUR('',#9479);
#9508 = STYLED_ITEM('color',(#9509),#2996);
#9509 = PRESENTATION_STYLE_ASSIGNMENT((#9510));
#9510 = SURFACE_STYLE_USAGE(.BOTH.,#9511);
#9511 = SURFACE_SIDE_STYLE('',(#9512));
#9512 = SURFACE_STYLE_FILL_AREA(#9513);
#9513 = FILL_AREA_STYLE('',(#9514));
#9514 = FILL_AREA_STYLE_COLOUR('',#9479);
#9515 = STYLED_ITEM('color',(#9516),#3013);
#9516 = PRESENTATION_STYLE_ASSIGNMENT((#9517));
#9517 = SURFACE_STYLE_USAGE(.BOTH.,#9518);
#9518 = SURFACE_SIDE_STYLE('',(#9519));
#9519 = SURFACE_STYLE_FILL_AREA(#9520);
#9520 = FILL_AREA_STYLE('',(#9521));
#9521 = FILL_AREA_STYLE_COLOUR('',#9479);
#9522 = STYLED_ITEM('color',(#9523),#3030);
#9523 = PRESENTATION_STYLE_ASSIGNMENT((#9524));
#9524 = SURFACE_STYLE_USAGE(.BOTH.,#9525);
#9525 = SURFACE_SIDE_STYLE('',(#9526));
#9526 = SURFACE_STYLE_FILL_AREA(#9527);
#9527 = FILL_AREA_STYLE('',(#9528));
#9528 = FILL_AREA_STYLE_COLOUR('',#9479);
#9529 = STYLED_ITEM('color',(#9530),#3047);
#9530 = PRESENTATION_STYLE_ASSIGNMENT((#9531));
#9531 = SURFACE_STYLE_USAGE(.BOTH.,#9532);
#9532 = SURFACE_SIDE_STYLE('',(#9533));
#9533 = SURFACE_STYLE_FILL_AREA(#9534);
#9534 = FILL_AREA_STYLE('',(#9535));
#9535 = FILL_AREA_STYLE_COLOUR('',#9479);
#9536 = STYLED_ITEM('color',(#9537),#3064);
#9537 = PRESENTATION_STYLE_ASSIGNMENT((#9538));
#9538 = SURFACE_STYLE_USAGE(.BOTH.,#9539);
#9539 = SURFACE_SIDE_STYLE('',(#9540));
#9540 = SURFACE_STYLE_FILL_AREA(#9541);
#9541 = FILL_AREA_STYLE('',(#9542));
#9542 = FILL_AREA_STYLE_COLOUR('',#9479);
#9543 = STYLED_ITEM('color',(#9544),#3081);
#9544 = PRESENTATION_STYLE_ASSIGNMENT((#9545));
#9545 = SURFACE_STYLE_USAGE(.BOTH.,#9546);
#9546 = SURFACE_SIDE_STYLE('',(#9547));
#9547 = SURFACE_STYLE_FILL_AREA(#9548);
#9548 = FILL_AREA_STYLE('',(#9549));
#9549 = FILL_AREA_STYLE_COLOUR('',#9479);
#9550 = STYLED_ITEM('color',(#9551),#3098);
#9551 = PRESENTATION_STYLE_ASSIGNMENT((#9552));
#9552 = SURFACE_STYLE_USAGE(.BOTH.,#9553);
#9553 = SURFACE_SIDE_STYLE('',(#9554));
#9554 = SURFACE_STYLE_FILL_AREA(#9555);
#9555 = FILL_AREA_STYLE('',(#9556));
#9556 = FILL_AREA_STYLE_COLOUR('',#9479);
#9557 = STYLED_ITEM('color',(#9558),#3115);
#9558 = PRESENTATION_STYLE_ASSIGNMENT((#9559));
#9559 = SURFACE_STYLE_USAGE(.BOTH.,#9560);
#9560 = SURFACE_SIDE_STYLE('',(#9561));
#9561 = SURFACE_STYLE_FILL_AREA(#9562);
#9562 = FILL_AREA_STYLE('',(#9563));
#9563 = FILL_AREA_STYLE_COLOUR('',#9479);
#9564 = STYLED_ITEM('color',(#9565),#3132);
#9565 = PRESENTATION_STYLE_ASSIGNMENT((#9566));
#9566 = SURFACE_STYLE_USAGE(.BOTH.,#9567);
#9567 = SURFACE_SIDE_STYLE('',(#9568));
#9568 = SURFACE_STYLE_FILL_AREA(#9569);
#9569 = FILL_AREA_STYLE('',(#9570));
#9570 = FILL_AREA_STYLE_COLOUR('',#9479);
#9571 = STYLED_ITEM('color',(#9572),#3149);
#9572 = PRESENTATION_STYLE_ASSIGNMENT((#9573));
#9573 = SURFACE_STYLE_USAGE(.BOTH.,#9574);
#9574 = SURFACE_SIDE_STYLE('',(#9575));
#9575 = SURFACE_STYLE_FILL_AREA(#9576);
#9576 = FILL_AREA_STYLE('',(#9577));
#9577 = FILL_AREA_STYLE_COLOUR('',#9479);
#9578 = STYLED_ITEM('color',(#9579),#3166);
#9579 = PRESENTATION_STYLE_ASSIGNMENT((#9580));
#9580 = SURFACE_STYLE_USAGE(.BOTH.,#9581);
#9581 = SURFACE_SIDE_STYLE('',(#9582));
#9582 = SURFACE_STYLE_FILL_AREA(#9583);
#9583 = FILL_AREA_STYLE('',(#9584));
#9584 = FILL_AREA_STYLE_COLOUR('',#9479);
#9585 = STYLED_ITEM('color',(#9586),#3183);
#9586 = PRESENTATION_STYLE_ASSIGNMENT((#9587));
#9587 = SURFACE_STYLE_USAGE(.BOTH.,#9588);
#9588 = SURFACE_SIDE_STYLE('',(#9589));
#9589 = SURFACE_STYLE_FILL_AREA(#9590);
#9590 = FILL_AREA_STYLE('',(#9591));
#9591 = FILL_AREA_STYLE_COLOUR('',#9479);
#9592 = STYLED_ITEM('color',(#9593),#3200);
#9593 = PRESENTATION_STYLE_ASSIGNMENT((#9594));
#9594 = SURFACE_STYLE_USAGE(.BOTH.,#9595);
#9595 = SURFACE_SIDE_STYLE('',(#9596));
#9596 = SURFACE_STYLE_FILL_AREA(#9597);
#9597 = FILL_AREA_STYLE('',(#9598));
#9598 = FILL_AREA_STYLE_COLOUR('',#9479);
#9599 = STYLED_ITEM('color',(#9600),#3217);
#9600 = PRESENTATION_STYLE_ASSIGNMENT((#9601));
#9601 = SURFACE_STYLE_USAGE(.BOTH.,#9602);
#9602 = SURFACE_SIDE_STYLE('',(#9603));
#9603 = SURFACE_STYLE_FILL_AREA(#9604);
#9604 = FILL_AREA_STYLE('',(#9605));
#9605 = FILL_AREA_STYLE_COLOUR('',#9479);
#9606 = STYLED_ITEM('color',(#9607),#3234);
#9607 = PRESENTATION_STYLE_ASSIGNMENT((#9608));
#9608 = SURFACE_STYLE_USAGE(.BOTH.,#9609);
#9609 = SURFACE_SIDE_STYLE('',(#9610));
#9610 = SURFACE_STYLE_FILL_AREA(#9611);
#9611 = FILL_AREA_STYLE('',(#9612));
#9612 = FILL_AREA_STYLE_COLOUR('',#9479);
#9613 = STYLED_ITEM('color',(#9614),#3251);
#9614 = PRESENTATION_STYLE_ASSIGNMENT((#9615));
#9615 = SURFACE_STYLE_USAGE(.BOTH.,#9616);
#9616 = SURFACE_SIDE_STYLE('',(#9617));
#9617 = SURFACE_STYLE_FILL_AREA(#9618);
#9618 = FILL_AREA_STYLE('',(#9619));
#9619 = FILL_AREA_STYLE_COLOUR('',#9479);
#9620 = STYLED_ITEM('color',(#9621),#3268);
#9621 = PRESENTATION_STYLE_ASSIGNMENT((#9622));
#9622 = SURFACE_STYLE_USAGE(.BOTH.,#9623);
#9623 = SURFACE_SIDE_STYLE('',(#9624));
#9624 = SURFACE_STYLE_FILL_AREA(#9625);
#9625 = FILL_AREA_STYLE('',(#9626));
#9626 = FILL_AREA_STYLE_COLOUR('',#9479);
#9627 = STYLED_ITEM('color',(#9628),#3285);
#9628 = PRESENTATION_STYLE_ASSIGNMENT((#9629));
#9629 = SURFACE_STYLE_USAGE(.BOTH.,#9630);
#9630 = SURFACE_SIDE_STYLE('',(#9631));
#9631 = SURFACE_STYLE_FILL_AREA(#9632);
#9632 = FILL_AREA_STYLE('',(#9633));
#9633 = FILL_AREA_STYLE_COLOUR('',#9479);
#9634 = STYLED_ITEM('color',(#9635),#3302);
#9635 = PRESENTATION_STYLE_ASSIGNMENT((#9636));
#9636 = SURFACE_STYLE_USAGE(.BOTH.,#9637);
#9637 = SURFACE_SIDE_STYLE('',(#9638));
#9638 = SURFACE_STYLE_FILL_AREA(#9639);
#9639 = FILL_AREA_STYLE('',(#9640));
#9640 = FILL_AREA_STYLE_COLOUR('',#9479);
#9641 = STYLED_ITEM('color',(#9642),#3319);
#9642 = PRESENTATION_STYLE_ASSIGNMENT((#9643));
#9643 = SURFACE_STYLE_USAGE(.BOTH.,#9644);
#9644 = SURFACE_SIDE_STYLE('',(#9645));
#9645 = SURFACE_STYLE_FILL_AREA(#9646);
#9646 = FILL_AREA_STYLE('',(#9647));
#9647 = FILL_AREA_STYLE_COLOUR('',#9479);
#9648 = STYLED_ITEM('color',(#9649),#3336);
#9649 = PRESENTATION_STYLE_ASSIGNMENT((#9650));
#9650 = SURFACE_STYLE_USAGE(.BOTH.,#9651);
#9651 = SURFACE_SIDE_STYLE('',(#9652));
#9652 = SURFACE_STYLE_FILL_AREA(#9653);
#9653 = FILL_AREA_STYLE('',(#9654));
#9654 = FILL_AREA_STYLE_COLOUR('',#9479);
#9655 = STYLED_ITEM('color',(#9656),#3353);
#9656 = PRESENTATION_STYLE_ASSIGNMENT((#9657));
#9657 = SURFACE_STYLE_USAGE(.BOTH.,#9658);
#9658 = SURFACE_SIDE_STYLE('',(#9659));
#9659 = SURFACE_STYLE_FILL_AREA(#9660);
#9660 = FILL_AREA_STYLE('',(#9661));
#9661 = FILL_AREA_STYLE_COLOUR('',#9479);
#9662 = STYLED_ITEM('color',(#9663),#3370);
#9663 = PRESENTATION_STYLE_ASSIGNMENT((#9664));
#9664 = SURFACE_STYLE_USAGE(.BOTH.,#9665);
#9665 = SURFACE_SIDE_STYLE('',(#9666));
#9666 = SURFACE_STYLE_FILL_AREA(#9667);
#9667 = FILL_AREA_STYLE('',(#9668));
#9668 = FILL_AREA_STYLE_COLOUR('',#9479);
#9669 = STYLED_ITEM('color',(#9670),#3387);
#9670 = PRESENTATION_STYLE_ASSIGNMENT((#9671));
#9671 = SURFACE_STYLE_USAGE(.BOTH.,#9672);
#9672 = SURFACE_SIDE_STYLE('',(#9673));
#9673 = SURFACE_STYLE_FILL_AREA(#9674);
#9674 = FILL_AREA_STYLE('',(#9675));
#9675 = FILL_AREA_STYLE_COLOUR('',#9479);
#9676 = STYLED_ITEM('color',(#9677),#3404);
#9677 = PRESENTATION_STYLE_ASSIGNMENT((#9678));
#9678 = SURFACE_STYLE_USAGE(.BOTH.,#9679);
#9679 = SURFACE_SIDE_STYLE('',(#9680));
#9680 = SURFACE_STYLE_FILL_AREA(#9681);
#9681 = FILL_AREA_STYLE('',(#9682));
#9682 = FILL_AREA_STYLE_COLOUR('',#9479);
#9683 = STYLED_ITEM('color',(#9684),#3421);
#9684 = PRESENTATION_STYLE_ASSIGNMENT((#9685));
#9685 = SURFACE_STYLE_USAGE(.BOTH.,#9686);
#9686 = SURFACE_SIDE_STYLE('',(#9687));
#9687 = SURFACE_STYLE_FILL_AREA(#9688);
#9688 = FILL_AREA_STYLE('',(#9689));
#9689 = FILL_AREA_STYLE_COLOUR('',#9479);
#9690 = STYLED_ITEM('color',(#9691),#3438);
#9691 = PRESENTATION_STYLE_ASSIGNMENT((#9692));
#9692 = SURFACE_STYLE_USAGE(.BOTH.,#9693);
#9693 = SURFACE_SIDE_STYLE('',(#9694));
#9694 = SURFACE_STYLE_FILL_AREA(#9695);
#9695 = FILL_AREA_STYLE('',(#9696));
#9696 = FILL_AREA_STYLE_COLOUR('',#9479);
#9697 = STYLED_ITEM('color',(#9698),#3455);
#9698 = PRESENTATION_STYLE_ASSIGNMENT((#9699));
#9699 = SURFACE_STYLE_USAGE(.BOTH.,#9700);
#9700 = SURFACE_SIDE_STYLE('',(#9701));
#9701 = SURFACE_STYLE_FILL_AREA(#9702);
#9702 = FILL_AREA_STYLE('',(#9703));
#9703 = FILL_AREA_STYLE_COLOUR('',#9479);
#9704 = STYLED_ITEM('color',(#9705),#3472);
#9705 = PRESENTATION_STYLE_ASSIGNMENT((#9706));
#9706 = SURFACE_STYLE_USAGE(.BOTH.,#9707);
#9707 = SURFACE_SIDE_STYLE('',(#9708));
#9708 = SURFACE_STYLE_FILL_AREA(#9709);
#9709 = FILL_AREA_STYLE('',(#9710));
#9710 = FILL_AREA_STYLE_COLOUR('',#9479);
#9711 = STYLED_ITEM('color',(#9712),#3489);
#9712 = PRESENTATION_STYLE_ASSIGNMENT((#9713));
#9713 = SURFACE_STYLE_USAGE(.BOTH.,#9714);
#9714 = SURFACE_SIDE_STYLE('',(#9715));
#9715 = SURFACE_STYLE_FILL_AREA(#9716);
#9716 = FILL_AREA_STYLE('',(#9717));
#9717 = FILL_AREA_STYLE_COLOUR('',#9479);
#9718 = STYLED_ITEM('color',(#9719),#3506);
#9719 = PRESENTATION_STYLE_ASSIGNMENT((#9720));
#9720 = SURFACE_STYLE_USAGE(.BOTH.,#9721);
#9721 = SURFACE_SIDE_STYLE('',(#9722));
#9722 = SURFACE_STYLE_FILL_AREA(#9723);
#9723 = FILL_AREA_STYLE('',(#9724));
#9724 = FILL_AREA_STYLE_COLOUR('',#9479);
#9725 = STYLED_ITEM('color',(#9726),#3523);
#9726 = PRESENTATION_STYLE_ASSIGNMENT((#9727));
#9727 = SURFACE_STYLE_USAGE(.BOTH.,#9728);
#9728 = SURFACE_SIDE_STYLE('',(#9729));
#9729 = SURFACE_STYLE_FILL_AREA(#9730);
#9730 = FILL_AREA_STYLE('',(#9731));
#9731 = FILL_AREA_STYLE_COLOUR('',#9479);
#9732 = STYLED_ITEM('color',(#9733),#3540);
#9733 = PRESENTATION_STYLE_ASSIGNMENT((#9734));
#9734 = SURFACE_STYLE_USAGE(.BOTH.,#9735);
#9735 = SURFACE_SIDE_STYLE('',(#9736));
#9736 = SURFACE_STYLE_FILL_AREA(#9737);
#9737 = FILL_AREA_STYLE('',(#9738));
#9738 = FILL_AREA_STYLE_COLOUR('',#9479);
#9739 = STYLED_ITEM('color',(#9740),#3557);
#9740 = PRESENTATION_STYLE_ASSIGNMENT((#9741));
#9741 = SURFACE_STYLE_USAGE(.BOTH.,#9742);
#9742 = SURFACE_SIDE_STYLE('',(#9743));
#9743 = SURFACE_STYLE_FILL_AREA(#9744);
#9744 = FILL_AREA_STYLE('',(#9745));
#9745 = FILL_AREA_STYLE_COLOUR('',#9479);
#9746 = STYLED_ITEM('color',(#9747),#3574);
#9747 = PRESENTATION_STYLE_ASSIGNMENT((#9748));
#9748 = SURFACE_STYLE_USAGE(.BOTH.,#9749);
#9749 = SURFACE_SIDE_STYLE('',(#9750));
#9750 = SURFACE_STYLE_FILL_AREA(#9751);
#9751 = FILL_AREA_STYLE('',(#9752));
#9752 = FILL_AREA_STYLE_COLOUR('',#9479);
#9753 = STYLED_ITEM('color',(#9754),#3591);
#9754 = PRESENTATION_STYLE_ASSIGNMENT((#9755));
#9755 = SURFACE_STYLE_USAGE(.BOTH.,#9756);
#9756 = SURFACE_SIDE_STYLE('',(#9757));
#9757 = SURFACE_STYLE_FILL_AREA(#9758);
#9758 = FILL_AREA_STYLE('',(#9759));
#9759 = FILL_AREA_STYLE_COLOUR('',#9479);
#9760 = STYLED_ITEM('color',(#9761),#3608);
#9761 = PRESENTATION_STYLE_ASSIGNMENT((#9762));
#9762 = SURFACE_STYLE_USAGE(.BOTH.,#9763);
#9763 = SURFACE_SIDE_STYLE('',(#9764));
#9764 = SURFACE_STYLE_FILL_AREA(#9765);
#9765 = FILL_AREA_STYLE('',(#9766));
#9766 = FILL_AREA_STYLE_COLOUR('',#9479);
#9767 = STYLED_ITEM('color',(#9768),#3625);
#9768 = PRESENTATION_STYLE_ASSIGNMENT((#9769));
#9769 = SURFACE_STYLE_USAGE(.BOTH.,#9770);
#9770 = SURFACE_SIDE_STYLE('',(#9771));
#9771 = SURFACE_STYLE_FILL_AREA(#9772);
#9772 = FILL_AREA_STYLE('',(#9773));
#9773 = FILL_AREA_STYLE_COLOUR('',#9479);
#9774 = STYLED_ITEM('color',(#9775),#3642);
#9775 = PRESENTATION_STYLE_ASSIGNMENT((#9776));
#9776 = SURFACE_STYLE_USAGE(.BOTH.,#9777);
#9777 = SURFACE_SIDE_STYLE('',(#9778));
#9778 = SURFACE_STYLE_FILL_AREA(#9779);
#9779 = FILL_AREA_STYLE('',(#9780));
#9780 = FILL_AREA_STYLE_COLOUR('',#9479);
#9781 = STYLED_ITEM('color',(#9782),#3659);
#9782 = PRESENTATION_STYLE_ASSIGNMENT((#9783));
#9783 = SURFACE_STYLE_USAGE(.BOTH.,#9784);
#9784 = SURFACE_SIDE_STYLE('',(#9785));
#9785 = SURFACE_STYLE_FILL_AREA(#9786);
#9786 = FILL_AREA_STYLE('',(#9787));
#9787 = FILL_AREA_STYLE_COLOUR('',#9479);
#9788 = STYLED_ITEM('color',(#9789),#3676);
#9789 = PRESENTATION_STYLE_ASSIGNMENT((#9790));
#9790 = SURFACE_STYLE_USAGE(.BOTH.,#9791);
#9791 = SURFACE_SIDE_STYLE('',(#9792));
#9792 = SURFACE_STYLE_FILL_AREA(#9793);
#9793 = FILL_AREA_STYLE('',(#9794));
#9794 = FILL_AREA_STYLE_COLOUR('',#9479);
#9795 = STYLED_ITEM('color',(#9796),#3693);
#9796 = PRESENTATION_STYLE_ASSIGNMENT((#9797));
#9797 = SURFACE_STYLE_USAGE(.BOTH.,#9798);
#9798 = SURFACE_SIDE_STYLE('',(#9799));
#9799 = SURFACE_STYLE_FILL_AREA(#9800);
#9800 = FILL_AREA_STYLE('',(#9801));
#9801 = FILL_AREA_STYLE_COLOUR('',#9479);
#9802 = STYLED_ITEM('color',(#9803),#3710);
#9803 = PRESENTATION_STYLE_ASSIGNMENT((#9804));
#9804 = SURFACE_STYLE_USAGE(.BOTH.,#9805);
#9805 = SURFACE_SIDE_STYLE('',(#9806));
#9806 = SURFACE_STYLE_FILL_AREA(#9807);
#9807 = FILL_AREA_STYLE('',(#9808));
#9808 = FILL_AREA_STYLE_COLOUR('',#9479);
#9809 = STYLED_ITEM('color',(#9810),#3727);
#9810 = PRESENTATION_STYLE_ASSIGNMENT((#9811));
#9811 = SURFACE_STYLE_USAGE(.BOTH.,#9812);
#9812 = SURFACE_SIDE_STYLE('',(#9813));
#9813 = SURFACE_STYLE_FILL_AREA(#9814);
#9814 = FILL_AREA_STYLE('',(#9815));
#9815 = FILL_AREA_STYLE_COLOUR('',#9479);
#9816 = STYLED_ITEM('color',(#9817),#3744);
#9817 = PRESENTATION_STYLE_ASSIGNMENT((#9818));
#9818 = SURFACE_STYLE_USAGE(.BOTH.,#9819);
#9819 = SURFACE_SIDE_STYLE('',(#9820));
#9820 = SURFACE_STYLE_FILL_AREA(#9821);
#9821 = FILL_AREA_STYLE('',(#9822));
#9822 = FILL_AREA_STYLE_COLOUR('',#9479);
#9823 = STYLED_ITEM('color',(#9824),#3761);
#9824 = PRESENTATION_STYLE_ASSIGNMENT((#9825));
#9825 = SURFACE_STYLE_USAGE(.BOTH.,#9826);
#9826 = SURFACE_SIDE_STYLE('',(#9827));
#9827 = SURFACE_STYLE_FILL_AREA(#9828);
#9828 = FILL_AREA_STYLE('',(#9829));
#9829 = FILL_AREA_STYLE_COLOUR('',#9479);
#9830 = STYLED_ITEM('color',(#9831),#3778);
#9831 = PRESENTATION_STYLE_ASSIGNMENT((#9832));
#9832 = SURFACE_STYLE_USAGE(.BOTH.,#9833);
#9833 = SURFACE_SIDE_STYLE('',(#9834));
#9834 = SURFACE_STYLE_FILL_AREA(#9835);
#9835 = FILL_AREA_STYLE('',(#9836));
#9836 = FILL_AREA_STYLE_COLOUR('',#9479);
#9837 = STYLED_ITEM('color',(#9838),#3790);
#9838 = PRESENTATION_STYLE_ASSIGNMENT((#9839));
#9839 = SURFACE_STYLE_USAGE(.BOTH.,#9840);
#9840 = SURFACE_SIDE_STYLE('',(#9841));
#9841 = SURFACE_STYLE_FILL_AREA(#9842);
#9842 = FILL_AREA_STYLE('',(#9843));
#9843 = FILL_AREA_STYLE_COLOUR('',#9844);
#9844 = COLOUR_RGB('',0.859000020776,0.737999965183,0.495999988746);
#9845 = STYLED_ITEM('color',(#9846),#3821);
#9846 = PRESENTATION_STYLE_ASSIGNMENT((#9847));
#9847 = SURFACE_STYLE_USAGE(.BOTH.,#9848);
#9848 = SURFACE_SIDE_STYLE('',(#9849));
#9849 = SURFACE_STYLE_FILL_AREA(#9850);
#9850 = FILL_AREA_STYLE('',(#9851));
#9851 = FILL_AREA_STYLE_COLOUR('',#9844);
#9852 = STYLED_ITEM('color',(#9853),#3845);
#9853 = PRESENTATION_STYLE_ASSIGNMENT((#9854));
#9854 = SURFACE_STYLE_USAGE(.BOTH.,#9855);
#9855 = SURFACE_SIDE_STYLE('',(#9856));
#9856 = SURFACE_STYLE_FILL_AREA(#9857);
#9857 = FILL_AREA_STYLE('',(#9858));
#9858 = FILL_AREA_STYLE_COLOUR('',#9844);
#9859 = STYLED_ITEM('color',(#9860),#3869);
#9860 = PRESENTATION_STYLE_ASSIGNMENT((#9861));
#9861 = SURFACE_STYLE_USAGE(.BOTH.,#9862);
#9862 = SURFACE_SIDE_STYLE('',(#9863));
#9863 = SURFACE_STYLE_FILL_AREA(#9864);
#9864 = FILL_AREA_STYLE('',(#9865));
#9865 = FILL_AREA_STYLE_COLOUR('',#9844);
#9866 = STYLED_ITEM('color',(#9867),#3886);
#9867 = PRESENTATION_STYLE_ASSIGNMENT((#9868));
#9868 = SURFACE_STYLE_USAGE(.BOTH.,#9869);
#9869 = SURFACE_SIDE_STYLE('',(#9870));
#9870 = SURFACE_STYLE_FILL_AREA(#9871);
#9871 = FILL_AREA_STYLE('',(#9872));
#9872 = FILL_AREA_STYLE_COLOUR('',#9844);
#9873 = STYLED_ITEM('color',(#9874),#3917);
#9874 = PRESENTATION_STYLE_ASSIGNMENT((#9875));
#9875 = SURFACE_STYLE_USAGE(.BOTH.,#9876);
#9876 = SURFACE_SIDE_STYLE('',(#9877));
#9877 = SURFACE_STYLE_FILL_AREA(#9878);
#9878 = FILL_AREA_STYLE('',(#9879));
#9879 = FILL_AREA_STYLE_COLOUR('',#9844);
#9880 = STYLED_ITEM('color',(#9881),#3941);
#9881 = PRESENTATION_STYLE_ASSIGNMENT((#9882));
#9882 = SURFACE_STYLE_USAGE(.BOTH.,#9883);
#9883 = SURFACE_SIDE_STYLE('',(#9884));
#9884 = SURFACE_STYLE_FILL_AREA(#9885);
#9885 = FILL_AREA_STYLE('',(#9886));
#9886 = FILL_AREA_STYLE_COLOUR('',#9844);
#9887 = STYLED_ITEM('color',(#9888),#3965);
#9888 = PRESENTATION_STYLE_ASSIGNMENT((#9889));
#9889 = SURFACE_STYLE_USAGE(.BOTH.,#9890);
#9890 = SURFACE_SIDE_STYLE('',(#9891));
#9891 = SURFACE_STYLE_FILL_AREA(#9892);
#9892 = FILL_AREA_STYLE('',(#9893));
#9893 = FILL_AREA_STYLE_COLOUR('',#9844);
#9894 = STYLED_ITEM('color',(#9895),#3982);
#9895 = PRESENTATION_STYLE_ASSIGNMENT((#9896));
#9896 = SURFACE_STYLE_USAGE(.BOTH.,#9897);
#9897 = SURFACE_SIDE_STYLE('',(#9898));
#9898 = SURFACE_STYLE_FILL_AREA(#9899);
#9899 = FILL_AREA_STYLE('',(#9900));
#9900 = FILL_AREA_STYLE_COLOUR('',#9844);
#9901 = STYLED_ITEM('color',(#9902),#4013);
#9902 = PRESENTATION_STYLE_ASSIGNMENT((#9903));
#9903 = SURFACE_STYLE_USAGE(.BOTH.,#9904);
#9904 = SURFACE_SIDE_STYLE('',(#9905));
#9905 = SURFACE_STYLE_FILL_AREA(#9906);
#9906 = FILL_AREA_STYLE('',(#9907));
#9907 = FILL_AREA_STYLE_COLOUR('',#9844);
#9908 = STYLED_ITEM('color',(#9909),#4037);
#9909 = PRESENTATION_STYLE_ASSIGNMENT((#9910));
#9910 = SURFACE_STYLE_USAGE(.BOTH.,#9911);
#9911 = SURFACE_SIDE_STYLE('',(#9912));
#9912 = SURFACE_STYLE_FILL_AREA(#9913);
#9913 = FILL_AREA_STYLE('',(#9914));
#9914 = FILL_AREA_STYLE_COLOUR('',#9844);
#9915 = STYLED_ITEM('color',(#9916),#4061);
#9916 = PRESENTATION_STYLE_ASSIGNMENT((#9917));
#9917 = SURFACE_STYLE_USAGE(.BOTH.,#9918);
#9918 = SURFACE_SIDE_STYLE('',(#9919));
#9919 = SURFACE_STYLE_FILL_AREA(#9920);
#9920 = FILL_AREA_STYLE('',(#9921));
#9921 = FILL_AREA_STYLE_COLOUR('',#9844);
#9922 = STYLED_ITEM('color',(#9923),#4078);
#9923 = PRESENTATION_STYLE_ASSIGNMENT((#9924));
#9924 = SURFACE_STYLE_USAGE(.BOTH.,#9925);
#9925 = SURFACE_SIDE_STYLE('',(#9926));
#9926 = SURFACE_STYLE_FILL_AREA(#9927);
#9927 = FILL_AREA_STYLE('',(#9928));
#9928 = FILL_AREA_STYLE_COLOUR('',#9844);
#9929 = STYLED_ITEM('color',(#9930),#4109);
#9930 = PRESENTATION_STYLE_ASSIGNMENT((#9931));
#9931 = SURFACE_STYLE_USAGE(.BOTH.,#9932);
#9932 = SURFACE_SIDE_STYLE('',(#9933));
#9933 = SURFACE_STYLE_FILL_AREA(#9934);
#9934 = FILL_AREA_STYLE('',(#9935));
#9935 = FILL_AREA_STYLE_COLOUR('',#9844);
#9936 = STYLED_ITEM('color',(#9937),#4133);
#9937 = PRESENTATION_STYLE_ASSIGNMENT((#9938));
#9938 = SURFACE_STYLE_USAGE(.BOTH.,#9939);
#9939 = SURFACE_SIDE_STYLE('',(#9940));
#9940 = SURFACE_STYLE_FILL_AREA(#9941);
#9941 = FILL_AREA_STYLE('',(#9942));
#9942 = FILL_AREA_STYLE_COLOUR('',#9844);
#9943 = STYLED_ITEM('color',(#9944),#4157);
#9944 = PRESENTATION_STYLE_ASSIGNMENT((#9945));
#9945 = SURFACE_STYLE_USAGE(.BOTH.,#9946);
#9946 = SURFACE_SIDE_STYLE('',(#9947));
#9947 = SURFACE_STYLE_FILL_AREA(#9948);
#9948 = FILL_AREA_STYLE('',(#9949));
#9949 = FILL_AREA_STYLE_COLOUR('',#9844);
#9950 = STYLED_ITEM('color',(#9951),#4174);
#9951 = PRESENTATION_STYLE_ASSIGNMENT((#9952));
#9952 = SURFACE_STYLE_USAGE(.BOTH.,#9953);
#9953 = SURFACE_SIDE_STYLE('',(#9954));
#9954 = SURFACE_STYLE_FILL_AREA(#9955);
#9955 = FILL_AREA_STYLE('',(#9956));
#9956 = FILL_AREA_STYLE_COLOUR('',#9844);
#9957 = STYLED_ITEM('color',(#9958),#4205);
#9958 = PRESENTATION_STYLE_ASSIGNMENT((#9959));
#9959 = SURFACE_STYLE_USAGE(.BOTH.,#9960);
#9960 = SURFACE_SIDE_STYLE('',(#9961));
#9961 = SURFACE_STYLE_FILL_AREA(#9962);
#9962 = FILL_AREA_STYLE('',(#9963));
#9963 = FILL_AREA_STYLE_COLOUR('',#9844);
#9964 = STYLED_ITEM('color',(#9965),#4229);
#9965 = PRESENTATION_STYLE_ASSIGNMENT((#9966));
#9966 = SURFACE_STYLE_USAGE(.BOTH.,#9967);
#9967 = SURFACE_SIDE_STYLE('',(#9968));
#9968 = SURFACE_STYLE_FILL_AREA(#9969);
#9969 = FILL_AREA_STYLE('',(#9970));
#9970 = FILL_AREA_STYLE_COLOUR('',#9844);
#9971 = STYLED_ITEM('color',(#9972),#4253);
#9972 = PRESENTATION_STYLE_ASSIGNMENT((#9973));
#9973 = SURFACE_STYLE_USAGE(.BOTH.,#9974);
#9974 = SURFACE_SIDE_STYLE('',(#9975));
#9975 = SURFACE_STYLE_FILL_AREA(#9976);
#9976 = FILL_AREA_STYLE('',(#9977));
#9977 = FILL_AREA_STYLE_COLOUR('',#9844);
#9978 = STYLED_ITEM('color',(#9979),#4270);
#9979 = PRESENTATION_STYLE_ASSIGNMENT((#9980));
#9980 = SURFACE_STYLE_USAGE(.BOTH.,#9981);
#9981 = SURFACE_SIDE_STYLE('',(#9982));
#9982 = SURFACE_STYLE_FILL_AREA(#9983);
#9983 = FILL_AREA_STYLE('',(#9984));
#9984 = FILL_AREA_STYLE_COLOUR('',#9844);
#9985 = STYLED_ITEM('color',(#9986),#4301);
#9986 = PRESENTATION_STYLE_ASSIGNMENT((#9987));
#9987 = SURFACE_STYLE_USAGE(.BOTH.,#9988);
#9988 = SURFACE_SIDE_STYLE('',(#9989));
#9989 = SURFACE_STYLE_FILL_AREA(#9990);
#9990 = FILL_AREA_STYLE('',(#9991));
#9991 = FILL_AREA_STYLE_COLOUR('',#9844);
#9992 = STYLED_ITEM('color',(#9993),#4325);
#9993 = PRESENTATION_STYLE_ASSIGNMENT((#9994));
#9994 = SURFACE_STYLE_USAGE(.BOTH.,#9995);
#9995 = SURFACE_SIDE_STYLE('',(#9996));
#9996 = SURFACE_STYLE_FILL_AREA(#9997);
#9997 = FILL_AREA_STYLE('',(#9998));
#9998 = FILL_AREA_STYLE_COLOUR('',#9844);
#9999 = STYLED_ITEM('color',(#10000),#4349);
#10000 = PRESENTATION_STYLE_ASSIGNMENT((#10001));
#10001 = SURFACE_STYLE_USAGE(.BOTH.,#10002);
#10002 = SURFACE_SIDE_STYLE('',(#10003));
#10003 = SURFACE_STYLE_FILL_AREA(#10004);
#10004 = FILL_AREA_STYLE('',(#10005));
#10005 = FILL_AREA_STYLE_COLOUR('',#9844);
#10006 = STYLED_ITEM('color',(#10007),#4366);
#10007 = PRESENTATION_STYLE_ASSIGNMENT((#10008));
#10008 = SURFACE_STYLE_USAGE(.BOTH.,#10009);
#10009 = SURFACE_SIDE_STYLE('',(#10010));
#10010 = SURFACE_STYLE_FILL_AREA(#10011);
#10011 = FILL_AREA_STYLE('',(#10012));
#10012 = FILL_AREA_STYLE_COLOUR('',#9844);
#10013 = STYLED_ITEM('color',(#10014),#4397);
#10014 = PRESENTATION_STYLE_ASSIGNMENT((#10015));
#10015 = SURFACE_STYLE_USAGE(.BOTH.,#10016);
#10016 = SURFACE_SIDE_STYLE('',(#10017));
#10017 = SURFACE_STYLE_FILL_AREA(#10018);
#10018 = FILL_AREA_STYLE('',(#10019));
#10019 = FILL_AREA_STYLE_COLOUR('',#9844);
#10020 = STYLED_ITEM('color',(#10021),#4421);
#10021 = PRESENTATION_STYLE_ASSIGNMENT((#10022));
#10022 = SURFACE_STYLE_USAGE(.BOTH.,#10023);
#10023 = SURFACE_SIDE_STYLE('',(#10024));
#10024 = SURFACE_STYLE_FILL_AREA(#10025);
#10025 = FILL_AREA_STYLE('',(#10026));
#10026 = FILL_AREA_STYLE_COLOUR('',#9844);
#10027 = STYLED_ITEM('color',(#10028),#4445);
#10028 = PRESENTATION_STYLE_ASSIGNMENT((#10029));
#10029 = SURFACE_STYLE_USAGE(.BOTH.,#10030);
#10030 = SURFACE_SIDE_STYLE('',(#10031));
#10031 = SURFACE_STYLE_FILL_AREA(#10032);
#10032 = FILL_AREA_STYLE('',(#10033));
#10033 = FILL_AREA_STYLE_COLOUR('',#9844);
#10034 = STYLED_ITEM('color',(#10035),#4462);
#10035 = PRESENTATION_STYLE_ASSIGNMENT((#10036));
#10036 = SURFACE_STYLE_USAGE(.BOTH.,#10037);
#10037 = SURFACE_SIDE_STYLE('',(#10038));
#10038 = SURFACE_STYLE_FILL_AREA(#10039);
#10039 = FILL_AREA_STYLE('',(#10040));
#10040 = FILL_AREA_STYLE_COLOUR('',#9844);
#10041 = STYLED_ITEM('color',(#10042),#4493);
#10042 = PRESENTATION_STYLE_ASSIGNMENT((#10043));
#10043 = SURFACE_STYLE_USAGE(.BOTH.,#10044);
#10044 = SURFACE_SIDE_STYLE('',(#10045));
#10045 = SURFACE_STYLE_FILL_AREA(#10046);
#10046 = FILL_AREA_STYLE('',(#10047));
#10047 = FILL_AREA_STYLE_COLOUR('',#9844);
#10048 = STYLED_ITEM('color',(#10049),#4517);
#10049 = PRESENTATION_STYLE_ASSIGNMENT((#10050));
#10050 = SURFACE_STYLE_USAGE(.BOTH.,#10051);
#10051 = SURFACE_SIDE_STYLE('',(#10052));
#10052 = SURFACE_STYLE_FILL_AREA(#10053);
#10053 = FILL_AREA_STYLE('',(#10054));
#10054 = FILL_AREA_STYLE_COLOUR('',#9844);
#10055 = STYLED_ITEM('color',(#10056),#4541);
#10056 = PRESENTATION_STYLE_ASSIGNMENT((#10057));
#10057 = SURFACE_STYLE_USAGE(.BOTH.,#10058);
#10058 = SURFACE_SIDE_STYLE('',(#10059));
#10059 = SURFACE_STYLE_FILL_AREA(#10060);
#10060 = FILL_AREA_STYLE('',(#10061));
#10061 = FILL_AREA_STYLE_COLOUR('',#9844);
#10062 = STYLED_ITEM('color',(#10063),#4558);
#10063 = PRESENTATION_STYLE_ASSIGNMENT((#10064));
#10064 = SURFACE_STYLE_USAGE(.BOTH.,#10065);
#10065 = SURFACE_SIDE_STYLE('',(#10066));
#10066 = SURFACE_STYLE_FILL_AREA(#10067);
#10067 = FILL_AREA_STYLE('',(#10068));
#10068 = FILL_AREA_STYLE_COLOUR('',#9844);
#10069 = STYLED_ITEM('color',(#10070),#4589);
#10070 = PRESENTATION_STYLE_ASSIGNMENT((#10071));
#10071 = SURFACE_STYLE_USAGE(.BOTH.,#10072);
#10072 = SURFACE_SIDE_STYLE('',(#10073));
#10073 = SURFACE_STYLE_FILL_AREA(#10074);
#10074 = FILL_AREA_STYLE('',(#10075));
#10075 = FILL_AREA_STYLE_COLOUR('',#9844);
#10076 = STYLED_ITEM('color',(#10077),#4613);
#10077 = PRESENTATION_STYLE_ASSIGNMENT((#10078));
#10078 = SURFACE_STYLE_USAGE(.BOTH.,#10079);
#10079 = SURFACE_SIDE_STYLE('',(#10080));
#10080 = SURFACE_STYLE_FILL_AREA(#10081);
#10081 = FILL_AREA_STYLE('',(#10082));
#10082 = FILL_AREA_STYLE_COLOUR('',#9844);
#10083 = STYLED_ITEM('color',(#10084),#4637);
#10084 = PRESENTATION_STYLE_ASSIGNMENT((#10085));
#10085 = SURFACE_STYLE_USAGE(.BOTH.,#10086);
#10086 = SURFACE_SIDE_STYLE('',(#10087));
#10087 = SURFACE_STYLE_FILL_AREA(#10088);
#10088 = FILL_AREA_STYLE('',(#10089));
#10089 = FILL_AREA_STYLE_COLOUR('',#9844);
#10090 = STYLED_ITEM('color',(#10091),#4654);
#10091 = PRESENTATION_STYLE_ASSIGNMENT((#10092));
#10092 = SURFACE_STYLE_USAGE(.BOTH.,#10093);
#10093 = SURFACE_SIDE_STYLE('',(#10094));
#10094 = SURFACE_STYLE_FILL_AREA(#10095);
#10095 = FILL_AREA_STYLE('',(#10096));
#10096 = FILL_AREA_STYLE_COLOUR('',#9844);
#10097 = STYLED_ITEM('color',(#10098),#4685);
#10098 = PRESENTATION_STYLE_ASSIGNMENT((#10099));
#10099 = SURFACE_STYLE_USAGE(.BOTH.,#10100);
#10100 = SURFACE_SIDE_STYLE('',(#10101));
#10101 = SURFACE_STYLE_FILL_AREA(#10102);
#10102 = FILL_AREA_STYLE('',(#10103));
#10103 = FILL_AREA_STYLE_COLOUR('',#9844);
#10104 = STYLED_ITEM('color',(#10105),#4709);
#10105 = PRESENTATION_STYLE_ASSIGNMENT((#10106));
#10106 = SURFACE_STYLE_USAGE(.BOTH.,#10107);
#10107 = SURFACE_SIDE_STYLE('',(#10108));
#10108 = SURFACE_STYLE_FILL_AREA(#10109);
#10109 = FILL_AREA_STYLE('',(#10110));
#10110 = FILL_AREA_STYLE_COLOUR('',#9844);
#10111 = STYLED_ITEM('color',(#10112),#4733);
#10112 = PRESENTATION_STYLE_ASSIGNMENT((#10113));
#10113 = SURFACE_STYLE_USAGE(.BOTH.,#10114);
#10114 = SURFACE_SIDE_STYLE('',(#10115));
#10115 = SURFACE_STYLE_FILL_AREA(#10116);
#10116 = FILL_AREA_STYLE('',(#10117));
#10117 = FILL_AREA_STYLE_COLOUR('',#9844);
#10118 = STYLED_ITEM('color',(#10119),#4750);
#10119 = PRESENTATION_STYLE_ASSIGNMENT((#10120));
#10120 = SURFACE_STYLE_USAGE(.BOTH.,#10121);
#10121 = SURFACE_SIDE_STYLE('',(#10122));
#10122 = SURFACE_STYLE_FILL_AREA(#10123);
#10123 = FILL_AREA_STYLE('',(#10124));
#10124 = FILL_AREA_STYLE_COLOUR('',#9844);
#10125 = STYLED_ITEM('color',(#10126),#4781);
#10126 = PRESENTATION_STYLE_ASSIGNMENT((#10127));
#10127 = SURFACE_STYLE_USAGE(.BOTH.,#10128);
#10128 = SURFACE_SIDE_STYLE('',(#10129));
#10129 = SURFACE_STYLE_FILL_AREA(#10130);
#10130 = FILL_AREA_STYLE('',(#10131));
#10131 = FILL_AREA_STYLE_COLOUR('',#9844);
#10132 = STYLED_ITEM('color',(#10133),#4805);
#10133 = PRESENTATION_STYLE_ASSIGNMENT((#10134));
#10134 = SURFACE_STYLE_USAGE(.BOTH.,#10135);
#10135 = SURFACE_SIDE_STYLE('',(#10136));
#10136 = SURFACE_STYLE_FILL_AREA(#10137);
#10137 = FILL_AREA_STYLE('',(#10138));
#10138 = FILL_AREA_STYLE_COLOUR('',#9844);
#10139 = STYLED_ITEM('color',(#10140),#4829);
#10140 = PRESENTATION_STYLE_ASSIGNMENT((#10141));
#10141 = SURFACE_STYLE_USAGE(.BOTH.,#10142);
#10142 = SURFACE_SIDE_STYLE('',(#10143));
#10143 = SURFACE_STYLE_FILL_AREA(#10144);
#10144 = FILL_AREA_STYLE('',(#10145));
#10145 = FILL_AREA_STYLE_COLOUR('',#9844);
#10146 = STYLED_ITEM('color',(#10147),#4846);
#10147 = PRESENTATION_STYLE_ASSIGNMENT((#10148));
#10148 = SURFACE_STYLE_USAGE(.BOTH.,#10149);
#10149 = SURFACE_SIDE_STYLE('',(#10150));
#10150 = SURFACE_STYLE_FILL_AREA(#10151);
#10151 = FILL_AREA_STYLE('',(#10152));
#10152 = FILL_AREA_STYLE_COLOUR('',#9844);
#10153 = STYLED_ITEM('color',(#10154),#4877);
#10154 = PRESENTATION_STYLE_ASSIGNMENT((#10155));
#10155 = SURFACE_STYLE_USAGE(.BOTH.,#10156);
#10156 = SURFACE_SIDE_STYLE('',(#10157));
#10157 = SURFACE_STYLE_FILL_AREA(#10158);
#10158 = FILL_AREA_STYLE('',(#10159));
#10159 = FILL_AREA_STYLE_COLOUR('',#9844);
#10160 = STYLED_ITEM('color',(#10161),#4901);
#10161 = PRESENTATION_STYLE_ASSIGNMENT((#10162));
#10162 = SURFACE_STYLE_USAGE(.BOTH.,#10163);
#10163 = SURFACE_SIDE_STYLE('',(#10164));
#10164 = SURFACE_STYLE_FILL_AREA(#10165);
#10165 = FILL_AREA_STYLE('',(#10166));
#10166 = FILL_AREA_STYLE_COLOUR('',#9844);
#10167 = STYLED_ITEM('color',(#10168),#4925);
#10168 = PRESENTATION_STYLE_ASSIGNMENT((#10169));
#10169 = SURFACE_STYLE_USAGE(.BOTH.,#10170);
#10170 = SURFACE_SIDE_STYLE('',(#10171));
#10171 = SURFACE_STYLE_FILL_AREA(#10172);
#10172 = FILL_AREA_STYLE('',(#10173));
#10173 = FILL_AREA_STYLE_COLOUR('',#9844);
#10174 = STYLED_ITEM('color',(#10175),#4942);
#10175 = PRESENTATION_STYLE_ASSIGNMENT((#10176));
#10176 = SURFACE_STYLE_USAGE(.BOTH.,#10177);
#10177 = SURFACE_SIDE_STYLE('',(#10178));
#10178 = SURFACE_STYLE_FILL_AREA(#10179);
#10179 = FILL_AREA_STYLE('',(#10180));
#10180 = FILL_AREA_STYLE_COLOUR('',#9844);
#10181 = STYLED_ITEM('color',(#10182),#4973);
#10182 = PRESENTATION_STYLE_ASSIGNMENT((#10183));
#10183 = SURFACE_STYLE_USAGE(.BOTH.,#10184);
#10184 = SURFACE_SIDE_STYLE('',(#10185));
#10185 = SURFACE_STYLE_FILL_AREA(#10186);
#10186 = FILL_AREA_STYLE('',(#10187));
#10187 = FILL_AREA_STYLE_COLOUR('',#9844);
#10188 = STYLED_ITEM('color',(#10189),#4997);
#10189 = PRESENTATION_STYLE_ASSIGNMENT((#10190));
#10190 = SURFACE_STYLE_USAGE(.BOTH.,#10191);
#10191 = SURFACE_SIDE_STYLE('',(#10192));
#10192 = SURFACE_STYLE_FILL_AREA(#10193);
#10193 = FILL_AREA_STYLE('',(#10194));
#10194 = FILL_AREA_STYLE_COLOUR('',#9844);
#10195 = STYLED_ITEM('color',(#10196),#5021);
#10196 = PRESENTATION_STYLE_ASSIGNMENT((#10197));
#10197 = SURFACE_STYLE_USAGE(.BOTH.,#10198);
#10198 = SURFACE_SIDE_STYLE('',(#10199));
#10199 = SURFACE_STYLE_FILL_AREA(#10200);
#10200 = FILL_AREA_STYLE('',(#10201));
#10201 = FILL_AREA_STYLE_COLOUR('',#9844);
#10202 = STYLED_ITEM('color',(#10203),#5038);
#10203 = PRESENTATION_STYLE_ASSIGNMENT((#10204));
#10204 = SURFACE_STYLE_USAGE(.BOTH.,#10205);
#10205 = SURFACE_SIDE_STYLE('',(#10206));
#10206 = SURFACE_STYLE_FILL_AREA(#10207);
#10207 = FILL_AREA_STYLE('',(#10208));
#10208 = FILL_AREA_STYLE_COLOUR('',#9844);
#10209 = STYLED_ITEM('color',(#10210),#5069);
#10210 = PRESENTATION_STYLE_ASSIGNMENT((#10211));
#10211 = SURFACE_STYLE_USAGE(.BOTH.,#10212);
#10212 = SURFACE_SIDE_STYLE('',(#10213));
#10213 = SURFACE_STYLE_FILL_AREA(#10214);
#10214 = FILL_AREA_STYLE('',(#10215));
#10215 = FILL_AREA_STYLE_COLOUR('',#9844);
#10216 = STYLED_ITEM('color',(#10217),#5093);
#10217 = PRESENTATION_STYLE_ASSIGNMENT((#10218));
#10218 = SURFACE_STYLE_USAGE(.BOTH.,#10219);
#10219 = SURFACE_SIDE_STYLE('',(#10220));
#10220 = SURFACE_STYLE_FILL_AREA(#10221);
#10221 = FILL_AREA_STYLE('',(#10222));
#10222 = FILL_AREA_STYLE_COLOUR('',#9844);
#10223 = STYLED_ITEM('color',(#10224),#5117);
#10224 = PRESENTATION_STYLE_ASSIGNMENT((#10225));
#10225 = SURFACE_STYLE_USAGE(.BOTH.,#10226);
#10226 = SURFACE_SIDE_STYLE('',(#10227));
#10227 = SURFACE_STYLE_FILL_AREA(#10228);
#10228 = FILL_AREA_STYLE('',(#10229));
#10229 = FILL_AREA_STYLE_COLOUR('',#9844);
#10230 = STYLED_ITEM('color',(#10231),#5134);
#10231 = PRESENTATION_STYLE_ASSIGNMENT((#10232));
#10232 = SURFACE_STYLE_USAGE(.BOTH.,#10233);
#10233 = SURFACE_SIDE_STYLE('',(#10234));
#10234 = SURFACE_STYLE_FILL_AREA(#10235);
#10235 = FILL_AREA_STYLE('',(#10236));
#10236 = FILL_AREA_STYLE_COLOUR('',#9844);
#10237 = STYLED_ITEM('color',(#10238),#5165);
#10238 = PRESENTATION_STYLE_ASSIGNMENT((#10239));
#10239 = SURFACE_STYLE_USAGE(.BOTH.,#10240);
#10240 = SURFACE_SIDE_STYLE('',(#10241));
#10241 = SURFACE_STYLE_FILL_AREA(#10242);
#10242 = FILL_AREA_STYLE('',(#10243));
#10243 = FILL_AREA_STYLE_COLOUR('',#9844);
#10244 = STYLED_ITEM('color',(#10245),#5189);
#10245 = PRESENTATION_STYLE_ASSIGNMENT((#10246));
#10246 = SURFACE_STYLE_USAGE(.BOTH.,#10247);
#10247 = SURFACE_SIDE_STYLE('',(#10248));
#10248 = SURFACE_STYLE_FILL_AREA(#10249);
#10249 = FILL_AREA_STYLE('',(#10250));
#10250 = FILL_AREA_STYLE_COLOUR('',#9844);
#10251 = STYLED_ITEM('color',(#10252),#5213);
#10252 = PRESENTATION_STYLE_ASSIGNMENT((#10253));
#10253 = SURFACE_STYLE_USAGE(.BOTH.,#10254);
#10254 = SURFACE_SIDE_STYLE('',(#10255));
#10255 = SURFACE_STYLE_FILL_AREA(#10256);
#10256 = FILL_AREA_STYLE('',(#10257));
#10257 = FILL_AREA_STYLE_COLOUR('',#9844);
#10258 = STYLED_ITEM('color',(#10259),#5230);
#10259 = PRESENTATION_STYLE_ASSIGNMENT((#10260));
#10260 = SURFACE_STYLE_USAGE(.BOTH.,#10261);
#10261 = SURFACE_SIDE_STYLE('',(#10262));
#10262 = SURFACE_STYLE_FILL_AREA(#10263);
#10263 = FILL_AREA_STYLE('',(#10264));
#10264 = FILL_AREA_STYLE_COLOUR('',#9844);
#10265 = STYLED_ITEM('color',(#10266),#5261);
#10266 = PRESENTATION_STYLE_ASSIGNMENT((#10267));
#10267 = SURFACE_STYLE_USAGE(.BOTH.,#10268);
#10268 = SURFACE_SIDE_STYLE('',(#10269));
#10269 = SURFACE_STYLE_FILL_AREA(#10270);
#10270 = FILL_AREA_STYLE('',(#10271));
#10271 = FILL_AREA_STYLE_COLOUR('',#9844);
#10272 = STYLED_ITEM('color',(#10273),#5285);
#10273 = PRESENTATION_STYLE_ASSIGNMENT((#10274));
#10274 = SURFACE_STYLE_USAGE(.BOTH.,#10275);
#10275 = SURFACE_SIDE_STYLE('',(#10276));
#10276 = SURFACE_STYLE_FILL_AREA(#10277);
#10277 = FILL_AREA_STYLE('',(#10278));
#10278 = FILL_AREA_STYLE_COLOUR('',#9844);
#10279 = STYLED_ITEM('color',(#10280),#5309);
#10280 = PRESENTATION_STYLE_ASSIGNMENT((#10281));
#10281 = SURFACE_STYLE_USAGE(.BOTH.,#10282);
#10282 = SURFACE_SIDE_STYLE('',(#10283));
#10283 = SURFACE_STYLE_FILL_AREA(#10284);
#10284 = FILL_AREA_STYLE('',(#10285));
#10285 = FILL_AREA_STYLE_COLOUR('',#9844);
#10286 = STYLED_ITEM('color',(#10287),#5326);
#10287 = PRESENTATION_STYLE_ASSIGNMENT((#10288));
#10288 = SURFACE_STYLE_USAGE(.BOTH.,#10289);
#10289 = SURFACE_SIDE_STYLE('',(#10290));
#10290 = SURFACE_STYLE_FILL_AREA(#10291);
#10291 = FILL_AREA_STYLE('',(#10292));
#10292 = FILL_AREA_STYLE_COLOUR('',#9844);
#10293 = STYLED_ITEM('color',(#10294),#5357);
#10294 = PRESENTATION_STYLE_ASSIGNMENT((#10295));
#10295 = SURFACE_STYLE_USAGE(.BOTH.,#10296);
#10296 = SURFACE_SIDE_STYLE('',(#10297));
#10297 = SURFACE_STYLE_FILL_AREA(#10298);
#10298 = FILL_AREA_STYLE('',(#10299));
#10299 = FILL_AREA_STYLE_COLOUR('',#9844);
#10300 = STYLED_ITEM('color',(#10301),#5381);
#10301 = PRESENTATION_STYLE_ASSIGNMENT((#10302));
#10302 = SURFACE_STYLE_USAGE(.BOTH.,#10303);
#10303 = SURFACE_SIDE_STYLE('',(#10304));
#10304 = SURFACE_STYLE_FILL_AREA(#10305);
#10305 = FILL_AREA_STYLE('',(#10306));
#10306 = FILL_AREA_STYLE_COLOUR('',#9844);
#10307 = STYLED_ITEM('color',(#10308),#5405);
#10308 = PRESENTATION_STYLE_ASSIGNMENT((#10309));
#10309 = SURFACE_STYLE_USAGE(.BOTH.,#10310);
#10310 = SURFACE_SIDE_STYLE('',(#10311));
#10311 = SURFACE_STYLE_FILL_AREA(#10312);
#10312 = FILL_AREA_STYLE('',(#10313));
#10313 = FILL_AREA_STYLE_COLOUR('',#9844);
#10314 = STYLED_ITEM('color',(#10315),#5422);
#10315 = PRESENTATION_STYLE_ASSIGNMENT((#10316));
#10316 = SURFACE_STYLE_USAGE(.BOTH.,#10317);
#10317 = SURFACE_SIDE_STYLE('',(#10318));
#10318 = SURFACE_STYLE_FILL_AREA(#10319);
#10319 = FILL_AREA_STYLE('',(#10320));
#10320 = FILL_AREA_STYLE_COLOUR('',#9844);
#10321 = STYLED_ITEM('color',(#10322),#5453);
#10322 = PRESENTATION_STYLE_ASSIGNMENT((#10323));
#10323 = SURFACE_STYLE_USAGE(.BOTH.,#10324);
#10324 = SURFACE_SIDE_STYLE('',(#10325));
#10325 = SURFACE_STYLE_FILL_AREA(#10326);
#10326 = FILL_AREA_STYLE('',(#10327));
#10327 = FILL_AREA_STYLE_COLOUR('',#9844);
#10328 = STYLED_ITEM('color',(#10329),#5477);
#10329 = PRESENTATION_STYLE_ASSIGNMENT((#10330));
#10330 = SURFACE_STYLE_USAGE(.BOTH.,#10331);
#10331 = SURFACE_SIDE_STYLE('',(#10332));
#10332 = SURFACE_STYLE_FILL_AREA(#10333);
#10333 = FILL_AREA_STYLE('',(#10334));
#10334 = FILL_AREA_STYLE_COLOUR('',#9844);
#10335 = STYLED_ITEM('color',(#10336),#5501);
#10336 = PRESENTATION_STYLE_ASSIGNMENT((#10337));
#10337 = SURFACE_STYLE_USAGE(.BOTH.,#10338);
#10338 = SURFACE_SIDE_STYLE('',(#10339));
#10339 = SURFACE_STYLE_FILL_AREA(#10340);
#10340 = FILL_AREA_STYLE('',(#10341));
#10341 = FILL_AREA_STYLE_COLOUR('',#9844);
#10342 = STYLED_ITEM('color',(#10343),#5518);
#10343 = PRESENTATION_STYLE_ASSIGNMENT((#10344));
#10344 = SURFACE_STYLE_USAGE(.BOTH.,#10345);
#10345 = SURFACE_SIDE_STYLE('',(#10346));
#10346 = SURFACE_STYLE_FILL_AREA(#10347);
#10347 = FILL_AREA_STYLE('',(#10348));
#10348 = FILL_AREA_STYLE_COLOUR('',#9844);
#10349 = STYLED_ITEM('color',(#10350),#5549);
#10350 = PRESENTATION_STYLE_ASSIGNMENT((#10351));
#10351 = SURFACE_STYLE_USAGE(.BOTH.,#10352);
#10352 = SURFACE_SIDE_STYLE('',(#10353));
#10353 = SURFACE_STYLE_FILL_AREA(#10354);
#10354 = FILL_AREA_STYLE('',(#10355));
#10355 = FILL_AREA_STYLE_COLOUR('',#9844);
#10356 = STYLED_ITEM('color',(#10357),#5573);
#10357 = PRESENTATION_STYLE_ASSIGNMENT((#10358));
#10358 = SURFACE_STYLE_USAGE(.BOTH.,#10359);
#10359 = SURFACE_SIDE_STYLE('',(#10360));
#10360 = SURFACE_STYLE_FILL_AREA(#10361);
#10361 = FILL_AREA_STYLE('',(#10362));
#10362 = FILL_AREA_STYLE_COLOUR('',#9844);
#10363 = STYLED_ITEM('color',(#10364),#5597);
#10364 = PRESENTATION_STYLE_ASSIGNMENT((#10365));
#10365 = SURFACE_STYLE_USAGE(.BOTH.,#10366);
#10366 = SURFACE_SIDE_STYLE('',(#10367));
#10367 = SURFACE_STYLE_FILL_AREA(#10368);
#10368 = FILL_AREA_STYLE('',(#10369));
#10369 = FILL_AREA_STYLE_COLOUR('',#9844);
#10370 = STYLED_ITEM('color',(#10371),#5614);
#10371 = PRESENTATION_STYLE_ASSIGNMENT((#10372));
#10372 = SURFACE_STYLE_USAGE(.BOTH.,#10373);
#10373 = SURFACE_SIDE_STYLE('',(#10374));
#10374 = SURFACE_STYLE_FILL_AREA(#10375);
#10375 = FILL_AREA_STYLE('',(#10376));
#10376 = FILL_AREA_STYLE_COLOUR('',#9844);
#10377 = STYLED_ITEM('color',(#10378),#5645);
#10378 = PRESENTATION_STYLE_ASSIGNMENT((#10379));
#10379 = SURFACE_STYLE_USAGE(.BOTH.,#10380);
#10380 = SURFACE_SIDE_STYLE('',(#10381));
#10381 = SURFACE_STYLE_FILL_AREA(#10382);
#10382 = FILL_AREA_STYLE('',(#10383));
#10383 = FILL_AREA_STYLE_COLOUR('',#9844);
#10384 = STYLED_ITEM('color',(#10385),#5669);
#10385 = PRESENTATION_STYLE_ASSIGNMENT((#10386));
#10386 = SURFACE_STYLE_USAGE(.BOTH.,#10387);
#10387 = SURFACE_SIDE_STYLE('',(#10388));
#10388 = SURFACE_STYLE_FILL_AREA(#10389);
#10389 = FILL_AREA_STYLE('',(#10390));
#10390 = FILL_AREA_STYLE_COLOUR('',#9844);
#10391 = STYLED_ITEM('color',(#10392),#5693);
#10392 = PRESENTATION_STYLE_ASSIGNMENT((#10393));
#10393 = SURFACE_STYLE_USAGE(.BOTH.,#10394);
#10394 = SURFACE_SIDE_STYLE('',(#10395));
#10395 = SURFACE_STYLE_FILL_AREA(#10396);
#10396 = FILL_AREA_STYLE('',(#10397));
#10397 = FILL_AREA_STYLE_COLOUR('',#9844);
#10398 = STYLED_ITEM('color',(#10399),#5710);
#10399 = PRESENTATION_STYLE_ASSIGNMENT((#10400));
#10400 = SURFACE_STYLE_USAGE(.BOTH.,#10401);
#10401 = SURFACE_SIDE_STYLE('',(#10402));
#10402 = SURFACE_STYLE_FILL_AREA(#10403);
#10403 = FILL_AREA_STYLE('',(#10404));
#10404 = FILL_AREA_STYLE_COLOUR('',#9844);
#10405 = STYLED_ITEM('color',(#10406),#5741);
#10406 = PRESENTATION_STYLE_ASSIGNMENT((#10407));
#10407 = SURFACE_STYLE_USAGE(.BOTH.,#10408);
#10408 = SURFACE_SIDE_STYLE('',(#10409));
#10409 = SURFACE_STYLE_FILL_AREA(#10410);
#10410 = FILL_AREA_STYLE('',(#10411));
#10411 = FILL_AREA_STYLE_COLOUR('',#9844);
#10412 = STYLED_ITEM('color',(#10413),#5765);
#10413 = PRESENTATION_STYLE_ASSIGNMENT((#10414));
#10414 = SURFACE_STYLE_USAGE(.BOTH.,#10415);
#10415 = SURFACE_SIDE_STYLE('',(#10416));
#10416 = SURFACE_STYLE_FILL_AREA(#10417);
#10417 = FILL_AREA_STYLE('',(#10418));
#10418 = FILL_AREA_STYLE_COLOUR('',#9844);
#10419 = STYLED_ITEM('color',(#10420),#5789);
#10420 = PRESENTATION_STYLE_ASSIGNMENT((#10421));
#10421 = SURFACE_STYLE_USAGE(.BOTH.,#10422);
#10422 = SURFACE_SIDE_STYLE('',(#10423));
#10423 = SURFACE_STYLE_FILL_AREA(#10424);
#10424 = FILL_AREA_STYLE('',(#10425));
#10425 = FILL_AREA_STYLE_COLOUR('',#9844);
#10426 = STYLED_ITEM('color',(#10427),#5806);
#10427 = PRESENTATION_STYLE_ASSIGNMENT((#10428));
#10428 = SURFACE_STYLE_USAGE(.BOTH.,#10429);
#10429 = SURFACE_SIDE_STYLE('',(#10430));
#10430 = SURFACE_STYLE_FILL_AREA(#10431);
#10431 = FILL_AREA_STYLE('',(#10432));
#10432 = FILL_AREA_STYLE_COLOUR('',#9844);
#10433 = STYLED_ITEM('color',(#10434),#5837);
#10434 = PRESENTATION_STYLE_ASSIGNMENT((#10435));
#10435 = SURFACE_STYLE_USAGE(.BOTH.,#10436);
#10436 = SURFACE_SIDE_STYLE('',(#10437));
#10437 = SURFACE_STYLE_FILL_AREA(#10438);
#10438 = FILL_AREA_STYLE('',(#10439));
#10439 = FILL_AREA_STYLE_COLOUR('',#9844);
#10440 = STYLED_ITEM('color',(#10441),#5861);
#10441 = PRESENTATION_STYLE_ASSIGNMENT((#10442));
#10442 = SURFACE_STYLE_USAGE(.BOTH.,#10443);
#10443 = SURFACE_SIDE_STYLE('',(#10444));
#10444 = SURFACE_STYLE_FILL_AREA(#10445);
#10445 = FILL_AREA_STYLE('',(#10446));
#10446 = FILL_AREA_STYLE_COLOUR('',#9844);
#10447 = STYLED_ITEM('color',(#10448),#5885);
#10448 = PRESENTATION_STYLE_ASSIGNMENT((#10449));
#10449 = SURFACE_STYLE_USAGE(.BOTH.,#10450);
#10450 = SURFACE_SIDE_STYLE('',(#10451));
#10451 = SURFACE_STYLE_FILL_AREA(#10452);
#10452 = FILL_AREA_STYLE('',(#10453));
#10453 = FILL_AREA_STYLE_COLOUR('',#9844);
#10454 = STYLED_ITEM('color',(#10455),#5902);
#10455 = PRESENTATION_STYLE_ASSIGNMENT((#10456));
#10456 = SURFACE_STYLE_USAGE(.BOTH.,#10457);
#10457 = SURFACE_SIDE_STYLE('',(#10458));
#10458 = SURFACE_STYLE_FILL_AREA(#10459);
#10459 = FILL_AREA_STYLE('',(#10460));
#10460 = FILL_AREA_STYLE_COLOUR('',#9844);
#10461 = STYLED_ITEM('color',(#10462),#5933);
#10462 = PRESENTATION_STYLE_ASSIGNMENT((#10463));
#10463 = SURFACE_STYLE_USAGE(.BOTH.,#10464);
#10464 = SURFACE_SIDE_STYLE('',(#10465));
#10465 = SURFACE_STYLE_FILL_AREA(#10466);
#10466 = FILL_AREA_STYLE('',(#10467));
#10467 = FILL_AREA_STYLE_COLOUR('',#9844);
#10468 = STYLED_ITEM('color',(#10469),#5957);
#10469 = PRESENTATION_STYLE_ASSIGNMENT((#10470));
#10470 = SURFACE_STYLE_USAGE(.BOTH.,#10471);
#10471 = SURFACE_SIDE_STYLE('',(#10472));
#10472 = SURFACE_STYLE_FILL_AREA(#10473);
#10473 = FILL_AREA_STYLE('',(#10474));
#10474 = FILL_AREA_STYLE_COLOUR('',#9844);
#10475 = STYLED_ITEM('color',(#10476),#5981);
#10476 = PRESENTATION_STYLE_ASSIGNMENT((#10477));
#10477 = SURFACE_STYLE_USAGE(.BOTH.,#10478);
#10478 = SURFACE_SIDE_STYLE('',(#10479));
#10479 = SURFACE_STYLE_FILL_AREA(#10480);
#10480 = FILL_AREA_STYLE('',(#10481));
#10481 = FILL_AREA_STYLE_COLOUR('',#9844);
#10482 = STYLED_ITEM('color',(#10483),#5998);
#10483 = PRESENTATION_STYLE_ASSIGNMENT((#10484));
#10484 = SURFACE_STYLE_USAGE(.BOTH.,#10485);
#10485 = SURFACE_SIDE_STYLE('',(#10486));
#10486 = SURFACE_STYLE_FILL_AREA(#10487);
#10487 = FILL_AREA_STYLE('',(#10488));
#10488 = FILL_AREA_STYLE_COLOUR('',#9844);
#10489 = STYLED_ITEM('color',(#10490),#6029);
#10490 = PRESENTATION_STYLE_ASSIGNMENT((#10491));
#10491 = SURFACE_STYLE_USAGE(.BOTH.,#10492);
#10492 = SURFACE_SIDE_STYLE('',(#10493));
#10493 = SURFACE_STYLE_FILL_AREA(#10494);
#10494 = FILL_AREA_STYLE('',(#10495));
#10495 = FILL_AREA_STYLE_COLOUR('',#9844);
#10496 = STYLED_ITEM('color',(#10497),#6053);
#10497 = PRESENTATION_STYLE_ASSIGNMENT((#10498));
#10498 = SURFACE_STYLE_USAGE(.BOTH.,#10499);
#10499 = SURFACE_SIDE_STYLE('',(#10500));
#10500 = SURFACE_STYLE_FILL_AREA(#10501);
#10501 = FILL_AREA_STYLE('',(#10502));
#10502 = FILL_AREA_STYLE_COLOUR('',#9844);
#10503 = STYLED_ITEM('color',(#10504),#6077);
#10504 = PRESENTATION_STYLE_ASSIGNMENT((#10505));
#10505 = SURFACE_STYLE_USAGE(.BOTH.,#10506);
#10506 = SURFACE_SIDE_STYLE('',(#10507));
#10507 = SURFACE_STYLE_FILL_AREA(#10508);
#10508 = FILL_AREA_STYLE('',(#10509));
#10509 = FILL_AREA_STYLE_COLOUR('',#9844);
#10510 = STYLED_ITEM('color',(#10511),#6094);
#10511 = PRESENTATION_STYLE_ASSIGNMENT((#10512));
#10512 = SURFACE_STYLE_USAGE(.BOTH.,#10513);
#10513 = SURFACE_SIDE_STYLE('',(#10514));
#10514 = SURFACE_STYLE_FILL_AREA(#10515);
#10515 = FILL_AREA_STYLE('',(#10516));
#10516 = FILL_AREA_STYLE_COLOUR('',#9844);
#10517 = STYLED_ITEM('color',(#10518),#6125);
#10518 = PRESENTATION_STYLE_ASSIGNMENT((#10519));
#10519 = SURFACE_STYLE_USAGE(.BOTH.,#10520);
#10520 = SURFACE_SIDE_STYLE('',(#10521));
#10521 = SURFACE_STYLE_FILL_AREA(#10522);
#10522 = FILL_AREA_STYLE('',(#10523));
#10523 = FILL_AREA_STYLE_COLOUR('',#9844);
#10524 = STYLED_ITEM('color',(#10525),#6149);
#10525 = PRESENTATION_STYLE_ASSIGNMENT((#10526));
#10526 = SURFACE_STYLE_USAGE(.BOTH.,#10527);
#10527 = SURFACE_SIDE_STYLE('',(#10528));
#10528 = SURFACE_STYLE_FILL_AREA(#10529);
#10529 = FILL_AREA_STYLE('',(#10530));
#10530 = FILL_AREA_STYLE_COLOUR('',#9844);
#10531 = STYLED_ITEM('color',(#10532),#6173);
#10532 = PRESENTATION_STYLE_ASSIGNMENT((#10533));
#10533 = SURFACE_STYLE_USAGE(.BOTH.,#10534);
#10534 = SURFACE_SIDE_STYLE('',(#10535));
#10535 = SURFACE_STYLE_FILL_AREA(#10536);
#10536 = FILL_AREA_STYLE('',(#10537));
#10537 = FILL_AREA_STYLE_COLOUR('',#9844);
#10538 = STYLED_ITEM('color',(#10539),#6190);
#10539 = PRESENTATION_STYLE_ASSIGNMENT((#10540));
#10540 = SURFACE_STYLE_USAGE(.BOTH.,#10541);
#10541 = SURFACE_SIDE_STYLE('',(#10542));
#10542 = SURFACE_STYLE_FILL_AREA(#10543);
#10543 = FILL_AREA_STYLE('',(#10544));
#10544 = FILL_AREA_STYLE_COLOUR('',#9844);
#10545 = STYLED_ITEM('color',(#10546),#6221);
#10546 = PRESENTATION_STYLE_ASSIGNMENT((#10547));
#10547 = SURFACE_STYLE_USAGE(.BOTH.,#10548);
#10548 = SURFACE_SIDE_STYLE('',(#10549));
#10549 = SURFACE_STYLE_FILL_AREA(#10550);
#10550 = FILL_AREA_STYLE('',(#10551));
#10551 = FILL_AREA_STYLE_COLOUR('',#9844);
#10552 = STYLED_ITEM('color',(#10553),#6245);
#10553 = PRESENTATION_STYLE_ASSIGNMENT((#10554));
#10554 = SURFACE_STYLE_USAGE(.BOTH.,#10555);
#10555 = SURFACE_SIDE_STYLE('',(#10556));
#10556 = SURFACE_STYLE_FILL_AREA(#10557);
#10557 = FILL_AREA_STYLE('',(#10558));
#10558 = FILL_AREA_STYLE_COLOUR('',#9844);
#10559 = STYLED_ITEM('color',(#10560),#6269);
#10560 = PRESENTATION_STYLE_ASSIGNMENT((#10561));
#10561 = SURFACE_STYLE_USAGE(.BOTH.,#10562);
#10562 = SURFACE_SIDE_STYLE('',(#10563));
#10563 = SURFACE_STYLE_FILL_AREA(#10564);
#10564 = FILL_AREA_STYLE('',(#10565));
#10565 = FILL_AREA_STYLE_COLOUR('',#9844);
#10566 = STYLED_ITEM('color',(#10567),#6286);
#10567 = PRESENTATION_STYLE_ASSIGNMENT((#10568));
#10568 = SURFACE_STYLE_USAGE(.BOTH.,#10569);
#10569 = SURFACE_SIDE_STYLE('',(#10570));
#10570 = SURFACE_STYLE_FILL_AREA(#10571);
#10571 = FILL_AREA_STYLE('',(#10572));
#10572 = FILL_AREA_STYLE_COLOUR('',#9844);
#10573 = STYLED_ITEM('color',(#10574),#6317);
#10574 = PRESENTATION_STYLE_ASSIGNMENT((#10575));
#10575 = SURFACE_STYLE_USAGE(.BOTH.,#10576);
#10576 = SURFACE_SIDE_STYLE('',(#10577));
#10577 = SURFACE_STYLE_FILL_AREA(#10578);
#10578 = FILL_AREA_STYLE('',(#10579));
#10579 = FILL_AREA_STYLE_COLOUR('',#9844);
#10580 = STYLED_ITEM('color',(#10581),#6341);
#10581 = PRESENTATION_STYLE_ASSIGNMENT((#10582));
#10582 = SURFACE_STYLE_USAGE(.BOTH.,#10583);
#10583 = SURFACE_SIDE_STYLE('',(#10584));
#10584 = SURFACE_STYLE_FILL_AREA(#10585);
#10585 = FILL_AREA_STYLE('',(#10586));
#10586 = FILL_AREA_STYLE_COLOUR('',#9844);
#10587 = STYLED_ITEM('color',(#10588),#6365);
#10588 = PRESENTATION_STYLE_ASSIGNMENT((#10589));
#10589 = SURFACE_STYLE_USAGE(.BOTH.,#10590);
#10590 = SURFACE_SIDE_STYLE('',(#10591));
#10591 = SURFACE_STYLE_FILL_AREA(#10592);
#10592 = FILL_AREA_STYLE('',(#10593));
#10593 = FILL_AREA_STYLE_COLOUR('',#9844);
#10594 = STYLED_ITEM('color',(#10595),#6382);
#10595 = PRESENTATION_STYLE_ASSIGNMENT((#10596));
#10596 = SURFACE_STYLE_USAGE(.BOTH.,#10597);
#10597 = SURFACE_SIDE_STYLE('',(#10598));
#10598 = SURFACE_STYLE_FILL_AREA(#10599);
#10599 = FILL_AREA_STYLE('',(#10600));
#10600 = FILL_AREA_STYLE_COLOUR('',#9844);
#10601 = STYLED_ITEM('color',(#10602),#6413);
#10602 = PRESENTATION_STYLE_ASSIGNMENT((#10603));
#10603 = SURFACE_STYLE_USAGE(.BOTH.,#10604);
#10604 = SURFACE_SIDE_STYLE('',(#10605));
#10605 = SURFACE_STYLE_FILL_AREA(#10606);
#10606 = FILL_AREA_STYLE('',(#10607));
#10607 = FILL_AREA_STYLE_COLOUR('',#9844);
#10608 = STYLED_ITEM('color',(#10609),#6437);
#10609 = PRESENTATION_STYLE_ASSIGNMENT((#10610));
#10610 = SURFACE_STYLE_USAGE(.BOTH.,#10611);
#10611 = SURFACE_SIDE_STYLE('',(#10612));
#10612 = SURFACE_STYLE_FILL_AREA(#10613);
#10613 = FILL_AREA_STYLE('',(#10614));
#10614 = FILL_AREA_STYLE_COLOUR('',#9844);
#10615 = STYLED_ITEM('color',(#10616),#6461);
#10616 = PRESENTATION_STYLE_ASSIGNMENT((#10617));
#10617 = SURFACE_STYLE_USAGE(.BOTH.,#10618);
#10618 = SURFACE_SIDE_STYLE('',(#10619));
#10619 = SURFACE_STYLE_FILL_AREA(#10620);
#10620 = FILL_AREA_STYLE('',(#10621));
#10621 = FILL_AREA_STYLE_COLOUR('',#9844);
#10622 = STYLED_ITEM('color',(#10623),#6478);
#10623 = PRESENTATION_STYLE_ASSIGNMENT((#10624));
#10624 = SURFACE_STYLE_USAGE(.BOTH.,#10625);
#10625 = SURFACE_SIDE_STYLE('',(#10626));
#10626 = SURFACE_STYLE_FILL_AREA(#10627);
#10627 = FILL_AREA_STYLE('',(#10628));
#10628 = FILL_AREA_STYLE_COLOUR('',#9844);
#10629 = STYLED_ITEM('color',(#10630),#6509);
#10630 = PRESENTATION_STYLE_ASSIGNMENT((#10631));
#10631 = SURFACE_STYLE_USAGE(.BOTH.,#10632);
#10632 = SURFACE_SIDE_STYLE('',(#10633));
#10633 = SURFACE_STYLE_FILL_AREA(#10634);
#10634 = FILL_AREA_STYLE('',(#10635));
#10635 = FILL_AREA_STYLE_COLOUR('',#9844);
#10636 = STYLED_ITEM('color',(#10637),#6533);
#10637 = PRESENTATION_STYLE_ASSIGNMENT((#10638));
#10638 = SURFACE_STYLE_USAGE(.BOTH.,#10639);
#10639 = SURFACE_SIDE_STYLE('',(#10640));
#10640 = SURFACE_STYLE_FILL_AREA(#10641);
#10641 = FILL_AREA_STYLE('',(#10642));
#10642 = FILL_AREA_STYLE_COLOUR('',#9844);
#10643 = STYLED_ITEM('color',(#10644),#6557);
#10644 = PRESENTATION_STYLE_ASSIGNMENT((#10645));
#10645 = SURFACE_STYLE_USAGE(.BOTH.,#10646);
#10646 = SURFACE_SIDE_STYLE('',(#10647));
#10647 = SURFACE_STYLE_FILL_AREA(#10648);
#10648 = FILL_AREA_STYLE('',(#10649));
#10649 = FILL_AREA_STYLE_COLOUR('',#9844);
#10650 = STYLED_ITEM('color',(#10651),#6574);
#10651 = PRESENTATION_STYLE_ASSIGNMENT((#10652));
#10652 = SURFACE_STYLE_USAGE(.BOTH.,#10653);
#10653 = SURFACE_SIDE_STYLE('',(#10654));
#10654 = SURFACE_STYLE_FILL_AREA(#10655);
#10655 = FILL_AREA_STYLE('',(#10656));
#10656 = FILL_AREA_STYLE_COLOUR('',#9844);
#10657 = STYLED_ITEM('color',(#10658),#6605);
#10658 = PRESENTATION_STYLE_ASSIGNMENT((#10659));
#10659 = SURFACE_STYLE_USAGE(.BOTH.,#10660);
#10660 = SURFACE_SIDE_STYLE('',(#10661));
#10661 = SURFACE_STYLE_FILL_AREA(#10662);
#10662 = FILL_AREA_STYLE('',(#10663));
#10663 = FILL_AREA_STYLE_COLOUR('',#9844);
#10664 = STYLED_ITEM('color',(#10665),#6629);
#10665 = PRESENTATION_STYLE_ASSIGNMENT((#10666));
#10666 = SURFACE_STYLE_USAGE(.BOTH.,#10667);
#10667 = SURFACE_SIDE_STYLE('',(#10668));
#10668 = SURFACE_STYLE_FILL_AREA(#10669);
#10669 = FILL_AREA_STYLE('',(#10670));
#10670 = FILL_AREA_STYLE_COLOUR('',#9844);
#10671 = STYLED_ITEM('color',(#10672),#6653);
#10672 = PRESENTATION_STYLE_ASSIGNMENT((#10673));
#10673 = SURFACE_STYLE_USAGE(.BOTH.,#10674);
#10674 = SURFACE_SIDE_STYLE('',(#10675));
#10675 = SURFACE_STYLE_FILL_AREA(#10676);
#10676 = FILL_AREA_STYLE('',(#10677));
#10677 = FILL_AREA_STYLE_COLOUR('',#9844);
#10678 = STYLED_ITEM('color',(#10679),#6670);
#10679 = PRESENTATION_STYLE_ASSIGNMENT((#10680));
#10680 = SURFACE_STYLE_USAGE(.BOTH.,#10681);
#10681 = SURFACE_SIDE_STYLE('',(#10682));
#10682 = SURFACE_STYLE_FILL_AREA(#10683);
#10683 = FILL_AREA_STYLE('',(#10684));
#10684 = FILL_AREA_STYLE_COLOUR('',#9844);
#10685 = STYLED_ITEM('color',(#10686),#6701);
#10686 = PRESENTATION_STYLE_ASSIGNMENT((#10687));
#10687 = SURFACE_STYLE_USAGE(.BOTH.,#10688);
#10688 = SURFACE_SIDE_STYLE('',(#10689));
#10689 = SURFACE_STYLE_FILL_AREA(#10690);
#10690 = FILL_AREA_STYLE('',(#10691));
#10691 = FILL_AREA_STYLE_COLOUR('',#9844);
#10692 = STYLED_ITEM('color',(#10693),#6725);
#10693 = PRESENTATION_STYLE_ASSIGNMENT((#10694));
#10694 = SURFACE_STYLE_USAGE(.BOTH.,#10695);
#10695 = SURFACE_SIDE_STYLE('',(#10696));
#10696 = SURFACE_STYLE_FILL_AREA(#10697);
#10697 = FILL_AREA_STYLE('',(#10698));
#10698 = FILL_AREA_STYLE_COLOUR('',#9844);
#10699 = STYLED_ITEM('color',(#10700),#6749);
#10700 = PRESENTATION_STYLE_ASSIGNMENT((#10701));
#10701 = SURFACE_STYLE_USAGE(.BOTH.,#10702);
#10702 = SURFACE_SIDE_STYLE('',(#10703));
#10703 = SURFACE_STYLE_FILL_AREA(#10704);
#10704 = FILL_AREA_STYLE('',(#10705));
#10705 = FILL_AREA_STYLE_COLOUR('',#9844);
#10706 = STYLED_ITEM('color',(#10707),#6766);
#10707 = PRESENTATION_STYLE_ASSIGNMENT((#10708));
#10708 = SURFACE_STYLE_USAGE(.BOTH.,#10709);
#10709 = SURFACE_SIDE_STYLE('',(#10710));
#10710 = SURFACE_STYLE_FILL_AREA(#10711);
#10711 = FILL_AREA_STYLE('',(#10712));
#10712 = FILL_AREA_STYLE_COLOUR('',#9844);
#10713 = STYLED_ITEM('color',(#10714),#6797);
#10714 = PRESENTATION_STYLE_ASSIGNMENT((#10715));
#10715 = SURFACE_STYLE_USAGE(.BOTH.,#10716);
#10716 = SURFACE_SIDE_STYLE('',(#10717));
#10717 = SURFACE_STYLE_FILL_AREA(#10718);
#10718 = FILL_AREA_STYLE('',(#10719));
#10719 = FILL_AREA_STYLE_COLOUR('',#9844);
#10720 = STYLED_ITEM('color',(#10721),#6821);
#10721 = PRESENTATION_STYLE_ASSIGNMENT((#10722));
#10722 = SURFACE_STYLE_USAGE(.BOTH.,#10723);
#10723 = SURFACE_SIDE_STYLE('',(#10724));
#10724 = SURFACE_STYLE_FILL_AREA(#10725);
#10725 = FILL_AREA_STYLE('',(#10726));
#10726 = FILL_AREA_STYLE_COLOUR('',#9844);
#10727 = STYLED_ITEM('color',(#10728),#6845);
#10728 = PRESENTATION_STYLE_ASSIGNMENT((#10729));
#10729 = SURFACE_STYLE_USAGE(.BOTH.,#10730);
#10730 = SURFACE_SIDE_STYLE('',(#10731));
#10731 = SURFACE_STYLE_FILL_AREA(#10732);
#10732 = FILL_AREA_STYLE('',(#10733));
#10733 = FILL_AREA_STYLE_COLOUR('',#9844);
#10734 = STYLED_ITEM('color',(#10735),#6862);
#10735 = PRESENTATION_STYLE_ASSIGNMENT((#10736));
#10736 = SURFACE_STYLE_USAGE(.BOTH.,#10737);
#10737 = SURFACE_SIDE_STYLE('',(#10738));
#10738 = SURFACE_STYLE_FILL_AREA(#10739);
#10739 = FILL_AREA_STYLE('',(#10740));
#10740 = FILL_AREA_STYLE_COLOUR('',#9844);
#10741 = STYLED_ITEM('color',(#10742),#6874);
#10742 = PRESENTATION_STYLE_ASSIGNMENT((#10743));
#10743 = SURFACE_STYLE_USAGE(.BOTH.,#10744);
#10744 = SURFACE_SIDE_STYLE('',(#10745));
#10745 = SURFACE_STYLE_FILL_AREA(#10746);
#10746 = FILL_AREA_STYLE('',(#10747));
#10747 = FILL_AREA_STYLE_COLOUR('',#9844);
#10748 = STYLED_ITEM('color',(#10749),#6886);
#10749 = PRESENTATION_STYLE_ASSIGNMENT((#10750));
#10750 = SURFACE_STYLE_USAGE(.BOTH.,#10751);
#10751 = SURFACE_SIDE_STYLE('',(#10752));
#10752 = SURFACE_STYLE_FILL_AREA(#10753);
#10753 = FILL_AREA_STYLE('',(#10754));
#10754 = FILL_AREA_STYLE_COLOUR('',#9844);
#10755 = STYLED_ITEM('color',(#10756),#6898);
#10756 = PRESENTATION_STYLE_ASSIGNMENT((#10757));
#10757 = SURFACE_STYLE_USAGE(.BOTH.,#10758);
#10758 = SURFACE_SIDE_STYLE('',(#10759));
#10759 = SURFACE_STYLE_FILL_AREA(#10760);
#10760 = FILL_AREA_STYLE('',(#10761));
#10761 = FILL_AREA_STYLE_COLOUR('',#9844);
#10762 = STYLED_ITEM('color',(#10763),#6910);
#10763 = PRESENTATION_STYLE_ASSIGNMENT((#10764));
#10764 = SURFACE_STYLE_USAGE(.BOTH.,#10765);
#10765 = SURFACE_SIDE_STYLE('',(#10766));
#10766 = SURFACE_STYLE_FILL_AREA(#10767);
#10767 = FILL_AREA_STYLE('',(#10768));
#10768 = FILL_AREA_STYLE_COLOUR('',#9844);
#10769 = STYLED_ITEM('color',(#10770),#6922);
#10770 = PRESENTATION_STYLE_ASSIGNMENT((#10771));
#10771 = SURFACE_STYLE_USAGE(.BOTH.,#10772);
#10772 = SURFACE_SIDE_STYLE('',(#10773));
#10773 = SURFACE_STYLE_FILL_AREA(#10774);
#10774 = FILL_AREA_STYLE('',(#10775));
#10775 = FILL_AREA_STYLE_COLOUR('',#9844);
#10776 = STYLED_ITEM('color',(#10777),#6934);
#10777 = PRESENTATION_STYLE_ASSIGNMENT((#10778));
#10778 = SURFACE_STYLE_USAGE(.BOTH.,#10779);
#10779 = SURFACE_SIDE_STYLE('',(#10780));
#10780 = SURFACE_STYLE_FILL_AREA(#10781);
#10781 = FILL_AREA_STYLE('',(#10782));
#10782 = FILL_AREA_STYLE_COLOUR('',#9844);
#10783 = STYLED_ITEM('color',(#10784),#6946);
#10784 = PRESENTATION_STYLE_ASSIGNMENT((#10785));
#10785 = SURFACE_STYLE_USAGE(.BOTH.,#10786);
#10786 = SURFACE_SIDE_STYLE('',(#10787));
#10787 = SURFACE_STYLE_FILL_AREA(#10788);
#10788 = FILL_AREA_STYLE('',(#10789));
#10789 = FILL_AREA_STYLE_COLOUR('',#9844);
#10790 = STYLED_ITEM('color',(#10791),#6958);
#10791 = PRESENTATION_STYLE_ASSIGNMENT((#10792));
#10792 = SURFACE_STYLE_USAGE(.BOTH.,#10793);
#10793 = SURFACE_SIDE_STYLE('',(#10794));
#10794 = SURFACE_STYLE_FILL_AREA(#10795);
#10795 = FILL_AREA_STYLE('',(#10796));
#10796 = FILL_AREA_STYLE_COLOUR('',#9844);
#10797 = STYLED_ITEM('color',(#10798),#6970);
#10798 = PRESENTATION_STYLE_ASSIGNMENT((#10799));
#10799 = SURFACE_STYLE_USAGE(.BOTH.,#10800);
#10800 = SURFACE_SIDE_STYLE('',(#10801));
#10801 = SURFACE_STYLE_FILL_AREA(#10802);
#10802 = FILL_AREA_STYLE('',(#10803));
#10803 = FILL_AREA_STYLE_COLOUR('',#9844);
#10804 = STYLED_ITEM('color',(#10805),#6982);
#10805 = PRESENTATION_STYLE_ASSIGNMENT((#10806));
#10806 = SURFACE_STYLE_USAGE(.BOTH.,#10807);
#10807 = SURFACE_SIDE_STYLE('',(#10808));
#10808 = SURFACE_STYLE_FILL_AREA(#10809);
#10809 = FILL_AREA_STYLE('',(#10810));
#10810 = FILL_AREA_STYLE_COLOUR('',#9844);
#10811 = STYLED_ITEM('color',(#10812),#6994);
#10812 = PRESENTATION_STYLE_ASSIGNMENT((#10813));
#10813 = SURFACE_STYLE_USAGE(.BOTH.,#10814);
#10814 = SURFACE_SIDE_STYLE('',(#10815));
#10815 = SURFACE_STYLE_FILL_AREA(#10816);
#10816 = FILL_AREA_STYLE('',(#10817));
#10817 = FILL_AREA_STYLE_COLOUR('',#9844);
#10818 = STYLED_ITEM('color',(#10819),#7006);
#10819 = PRESENTATION_STYLE_ASSIGNMENT((#10820));
#10820 = SURFACE_STYLE_USAGE(.BOTH.,#10821);
#10821 = SURFACE_SIDE_STYLE('',(#10822));
#10822 = SURFACE_STYLE_FILL_AREA(#10823);
#10823 = FILL_AREA_STYLE('',(#10824));
#10824 = FILL_AREA_STYLE_COLOUR('',#9844);
#10825 = STYLED_ITEM('color',(#10826),#7018);
#10826 = PRESENTATION_STYLE_ASSIGNMENT((#10827));
#10827 = SURFACE_STYLE_USAGE(.BOTH.,#10828);
#10828 = SURFACE_SIDE_STYLE('',(#10829));
#10829 = SURFACE_STYLE_FILL_AREA(#10830);
#10830 = FILL_AREA_STYLE('',(#10831));
#10831 = FILL_AREA_STYLE_COLOUR('',#9844);
#10832 = STYLED_ITEM('color',(#10833),#7030);
#10833 = PRESENTATION_STYLE_ASSIGNMENT((#10834));
#10834 = SURFACE_STYLE_USAGE(.BOTH.,#10835);
#10835 = SURFACE_SIDE_STYLE('',(#10836));
#10836 = SURFACE_STYLE_FILL_AREA(#10837);
#10837 = FILL_AREA_STYLE('',(#10838));
#10838 = FILL_AREA_STYLE_COLOUR('',#9844);
#10839 = STYLED_ITEM('color',(#10840),#7042);
#10840 = PRESENTATION_STYLE_ASSIGNMENT((#10841));
#10841 = SURFACE_STYLE_USAGE(.BOTH.,#10842);
#10842 = SURFACE_SIDE_STYLE('',(#10843));
#10843 = SURFACE_STYLE_FILL_AREA(#10844);
#10844 = FILL_AREA_STYLE('',(#10845));
#10845 = FILL_AREA_STYLE_COLOUR('',#9844);
#10846 = MECHANICAL_DESIGN_GEOMETRIC_PRESENTATION_REPRESENTATION('',(
    #10847,#10854,#10861,#10868,#10875,#10882,#10889,#10896,#10903,
    #10910,#10917,#10924,#10931,#10938,#10945,#10952,#10959,#10966,
    #10973,#10980,#10987,#10994,#11001,#11008,#11015,#11022,#11029,
    #11036,#11043,#11050,#11057,#11064,#11071,#11078,#11085,#11092,
    #11099,#11106,#11113,#11120,#11127,#11134,#11141,#11148,#11155,
    #11162,#11169,#11176,#11183,#11190,#11197,#11204),#1516);
#10847 = STYLED_ITEM('color',(#10848),#86);
#10848 = PRESENTATION_STYLE_ASSIGNMENT((#10849));
#10849 = SURFACE_STYLE_USAGE(.BOTH.,#10850);
#10850 = SURFACE_SIDE_STYLE('',(#10851));
#10851 = SURFACE_STYLE_FILL_AREA(#10852);
#10852 = FILL_AREA_STYLE('',(#10853));
#10853 = FILL_AREA_STYLE_COLOUR('',#9479);
#10854 = STYLED_ITEM('color',(#10855),#126);
#10855 = PRESENTATION_STYLE_ASSIGNMENT((#10856));
#10856 = SURFACE_STYLE_USAGE(.BOTH.,#10857);
#10857 = SURFACE_SIDE_STYLE('',(#10858));
#10858 = SURFACE_STYLE_FILL_AREA(#10859);
#10859 = FILL_AREA_STYLE('',(#10860));
#10860 = FILL_AREA_STYLE_COLOUR('',#9479);
#10861 = STYLED_ITEM('color',(#10862),#157);
#10862 = PRESENTATION_STYLE_ASSIGNMENT((#10863));
#10863 = SURFACE_STYLE_USAGE(.BOTH.,#10864);
#10864 = SURFACE_SIDE_STYLE('',(#10865));
#10865 = SURFACE_STYLE_FILL_AREA(#10866);
#10866 = FILL_AREA_STYLE('',(#10867));
#10867 = FILL_AREA_STYLE_COLOUR('',#9479);
#10868 = STYLED_ITEM('color',(#10869),#188);
#10869 = PRESENTATION_STYLE_ASSIGNMENT((#10870));
#10870 = SURFACE_STYLE_USAGE(.BOTH.,#10871);
#10871 = SURFACE_SIDE_STYLE('',(#10872));
#10872 = SURFACE_STYLE_FILL_AREA(#10873);
#10873 = FILL_AREA_STYLE('',(#10874));
#10874 = FILL_AREA_STYLE_COLOUR('',#9479);
#10875 = STYLED_ITEM('color',(#10876),#353);
#10876 = PRESENTATION_STYLE_ASSIGNMENT((#10877));
#10877 = SURFACE_STYLE_USAGE(.BOTH.,#10878);
#10878 = SURFACE_SIDE_STYLE('',(#10879));
#10879 = SURFACE_STYLE_FILL_AREA(#10880);
#10880 = FILL_AREA_STYLE('',(#10881));
#10881 = FILL_AREA_STYLE_COLOUR('',#9479);
#10882 = STYLED_ITEM('color',(#10883),#518);
#10883 = PRESENTATION_STYLE_ASSIGNMENT((#10884));
#10884 = SURFACE_STYLE_USAGE(.BOTH.,#10885);
#10885 = SURFACE_SIDE_STYLE('',(#10886));
#10886 = SURFACE_STYLE_FILL_AREA(#10887);
#10887 = FILL_AREA_STYLE('',(#10888));
#10888 = FILL_AREA_STYLE_COLOUR('',#9479);
#10889 = STYLED_ITEM('color',(#10890),#535);
#10890 = PRESENTATION_STYLE_ASSIGNMENT((#10891));
#10891 = SURFACE_STYLE_USAGE(.BOTH.,#10892);
#10892 = SURFACE_SIDE_STYLE('',(#10893));
#10893 = SURFACE_STYLE_FILL_AREA(#10894);
#10894 = FILL_AREA_STYLE('',(#10895));
#10895 = FILL_AREA_STYLE_COLOUR('',#9479);
#10896 = STYLED_ITEM('color',(#10897),#552);
#10897 = PRESENTATION_STYLE_ASSIGNMENT((#10898));
#10898 = SURFACE_STYLE_USAGE(.BOTH.,#10899);
#10899 = SURFACE_SIDE_STYLE('',(#10900));
#10900 = SURFACE_STYLE_FILL_AREA(#10901);
#10901 = FILL_AREA_STYLE('',(#10902));
#10902 = FILL_AREA_STYLE_COLOUR('',#9479);
#10903 = STYLED_ITEM('color',(#10904),#569);
#10904 = PRESENTATION_STYLE_ASSIGNMENT((#10905));
#10905 = SURFACE_STYLE_USAGE(.BOTH.,#10906);
#10906 = SURFACE_SIDE_STYLE('',(#10907));
#10907 = SURFACE_STYLE_FILL_AREA(#10908);
#10908 = FILL_AREA_STYLE('',(#10909));
#10909 = FILL_AREA_STYLE_COLOUR('',#9479);
#10910 = STYLED_ITEM('color',(#10911),#586);
#10911 = PRESENTATION_STYLE_ASSIGNMENT((#10912));
#10912 = SURFACE_STYLE_USAGE(.BOTH.,#10913);
#10913 = SURFACE_SIDE_STYLE('',(#10914));
#10914 = SURFACE_STYLE_FILL_AREA(#10915);
#10915 = FILL_AREA_STYLE('',(#10916));
#10916 = FILL_AREA_STYLE_COLOUR('',#9479);
#10917 = STYLED_ITEM('color',(#10918),#603);
#10918 = PRESENTATION_STYLE_ASSIGNMENT((#10919));
#10919 = SURFACE_STYLE_USAGE(.BOTH.,#10920);
#10920 = SURFACE_SIDE_STYLE('',(#10921));
#10921 = SURFACE_STYLE_FILL_AREA(#10922);
#10922 = FILL_AREA_STYLE('',(#10923));
#10923 = FILL_AREA_STYLE_COLOUR('',#9479);
#10924 = STYLED_ITEM('color',(#10925),#620);
#10925 = PRESENTATION_STYLE_ASSIGNMENT((#10926));
#10926 = SURFACE_STYLE_USAGE(.BOTH.,#10927);
#10927 = SURFACE_SIDE_STYLE('',(#10928));
#10928 = SURFACE_STYLE_FILL_AREA(#10929);
#10929 = FILL_AREA_STYLE('',(#10930));
#10930 = FILL_AREA_STYLE_COLOUR('',#9479);
#10931 = STYLED_ITEM('color',(#10932),#637);
#10932 = PRESENTATION_STYLE_ASSIGNMENT((#10933));
#10933 = SURFACE_STYLE_USAGE(.BOTH.,#10934);
#10934 = SURFACE_SIDE_STYLE('',(#10935));
#10935 = SURFACE_STYLE_FILL_AREA(#10936);
#10936 = FILL_AREA_STYLE('',(#10937));
#10937 = FILL_AREA_STYLE_COLOUR('',#9479);
#10938 = STYLED_ITEM('color',(#10939),#654);
#10939 = PRESENTATION_STYLE_ASSIGNMENT((#10940));
#10940 = SURFACE_STYLE_USAGE(.BOTH.,#10941);
#10941 = SURFACE_SIDE_STYLE('',(#10942));
#10942 = SURFACE_STYLE_FILL_AREA(#10943);
#10943 = FILL_AREA_STYLE('',(#10944));
#10944 = FILL_AREA_STYLE_COLOUR('',#9479);
#10945 = STYLED_ITEM('color',(#10946),#671);
#10946 = PRESENTATION_STYLE_ASSIGNMENT((#10947));
#10947 = SURFACE_STYLE_USAGE(.BOTH.,#10948);
#10948 = SURFACE_SIDE_STYLE('',(#10949));
#10949 = SURFACE_STYLE_FILL_AREA(#10950);
#10950 = FILL_AREA_STYLE('',(#10951));
#10951 = FILL_AREA_STYLE_COLOUR('',#9479);
#10952 = STYLED_ITEM('color',(#10953),#688);
#10953 = PRESENTATION_STYLE_ASSIGNMENT((#10954));
#10954 = SURFACE_STYLE_USAGE(.BOTH.,#10955);
#10955 = SURFACE_SIDE_STYLE('',(#10956));
#10956 = SURFACE_STYLE_FILL_AREA(#10957);
#10957 = FILL_AREA_STYLE('',(#10958));
#10958 = FILL_AREA_STYLE_COLOUR('',#9479);
#10959 = STYLED_ITEM('color',(#10960),#700);
#10960 = PRESENTATION_STYLE_ASSIGNMENT((#10961));
#10961 = SURFACE_STYLE_USAGE(.BOTH.,#10962);
#10962 = SURFACE_SIDE_STYLE('',(#10963));
#10963 = SURFACE_STYLE_FILL_AREA(#10964);
#10964 = FILL_AREA_STYLE('',(#10965));
#10965 = FILL_AREA_STYLE_COLOUR('',#9844);
#10966 = STYLED_ITEM('color',(#10967),#731);
#10967 = PRESENTATION_STYLE_ASSIGNMENT((#10968));
#10968 = SURFACE_STYLE_USAGE(.BOTH.,#10969);
#10969 = SURFACE_SIDE_STYLE('',(#10970));
#10970 = SURFACE_STYLE_FILL_AREA(#10971);
#10971 = FILL_AREA_STYLE('',(#10972));
#10972 = FILL_AREA_STYLE_COLOUR('',#9844);
#10973 = STYLED_ITEM('color',(#10974),#755);
#10974 = PRESENTATION_STYLE_ASSIGNMENT((#10975));
#10975 = SURFACE_STYLE_USAGE(.BOTH.,#10976);
#10976 = SURFACE_SIDE_STYLE('',(#10977));
#10977 = SURFACE_STYLE_FILL_AREA(#10978);
#10978 = FILL_AREA_STYLE('',(#10979));
#10979 = FILL_AREA_STYLE_COLOUR('',#9844);
#10980 = STYLED_ITEM('color',(#10981),#779);
#10981 = PRESENTATION_STYLE_ASSIGNMENT((#10982));
#10982 = SURFACE_STYLE_USAGE(.BOTH.,#10983);
#10983 = SURFACE_SIDE_STYLE('',(#10984));
#10984 = SURFACE_STYLE_FILL_AREA(#10985);
#10985 = FILL_AREA_STYLE('',(#10986));
#10986 = FILL_AREA_STYLE_COLOUR('',#9844);
#10987 = STYLED_ITEM('color',(#10988),#796);
#10988 = PRESENTATION_STYLE_ASSIGNMENT((#10989));
#10989 = SURFACE_STYLE_USAGE(.BOTH.,#10990);
#10990 = SURFACE_SIDE_STYLE('',(#10991));
#10991 = SURFACE_STYLE_FILL_AREA(#10992);
#10992 = FILL_AREA_STYLE('',(#10993));
#10993 = FILL_AREA_STYLE_COLOUR('',#9844);
#10994 = STYLED_ITEM('color',(#10995),#827);
#10995 = PRESENTATION_STYLE_ASSIGNMENT((#10996));
#10996 = SURFACE_STYLE_USAGE(.BOTH.,#10997);
#10997 = SURFACE_SIDE_STYLE('',(#10998));
#10998 = SURFACE_STYLE_FILL_AREA(#10999);
#10999 = FILL_AREA_STYLE('',(#11000));
#11000 = FILL_AREA_STYLE_COLOUR('',#9844);
#11001 = STYLED_ITEM('color',(#11002),#851);
#11002 = PRESENTATION_STYLE_ASSIGNMENT((#11003));
#11003 = SURFACE_STYLE_USAGE(.BOTH.,#11004);
#11004 = SURFACE_SIDE_STYLE('',(#11005));
#11005 = SURFACE_STYLE_FILL_AREA(#11006);
#11006 = FILL_AREA_STYLE('',(#11007));
#11007 = FILL_AREA_STYLE_COLOUR('',#9844);
#11008 = STYLED_ITEM('color',(#11009),#875);
#11009 = PRESENTATION_STYLE_ASSIGNMENT((#11010));
#11010 = SURFACE_STYLE_USAGE(.BOTH.,#11011);
#11011 = SURFACE_SIDE_STYLE('',(#11012));
#11012 = SURFACE_STYLE_FILL_AREA(#11013);
#11013 = FILL_AREA_STYLE('',(#11014));
#11014 = FILL_AREA_STYLE_COLOUR('',#9844);
#11015 = STYLED_ITEM('color',(#11016),#892);
#11016 = PRESENTATION_STYLE_ASSIGNMENT((#11017));
#11017 = SURFACE_STYLE_USAGE(.BOTH.,#11018);
#11018 = SURFACE_SIDE_STYLE('',(#11019));
#11019 = SURFACE_STYLE_FILL_AREA(#11020);
#11020 = FILL_AREA_STYLE('',(#11021));
#11021 = FILL_AREA_STYLE_COLOUR('',#9844);
#11022 = STYLED_ITEM('color',(#11023),#923);
#11023 = PRESENTATION_STYLE_ASSIGNMENT((#11024));
#11024 = SURFACE_STYLE_USAGE(.BOTH.,#11025);
#11025 = SURFACE_SIDE_STYLE('',(#11026));
#11026 = SURFACE_STYLE_FILL_AREA(#11027);
#11027 = FILL_AREA_STYLE('',(#11028));
#11028 = FILL_AREA_STYLE_COLOUR('',#9844);
#11029 = STYLED_ITEM('color',(#11030),#947);
#11030 = PRESENTATION_STYLE_ASSIGNMENT((#11031));
#11031 = SURFACE_STYLE_USAGE(.BOTH.,#11032);
#11032 = SURFACE_SIDE_STYLE('',(#11033));
#11033 = SURFACE_STYLE_FILL_AREA(#11034);
#11034 = FILL_AREA_STYLE('',(#11035));
#11035 = FILL_AREA_STYLE_COLOUR('',#9844);
#11036 = STYLED_ITEM('color',(#11037),#971);
#11037 = PRESENTATION_STYLE_ASSIGNMENT((#11038));
#11038 = SURFACE_STYLE_USAGE(.BOTH.,#11039);
#11039 = SURFACE_SIDE_STYLE('',(#11040));
#11040 = SURFACE_STYLE_FILL_AREA(#11041);
#11041 = FILL_AREA_STYLE('',(#11042));
#11042 = FILL_AREA_STYLE_COLOUR('',#9844);
#11043 = STYLED_ITEM('color',(#11044),#988);
#11044 = PRESENTATION_STYLE_ASSIGNMENT((#11045));
#11045 = SURFACE_STYLE_USAGE(.BOTH.,#11046);
#11046 = SURFACE_SIDE_STYLE('',(#11047));
#11047 = SURFACE_STYLE_FILL_AREA(#11048);
#11048 = FILL_AREA_STYLE('',(#11049));
#11049 = FILL_AREA_STYLE_COLOUR('',#9844);
#11050 = STYLED_ITEM('color',(#11051),#1019);
#11051 = PRESENTATION_STYLE_ASSIGNMENT((#11052));
#11052 = SURFACE_STYLE_USAGE(.BOTH.,#11053);
#11053 = SURFACE_SIDE_STYLE('',(#11054));
#11054 = SURFACE_STYLE_FILL_AREA(#11055);
#11055 = FILL_AREA_STYLE('',(#11056));
#11056 = FILL_AREA_STYLE_COLOUR('',#9844);
#11057 = STYLED_ITEM('color',(#11058),#1043);
#11058 = PRESENTATION_STYLE_ASSIGNMENT((#11059));
#11059 = SURFACE_STYLE_USAGE(.BOTH.,#11060);
#11060 = SURFACE_SIDE_STYLE('',(#11061));
#11061 = SURFACE_STYLE_FILL_AREA(#11062);
#11062 = FILL_AREA_STYLE('',(#11063));
#11063 = FILL_AREA_STYLE_COLOUR('',#9844);
#11064 = STYLED_ITEM('color',(#11065),#1067);
#11065 = PRESENTATION_STYLE_ASSIGNMENT((#11066));
#11066 = SURFACE_STYLE_USAGE(.BOTH.,#11067);
#11067 = SURFACE_SIDE_STYLE('',(#11068));
#11068 = SURFACE_STYLE_FILL_AREA(#11069);
#11069 = FILL_AREA_STYLE('',(#11070));
#11070 = FILL_AREA_STYLE_COLOUR('',#9844);
#11071 = STYLED_ITEM('color',(#11072),#1084);
#11072 = PRESENTATION_STYLE_ASSIGNMENT((#11073));
#11073 = SURFACE_STYLE_USAGE(.BOTH.,#11074);
#11074 = SURFACE_SIDE_STYLE('',(#11075));
#11075 = SURFACE_STYLE_FILL_AREA(#11076);
#11076 = FILL_AREA_STYLE('',(#11077));
#11077 = FILL_AREA_STYLE_COLOUR('',#9844);
#11078 = STYLED_ITEM('color',(#11079),#1115);
#11079 = PRESENTATION_STYLE_ASSIGNMENT((#11080));
#11080 = SURFACE_STYLE_USAGE(.BOTH.,#11081);
#11081 = SURFACE_SIDE_STYLE('',(#11082));
#11082 = SURFACE_STYLE_FILL_AREA(#11083);
#11083 = FILL_AREA_STYLE('',(#11084));
#11084 = FILL_AREA_STYLE_COLOUR('',#9844);
#11085 = STYLED_ITEM('color',(#11086),#1139);
#11086 = PRESENTATION_STYLE_ASSIGNMENT((#11087));
#11087 = SURFACE_STYLE_USAGE(.BOTH.,#11088);
#11088 = SURFACE_SIDE_STYLE('',(#11089));
#11089 = SURFACE_STYLE_FILL_AREA(#11090);
#11090 = FILL_AREA_STYLE('',(#11091));
#11091 = FILL_AREA_STYLE_COLOUR('',#9844);
#11092 = STYLED_ITEM('color',(#11093),#1163);
#11093 = PRESENTATION_STYLE_ASSIGNMENT((#11094));
#11094 = SURFACE_STYLE_USAGE(.BOTH.,#11095);
#11095 = SURFACE_SIDE_STYLE('',(#11096));
#11096 = SURFACE_STYLE_FILL_AREA(#11097);
#11097 = FILL_AREA_STYLE('',(#11098));
#11098 = FILL_AREA_STYLE_COLOUR('',#9844);
#11099 = STYLED_ITEM('color',(#11100),#1180);
#11100 = PRESENTATION_STYLE_ASSIGNMENT((#11101));
#11101 = SURFACE_STYLE_USAGE(.BOTH.,#11102);
#11102 = SURFACE_SIDE_STYLE('',(#11103));
#11103 = SURFACE_STYLE_FILL_AREA(#11104);
#11104 = FILL_AREA_STYLE('',(#11105));
#11105 = FILL_AREA_STYLE_COLOUR('',#9844);
#11106 = STYLED_ITEM('color',(#11107),#1211);
#11107 = PRESENTATION_STYLE_ASSIGNMENT((#11108));
#11108 = SURFACE_STYLE_USAGE(.BOTH.,#11109);
#11109 = SURFACE_SIDE_STYLE('',(#11110));
#11110 = SURFACE_STYLE_FILL_AREA(#11111);
#11111 = FILL_AREA_STYLE('',(#11112));
#11112 = FILL_AREA_STYLE_COLOUR('',#9844);
#11113 = STYLED_ITEM('color',(#11114),#1235);
#11114 = PRESENTATION_STYLE_ASSIGNMENT((#11115));
#11115 = SURFACE_STYLE_USAGE(.BOTH.,#11116);
#11116 = SURFACE_SIDE_STYLE('',(#11117));
#11117 = SURFACE_STYLE_FILL_AREA(#11118);
#11118 = FILL_AREA_STYLE('',(#11119));
#11119 = FILL_AREA_STYLE_COLOUR('',#9844);
#11120 = STYLED_ITEM('color',(#11121),#1259);
#11121 = PRESENTATION_STYLE_ASSIGNMENT((#11122));
#11122 = SURFACE_STYLE_USAGE(.BOTH.,#11123);
#11123 = SURFACE_SIDE_STYLE('',(#11124));
#11124 = SURFACE_STYLE_FILL_AREA(#11125);
#11125 = FILL_AREA_STYLE('',(#11126));
#11126 = FILL_AREA_STYLE_COLOUR('',#9844);
#11127 = STYLED_ITEM('color',(#11128),#1276);
#11128 = PRESENTATION_STYLE_ASSIGNMENT((#11129));
#11129 = SURFACE_STYLE_USAGE(.BOTH.,#11130);
#11130 = SURFACE_SIDE_STYLE('',(#11131));
#11131 = SURFACE_STYLE_FILL_AREA(#11132);
#11132 = FILL_AREA_STYLE('',(#11133));
#11133 = FILL_AREA_STYLE_COLOUR('',#9844);
#11134 = STYLED_ITEM('color',(#11135),#1307);
#11135 = PRESENTATION_STYLE_ASSIGNMENT((#11136));
#11136 = SURFACE_STYLE_USAGE(.BOTH.,#11137);
#11137 = SURFACE_SIDE_STYLE('',(#11138));
#11138 = SURFACE_STYLE_FILL_AREA(#11139);
#11139 = FILL_AREA_STYLE('',(#11140));
#11140 = FILL_AREA_STYLE_COLOUR('',#9844);
#11141 = STYLED_ITEM('color',(#11142),#1331);
#11142 = PRESENTATION_STYLE_ASSIGNMENT((#11143));
#11143 = SURFACE_STYLE_USAGE(.BOTH.,#11144);
#11144 = SURFACE_SIDE_STYLE('',(#11145));
#11145 = SURFACE_STYLE_FILL_AREA(#11146);
#11146 = FILL_AREA_STYLE('',(#11147));
#11147 = FILL_AREA_STYLE_COLOUR('',#9844);
#11148 = STYLED_ITEM('color',(#11149),#1355);
#11149 = PRESENTATION_STYLE_ASSIGNMENT((#11150));
#11150 = SURFACE_STYLE_USAGE(.BOTH.,#11151);
#11151 = SURFACE_SIDE_STYLE('',(#11152));
#11152 = SURFACE_STYLE_FILL_AREA(#11153);
#11153 = FILL_AREA_STYLE('',(#11154));
#11154 = FILL_AREA_STYLE_COLOUR('',#9844);
#11155 = STYLED_ITEM('color',(#11156),#1372);
#11156 = PRESENTATION_STYLE_ASSIGNMENT((#11157));
#11157 = SURFACE_STYLE_USAGE(.BOTH.,#11158);
#11158 = SURFACE_SIDE_STYLE('',(#11159));
#11159 = SURFACE_STYLE_FILL_AREA(#11160);
#11160 = FILL_AREA_STYLE('',(#11161));
#11161 = FILL_AREA_STYLE_COLOUR('',#9844);
#11162 = STYLED_ITEM('color',(#11163),#1403);
#11163 = PRESENTATION_STYLE_ASSIGNMENT((#11164));
#11164 = SURFACE_STYLE_USAGE(.BOTH.,#11165);
#11165 = SURFACE_SIDE_STYLE('',(#11166));
#11166 = SURFACE_STYLE_FILL_AREA(#11167);
#11167 = FILL_AREA_STYLE('',(#11168));
#11168 = FILL_AREA_STYLE_COLOUR('',#9844);
#11169 = STYLED_ITEM('color',(#11170),#1427);
#11170 = PRESENTATION_STYLE_ASSIGNMENT((#11171));
#11171 = SURFACE_STYLE_USAGE(.BOTH.,#11172);
#11172 = SURFACE_SIDE_STYLE('',(#11173));
#11173 = SURFACE_STYLE_FILL_AREA(#11174);
#11174 = FILL_AREA_STYLE('',(#11175));
#11175 = FILL_AREA_STYLE_COLOUR('',#9844);
#11176 = STYLED_ITEM('color',(#11177),#1451);
#11177 = PRESENTATION_STYLE_ASSIGNMENT((#11178));
#11178 = SURFACE_STYLE_USAGE(.BOTH.,#11179);
#11179 = SURFACE_SIDE_STYLE('',(#11180));
#11180 = SURFACE_STYLE_FILL_AREA(#11181);
#11181 = FILL_AREA_STYLE('',(#11182));
#11182 = FILL_AREA_STYLE_COLOUR('',#9844);
#11183 = STYLED_ITEM('color',(#11184),#1468);
#11184 = PRESENTATION_STYLE_ASSIGNMENT((#11185));
#11185 = SURFACE_STYLE_USAGE(.BOTH.,#11186);
#11186 = SURFACE_SIDE_STYLE('',(#11187));
#11187 = SURFACE_STYLE_FILL_AREA(#11188);
#11188 = FILL_AREA_STYLE('',(#11189));
#11189 = FILL_AREA_STYLE_COLOUR('',#9844);
#11190 = STYLED_ITEM('color',(#11191),#1480);
#11191 = PRESENTATION_STYLE_ASSIGNMENT((#11192));
#11192 = SURFACE_STYLE_USAGE(.BOTH.,#11193);
#11193 = SURFACE_SIDE_STYLE('',(#11194));
#11194 = SURFACE_STYLE_FILL_AREA(#11195);
#11195 = FILL_AREA_STYLE('',(#11196));
#11196 = FILL_AREA_STYLE_COLOUR('',#9844);
#11197 = STYLED_ITEM('color',(#11198),#1492);
#11198 = PRESENTATION_STYLE_ASSIGNMENT((#11199));
#11199 = SURFACE_STYLE_USAGE(.BOTH.,#11200);
#11200 = SURFACE_SIDE_STYLE('',(#11201));
#11201 = SURFACE_STYLE_FILL_AREA(#11202);
#11202 = FILL_AREA_STYLE('',(#11203));
#11203 = FILL_AREA_STYLE_COLOUR('',#9844);
#11204 = STYLED_ITEM('color',(#11205),#1504);
#11205 = PRESENTATION_STYLE_ASSIGNMENT((#11206));
#11206 = SURFACE_STYLE_USAGE(.BOTH.,#11207);
#11207 = SURFACE_SIDE_STYLE('',(#11208));
#11208 = SURFACE_STYLE_FILL_AREA(#11209);
#11209 = FILL_AREA_STYLE('',(#11210));
#11210 = FILL_AREA_STYLE_COLOUR('',#9844);
ENDSEC;
END-ISO-10303-21;
